X,Y,Z,Value
1.0,0.0,0.0,0.986614
1.0,0.005208333333333333,0.0,0.987289
1.0,0.010416666666666666,0.0,0.98793
1.0,0.015625,0.0,0.98854
1.0,0.020833333333333332,0.0,0.989118
1.0,0.026041666666666664,0.0,0.989667
1.0,0.03125,0.0,0.990189
1.0,0.03645833333333333,0.0,0.990685
1.0,0.041666666666666664,0.0,0.991155
1.0,0.046875,0.0,0.991602
1.0,0.05208333333333333,0.0,0.992027
1.0,0.057291666666666664,0.0,0.99243
1.0,0.0625,0.0,0.992813
1.0,0.06770833333333333,0.0,0.993176
1.0,0.07291666666666666,0.0,0.993521
1.0,0.078125,0.0,0.993849
1.0,0.08333333333333333,0.0,0.994161
1.0,0.08854166666666666,0.0,0.994456
1.0,0.09375,0.0,0.994737
1.0,0.09895833333333333,0.0,0.995003
1.0,0.10416666666666666,0.0,0.995256
1.0,0.109375,0.0,0.995496
1.0,0.11458333333333333,0.0,0.995724
1.0,0.11979166666666666,0.0,0.995941
1.0,0.125,0.0,0.996147
1.0,0.13020833333333331,0.0,0.996342
1.0,0.13541666666666666,0.0,0.996527
1.0,0.140625,0.0,0.996703
1.0,0.14583333333333331,0.0,0.99687
1.0,0.15104166666666666,0.0,0.997029
1.0,0.15625,0.0,0.997179
1.0,0.16145833333333331,0.0,0.997322
1.0,0.16666666666666666,0.0,0.997458
1.0,0.171875,0.0,0.997587
1.0,0.17708333333333331,0.0,0.997709
1.0,0.18229166666666666,0.0,0.997825
1.0,0.1875,0.0,0.997936
1.0,0.19270833333333331,0.0,0.99804
1.0,0.19791666666666666,0.0,0.99814
1.0,0.203125,0.0,0.998234
1.0,0.20833333333333331,0.0,0.998323
1.0,0.21354166666666666,0.0,0.998408
1.0,0.21875,0.0,0.998489
1.0,0.22395833333333331,0.0,0.998566
1.0,0.22916666666666666,0.0,0.998639
1.0,0.234375,0.0,0.998708
1.0,0.23958333333333331,0.0,0.998773
1.0,0.24479166666666666,0.0,0.998835
1.0,0.25,0.0,0.998894
1.0,0.2552083333333333,0.0,0.998951
1.0,0.26041666666666663,0.0,0.999004
1.0,0.265625,0.0,0.999054
1.0,0.2708333333333333,0.0,0.999102
1.0,0.27604166666666663,0.0,0.999148
1.0,0.28125,0.0,0.999191
1.0,0.2864583333333333,0.0,0.999232
1.0,0.29166666666666663,0.0,0.999271
1.0,0.296875,0.0,0.999308
1.0,0.3020833333333333,0.0,0.999343
1.0,0.30729166666666663,0.0,0.999376
1.0,0.3125,0.0,0.999408
1.0,0.3177083333333333,0.0,0.999438
1.0,0.32291666666666663,0.0,0.999467
1.0,0.328125,0.0,0.999494
1.0,0.3333333333333333,0.0,0.999519
1.0,0.33854166666666663,0.0,0.999544
1.0,0.34375,0.0,0.999567
1.0,0.3489583333333333,0.0,0.999589
1.0,0.35416666666666663,0.0,0.99961
1.0,0.359375,0.0,0.99963
1.0,0.3645833333333333,0.0,0.999648
1.0,0.36979166666666663,0.0,0.999666
1.0,0.375,0.0,0.999683
1.0,0.3802083333333333,0.0,0.999699
1.0,0.38541666666666663,0.0,0.999714
1.0,0.390625,0.0,0.999729
1.0,0.3958333333333333,0.0,0.999743
1.0,0.40104166666666663,0.0,0.999756
1.0,0.40625,0.0,0.999768
1.0,0.4114583333333333,0.0,0.99978
1.0,0.41666666666666663,0.0,0.999791
1.0,0.421875,0.0,0.999802
1.0,0.4270833333333333,0.0,0.999812
1.0,0.43229166666666663,0.0,0.999821
1.0,0.4375,0.0,0.99983
1.0,0.4427083333333333,0.0,0.999839
1.0,0.44791666666666663,0.0,0.999847
1.0,0.453125,0.0,0.999855
1.0,0.4583333333333333,0.0,0.999862
1.0,0.46354166666666663,0.0,0.999869
1.0,0.46875,0.0,0.999876
1.0,0.4739583333333333,0.0,0.999882
1.0,0.47916666666666663,0.0,0.999888
1.0,0.484375,0.0,0.999894
1.0,0.4895833333333333,0.0,0.999899
1.0,0.49479166666666663,0.0,0.999904
1.0,0.5,0.0,0.999909
0.9791666666666666,0.0,0.0,0.983539
0.9791666666666666,0.005208333333333333,0.0,0.984368
0.9791666666666666,0.010416666666666666,0.0,0.985156
0.9791666666666666,0.015625,0.0,0.985904
0.9791666666666666,0.020833333333333332,0.0,0.986614
0.9791666666666666,0.026041666666666664,0.0,0.987289
0.9791666666666666,0.03125,0.0,0.98793
0.9791666666666666,0.03645833333333333,0.0,0.988539
0.9791666666666666,0.041666666666666664,0.0,0.989118
0.9791666666666666,0.046875,0.0,0.989667
0.9791666666666666,0.05208333333333333,0.0,0.990189
0.9791666666666666,0.057291666666666664,0.0,0.990685
0.9791666666666666,0.0625,0.0,0.991155
0.9791666666666666,0.06770833333333333,0.0,0.991602
0.9791666666666666,0.07291666666666666,0.0,0.992027
0.9791666666666666,0.078125,0.0,0.99243
0.9791666666666666,0.08333333333333333,0.0,0.992813
0.9791666666666666,0.08854166666666666,0.0,0.993176
0.9791666666666666,0.09375,0.0,0.993521
0.9791666666666666,0.09895833333333333,0.0,0.993849
0.9791666666666666,0.10416666666666666,0.0,0.99416
0.9791666666666666,0.109375,0.0,0.994456
0.9791666666666666,0.11458333333333333,0.0,0.994737
0.9791666666666666,0.11979166666666666,0.0,0.995003
0.9791666666666666,0.125,0.0,0.995256
0.9791666666666666,0.13020833333333331,0.0,0.995496
0.9791666666666666,0.13541666666666666,0.0,0.995724
0.9791666666666666,0.140625,0.0,0.995941
0.9791666666666666,0.14583333333333331,0.0,0.996146
0.9791666666666666,0.15104166666666666,0.0,0.996342
0.9791666666666666,0.15625,0.0,0.996527
0.9791666666666666,0.16145833333333331,0.0,0.996703
0.9791666666666666,0.16666666666666666,0.0,0.99687
0.9791666666666666,0.171875,0.0,0.997029
0.9791666666666666,0.17708333333333331,0.0,0.997179
0.9791666666666666,0.18229166666666666,0.0,0.997322
0.9791666666666666,0.1875,0.0,0.997458
0.9791666666666666,0.19270833333333331,0.0,0.997587
0.9791666666666666,0.19791666666666666,0.0,0.997709
0.9791666666666666,0.203125,0.0,0.997825
0.9791666666666666,0.20833333333333331,0.0,0.997935
0.9791666666666666,0.21354166666666666,0.0,0.99804
0.9791666666666666,0.21875,0.0,0.99814
0.9791666666666666,0.22395833333333331,0.0,0.998234
0.9791666666666666,0.22916666666666666,0.0,0.998323
0.9791666666666666,0.234375,0.0,0.998408
0.9791666666666666,0.23958333333333331,0.0,0.998489
0.9791666666666666,0.24479166666666666,0.0,0.998566
0.9791666666666666,0.25,0.0,0.998638
0.9791666666666666,0.2552083333333333,0.0,0.998708
0.9791666666666666,0.26041666666666663,0.0,0.998773
0.9791666666666666,0.265625,0.0,0.998835
0.9791666666666666,0.2708333333333333,0.0,0.998894
0.9791666666666666,0.27604166666666663,0.0,0.99895
0.9791666666666666,0.28125,0.0,0.999004
0.9791666666666666,0.2864583333333333,0.0,0.999054
0.9791666666666666,0.29166666666666663,0.0,0.999102
0.9791666666666666,0.296875,0.0,0.999148
0.9791666666666666,0.3020833333333333,0.0,0.999191
0.9791666666666666,0.30729166666666663,0.0,0.999232
0.9791666666666666,0.3125,0.0,0.999271
0.9791666666666666,0.3177083333333333,0.0,0.999308
0.9791666666666666,0.32291666666666663,0.0,0.999343
0.9791666666666666,0.328125,0.0,0.999376
0.9791666666666666,0.3333333333333333,0.0,0.999408
0.9791666666666666,0.33854166666666663,0.0,0.999438
0.9791666666666666,0.34375,0.0,0.999467
0.9791666666666666,0.3489583333333333,0.0,0.999494
0.9791666666666666,0.35416666666666663,0.0,0.999519
0.9791666666666666,0.359375,0.0,0.999544
0.9791666666666666,0.3645833333333333,0.0,0.999567
0.9791666666666666,0.36979166666666663,0.0,0.999589
0.9791666666666666,0.375,0.0,0.99961
0.9791666666666666,0.3802083333333333,0.0,0.99963
0.9791666666666666,0.38541666666666663,0.0,0.999648
0.9791666666666666,0.390625,0.0,0.999666
0.9791666666666666,0.3958333333333333,0.0,0.999683
0.9791666666666666,0.40104166666666663,0.0,0.999699
0.9791666666666666,0.40625,0.0,0.999714
0.9791666666666666,0.4114583333333333,0.0,0.999729
0.9791666666666666,0.41666666666666663,0.0,0.999743
0.9791666666666666,0.421875,0.0,0.999756
0.9791666666666666,0.4270833333333333,0.0,0.999768
0.9791666666666666,0.43229166666666663,0.0,0.99978
0.9791666666666666,0.4375,0.0,0.999791
0.9791666666666666,0.4427083333333333,0.0,0.999802
0.9791666666666666,0.44791666666666663,0.0,0.999812
0.9791666666666666,0.453125,0.0,0.999821
0.9791666666666666,0.4583333333333333,0.0,0.99983
0.9791666666666666,0.46354166666666663,0.0,0.999839
0.9791666666666666,0.46875,0.0,0.999847
0.9791666666666666,0.4739583333333333,0.0,0.999855
0.9791666666666666,0.47916666666666663,0.0,0.999862
0.9791666666666666,0.484375,0.0,0.999869
0.9791666666666666,0.4895833333333333,0.0,0.999876
0.9791666666666666,0.49479166666666663,0.0,0.999882
0.9791666666666666,0.5,0.0,0.999888
0.9583333333333334,0.0,0.0,0.979765
0.9583333333333334,0.005208333333333333,0.0,0.980782
0.9583333333333334,0.010416666666666666,0.0,0.981749
0.9583333333333334,0.015625,0.0,0.982667
0.9583333333333334,0.020833333333333332,0.0,0.983539
0.9583333333333334,0.026041666666666664,0.0,0.984368
0.9583333333333334,0.03125,0.0,0.985156
0.9583333333333334,0.03645833333333333,0.0,0.985904
0.9583333333333334,0.041666666666666664,0.0,0.986614
0.9583333333333334,0.046875,0.0,0.987289
0.9583333333333334,0.05208333333333333,0.0,0.98793
0.9583333333333334,0.057291666666666664,0.0,0.988539
0.9583333333333334,0.0625,0.0,0.989118
0.9583333333333334,0.06770833333333333,0.0,0.989667
0.9583333333333334,0.07291666666666666,0.0,0.990189
0.9583333333333334,0.078125,0.0,0.990685
0.9583333333333334,0.08333333333333333,0.0,0.991155
0.9583333333333334,0.08854166666666666,0.0,0.991602
0.9583333333333334,0.09375,0.0,0.992027
0.9583333333333334,0.09895833333333333,0.0,0.99243
0.9583333333333334,0.10416666666666666,0.0,0.992813
0.9583333333333334,0.109375,0.0,0.993176
0.9583333333333334,0.11458333333333333,0.0,0.993521
0.9583333333333334,0.11979166666666666,0.0,0.993849
0.9583333333333334,0.125,0.0,0.99416
0.9583333333333334,0.13020833333333331,0.0,0.994456
0.9583333333333334,0.13541666666666666,0.0,0.994737
0.9583333333333334,0.140625,0.0,0.995003
0.9583333333333334,0.14583333333333331,0.0,0.995256
0.9583333333333334,0.15104166666666666,0.0,0.995496
0.9583333333333334,0.15625,0.0,0.995724
0.9583333333333334,0.16145833333333331,0.0,0.995941
0.9583333333333334,0.16666666666666666,0.0,0.996146
0.9583333333333334,0.171875,0.0,0.996342
0.9583333333333334,0.17708333333333331,0.0,0.996527
0.9583333333333334,0.18229166666666666,0.0,0.996703
0.9583333333333334,0.1875,0.0,0.99687
0.9583333333333334,0.19270833333333331,0.0,0.997029
0.9583333333333334,0.19791666666666666,0.0,0.997179
0.9583333333333334,0.203125,0.0,0.997322
0.9583333333333334,0.20833333333333331,0.0,0.997458
0.9583333333333334,0.21354166666666666,0.0,0.997587
0.9583333333333334,0.21875,0.0,0.997709
0.9583333333333334,0.22395833333333331,0.0,0.997825
0.9583333333333334,0.22916666666666666,0.0,0.997935
0.9583333333333334,0.234375,0.0,0.99804
0.9583333333333334,0.23958333333333331,0.0,0.998139
0.9583333333333334,0.24479166666666666,0.0,0.998234
0.9583333333333334,0.25,0.0,0.998323
0.9583333333333334,0.2552083333333333,0.0,0.998408
0.9583333333333334,0.26041666666666663,0.0,0.998489
0.9583333333333334,0.265625,0.0,0.998566
0.9583333333333334,0.2708333333333333,0.0,0.998638
0.9583333333333334,0.27604166666666663,0.0,0.998708
0.9583333333333334,0.28125,0.0,0.998773
0.9583333333333334,0.2864583333333333,0.0,0.998835
0.9583333333333334,0.29166666666666663,0.0,0.998894
0.9583333333333334,0.296875,0.0,0.99895
0.9583333333333334,0.3020833333333333,0.0,0.999004
0.9583333333333334,0.30729166666666663,0.0,0.999054
0.9583333333333334,0.3125,0.0,0.999102
0.9583333333333334,0.3177083333333333,0.0,0.999148
0.9583333333333334,0.32291666666666663,0.0,0.999191
0.9583333333333334,0.328125,0.0,0.999232
0.9583333333333334,0.3333333333333333,0.0,0.999271
0.9583333333333334,0.33854166666666663,0.0,0.999308
0.9583333333333334,0.34375,0.0,0.999343
0.9583333333333334,0.3489583333333333,0.0,0.999376
0.9583333333333334,0.35416666666666663,0.0,0.999408
0.9583333333333334,0.359375,0.0,0.999438
0.9583333333333334,0.3645833333333333,0.0,0.999467
0.9583333333333334,0.36979166666666663,0.0,0.999494
0.9583333333333334,0.375,0.0,0.999519
0.9583333333333334,0.3802083333333333,0.0,0.999544
0.9583333333333334,0.38541666666666663,0.0,0.999567
0.9583333333333334,0.390625,0.0,0.999589
0.9583333333333334,0.3958333333333333,0.0,0.99961
0.9583333333333334,0.40104166666666663,0.0,0.99963
0.9583333333333334,0.40625,0.0,0.999648
0.9583333333333334,0.4114583333333333,0.0,0.999666
0.9583333333333334,0.41666666666666663,0.0,0.999683
0.9583333333333334,0.421875,0.0,0.999699
0.9583333333333334,0.4270833333333333,0.0,0.999714
0.9583333333333334,0.43229166666666663,0.0,0.999729
0.9583333333333334,0.4375,0.0,0.999743
0.9583333333333334,0.4427083333333333,0.0,0.999756
0.9583333333333334,0.44791666666666663,0.0,0.999768
0.9583333333333334,0.453125,0.0,0.99978
0.9583333333333334,0.4583333333333333,0.0,0.999791
0.9583333333333334,0.46354166666666663,0.0,0.999802
0.9583333333333334,0.46875,0.0,0.999812
0.9583333333333334,0.4739583333333333,0.0,0.999821
0.9583333333333334,0.47916666666666663,0.0,0.99983
0.9583333333333334,0.484375,0.0,0.999839
0.9583333333333334,0.4895833333333333,0.0,0.999847
0.9583333333333334,0.49479166666666663,0.0,0.999855
0.9583333333333334,0.5,0.0,0.999862
0.9375,0.0,0.0,0.975137
0.9375,0.005208333333333333,0.0,0.976384
0.9375,0.010416666666666666,0.0,0.977569
0.9375,0.015625,0.0,0.978695
0.9375,0.020833333333333332,0.0,0.979765
0.9375,0.026041666666666664,0.0,0.980782
0.9375,0.03125,0.0,0.981749
0.9375,0.03645833333333333,0.0,0.982667
0.9375,0.041666666666666664,0.0,0.983539
0.9375,0.046875,0.0,0.984368
0.9375,0.05208333333333333,0.0,0.985155
0.9375,0.057291666666666664,0.0,0.985904
0.9375,0.0625,0.0,0.986614
0.9375,0.06770833333333333,0.0,0.987289
0.9375,0.07291666666666666,0.0,0.98793
0.9375,0.078125,0.0,0.988539
0.9375,0.08333333333333333,0.0,0.989118
0.9375,0.08854166666666666,0.0,0.989667
0.9375,0.09375,0.0,0.990189
0.9375,0.09895833333333333,0.0,0.990685
0.9375,0.10416666666666666,0.0,0.991155
0.9375,0.109375,0.0,0.991602
0.9375,0.11458333333333333,0.0,0.992027
0.9375,0.11979166666666666,0.0,0.99243
0.9375,0.125,0.0,0.992813
0.9375,0.13020833333333331,0.0,0.993176
0.9375,0.13541666666666666,0.0,0.993521
0.9375,0.140625,0.0,0.993849
0.9375,0.14583333333333331,0.0,0.99416
0.9375,0.15104166666666666,0.0,0.994456
0.9375,0.15625,0.0,0.994736
0.9375,0.16145833333333331,0.0,0.995003
0.9375,0.16666666666666666,0.0,0.995256
0.9375,0.171875,0.0,0.995496
0.9375,0.17708333333333331,0.0,0.995724
0.9375,0.18229166666666666,0.0,0.995941
0.9375,0.1875,0.0,0.996146
0.9375,0.19270833333333331,0.0,0.996342
0.9375,0.19791666666666666,0.0,0.996527
0.9375,0.203125,0.0,0.996703
0.9375,0.20833333333333331,0.0,0.99687
0.9375,0.21354166666666666,0.0,0.997029
0.9375,0.21875,0.0,0.997179
0.9375,0.22395833333333331,0.0,0.997322
0.9375,0.22916666666666666,0.0,0.997458
0.9375,0.234375,0.0,0.997587
0.9375,0.23958333333333331,0.0,0.997709
0.9375,0.24479166666666666,0.0,0.997825
0.9375,0.25,0.0,0.997935
0.9375,0.2552083333333333,0.0,0.99804
0.9375,0.26041666666666663,0.0,0.998139
0.9375,0.265625,0.0,0.998234
0.9375,0.2708333333333333,0.0,0.998323
0.9375,0.27604166666666663,0.0,0.998408
0.9375,0.28125,0.0,0.998489
0.9375,0.2864583333333333,0.0,0.998566
0.9375,0.29166666666666663,0.0,0.998638
0.9375,0.296875,0.0,0.998707
0.9375,0.3020833333333333,0.0,0.998773
0.9375,0.30729166666666663,0.0,0.998835
0.9375,0.3125,0.0,0.998894
0.9375,0.3177083333333333,0.0,0.99895
0.9375,0.32291666666666663,0.0,0.999004
0.9375,0.328125,0.0,0.999054
0.9375,0.3333333333333333,0.0,0.999102
0.9375,0.33854166666666663,0.0,0.999148
0.9375,0.34375,0.0,0.999191
0.9375,0.3489583333333333,0.0,0.999232
0.9375,0.35416666666666663,0.0,0.999271
0.9375,0.359375,0.0,0.999308
0.9375,0.3645833333333333,0.0,0.999343
0.9375,0.36979166666666663,0.0,0.999376
0.9375,0.375,0.0,0.999408
0.9375,0.3802083333333333,0.0,0.999438
0.9375,0.38541666666666663,0.0,0.999467
0.9375,0.390625,0.0,0.999494
0.9375,0.3958333333333333,0.0,0.999519
0.9375,0.40104166666666663,0.0,0.999544
0.9375,0.40625,0.0,0.999567
0.9375,0.4114583333333333,0.0,0.999589
0.9375,0.41666666666666663,0.0,0.99961
0.9375,0.421875,0.0,0.999629
0.9375,0.4270833333333333,0.0,0.999648
0.9375,0.43229166666666663,0.0,0.999666
0.9375,0.4375,0.0,0.999683
0.9375,0.4427083333333333,0.0,0.999699
0.9375,0.44791666666666663,0.0,0.999714
0.9375,0.453125,0.0,0.999729
0.9375,0.4583333333333333,0.0,0.999743
0.9375,0.46354166666666663,0.0,0.999756
0.9375,0.46875,0.0,0.999768
0.9375,0.4739583333333333,0.0,0.99978
0.9375,0.47916666666666663,0.0,0.999791
0.9375,0.484375,0.0,0.999802
0.9375,0.4895833333333333,0.0,0.999812
0.9375,0.49479166666666663,0.0,0.999821
0.9375,0.5,0.0,0.99983
0.9166666666666666,0.0,0.0,0.969466
0.9166666666666666,0.005208333333333333,0.0,0.970993
0.9166666666666666,0.010416666666666666,0.0,0.972445
0.9166666666666666,0.015625,0.0,0.973825
0.9166666666666666,0.020833333333333332,0.0,0.975137
0.9166666666666666,0.026041666666666664,0.0,0.976384
0.9166666666666666,0.03125,0.0,0.977569
0.9166666666666666,0.03645833333333333,0.0,0.978695
0.9166666666666666,0.041666666666666664,0.0,0.979765
0.9166666666666666,0.046875,0.0,0.980782
0.9166666666666666,0.05208333333333333,0.0,0.981749
0.9166666666666666,0.057291666666666664,0.0,0.982667
0.9166666666666666,0.0625,0.0,0.983539
0.9166666666666666,0.06770833333333333,0.0,0.984368
0.9166666666666666,0.07291666666666666,0.0,0.985156
0.9166666666666666,0.078125,0.0,0.985904
0.9166666666666666,0.08333333333333333,0.0,0.986614
0.9166666666666666,0.08854166666666666,0.0,0.987289
0.9166666666666666,0.09375,0.0,0.98793
0.9166666666666666,0.09895833333333333,0.0,0.988539
0.9166666666666666,0.10416666666666666,0.0,0.989118
0.9166666666666666,0.109375,0.0,0.989667
0.9166666666666666,0.11458333333333333,0.0,0.990189
0.9166666666666666,0.11979166666666666,0.0,0.990685
0.9166666666666666,0.125,0.0,0.991155
0.9166666666666666,0.13020833333333331,0.0,0.991602
0.9166666666666666,0.13541666666666666,0.0,0.992027
0.9166666666666666,0.140625,0.0,0.99243
0.9166666666666666,0.14583333333333331,0.0,0.992813
0.9166666666666666,0.15104166666666666,0.0,0.993176
0.9166666666666666,0.15625,0.0,0.993521
0.9166666666666666,0.16145833333333331,0.0,0.993849
0.9166666666666666,0.16666666666666666,0.0,0.99416
0.9166666666666666,0.171875,0.0,0.994456
0.9166666666666666,0.17708333333333331,0.0,0.994736
0.9166666666666666,0.18229166666666666,0.0,0.995003
0.9166666666666666,0.1875,0.0,0.995256
0.9166666666666666,0.19270833333333331,0.0,0.995496
0.9166666666666666,0.19791666666666666,0.0,0.995724
0.9166666666666666,0.203125,0.0,0.995941
0.9166666666666666,0.20833333333333331,0.0,0.996146
0.9166666666666666,0.21354166666666666,0.0,0.996341
0.9166666666666666,0.21875,0.0,0.996527
0.9166666666666666,0.22395833333333331,0.0,0.996703
0.9166666666666666,0.22916666666666666,0.0,0.99687
0.9166666666666666,0.234375,0.0,0.997028
0.9166666666666666,0.23958333333333331,0.0,0.997179
0.9166666666666666,0.24479166666666666,0.0,0.997322
0.9166666666666666,0.25,0.0,0.997458
0.9166666666666666,0.2552083333333333,0.0,0.997587
0.9166666666666666,0.26041666666666663,0.0,0.997709
0.9166666666666666,0.265625,0.0,0.997825
0.9166666666666666,0.2708333333333333,0.0,0.997935
0.9166666666666666,0.27604166666666663,0.0,0.99804
0.9166666666666666,0.28125,0.0,0.998139
0.9166666666666666,0.2864583333333333,0.0,0.998234
0.9166666666666666,0.29166666666666663,0.0,0.998323
0.9166666666666666,0.296875,0.0,0.998408
0.9166666666666666,0.3020833333333333,0.0,0.998489
0.9166666666666666,0.30729166666666663,0.0,0.998566
0.9166666666666666,0.3125,0.0,0.998638
0.9166666666666666,0.3177083333333333,0.0,0.998707
0.9166666666666666,0.32291666666666663,0.0,0.998773
0.9166666666666666,0.328125,0.0,0.998835
0.9166666666666666,0.3333333333333333,0.0,0.998894
0.9166666666666666,0.33854166666666663,0.0,0.99895
0.9166666666666666,0.34375,0.0,0.999004
0.9166666666666666,0.3489583333333333,0.0,0.999054
0.9166666666666666,0.35416666666666663,0.0,0.999102
0.9166666666666666,0.359375,0.0,0.999148
0.9166666666666666,0.3645833333333333,0.0,0.999191
0.9166666666666666,0.36979166666666663,0.0,0.999232
0.9166666666666666,0.375,0.0,0.999271
0.9166666666666666,0.3802083333333333,0.0,0.999308
0.9166666666666666,0.38541666666666663,0.0,0.999343
0.9166666666666666,0.390625,0.0,0.999376
0.9166666666666666,0.3958333333333333,0.0,0.999408
0.9166666666666666,0.40104166666666663,0.0,0.999438
0.9166666666666666,0.40625,0.0,0.999467
0.9166666666666666,0.4114583333333333,0.0,0.999494
0.9166666666666666,0.41666666666666663,0.0,0.999519
0.9166666666666666,0.421875,0.0,0.999544
0.9166666666666666,0.4270833333333333,0.0,0.999567
0.9166666666666666,0.43229166666666663,0.0,0.999589
0.9166666666666666,0.4375,0.0,0.99961
0.9166666666666666,0.4427083333333333,0.0,0.999629
0.9166666666666666,0.44791666666666663,0.0,0.999648
0.9166666666666666,0.453125,0.0,0.999666
0.9166666666666666,0.4583333333333333,0.0,0.999683
0.9166666666666666,0.46354166666666663,0.0,0.999699
0.9166666666666666,0.46875,0.0,0.999714
0.9166666666666666,0.4739583333333333,0.0,0.999729
0.9166666666666666,0.47916666666666663,0.0,0.999743
0.9166666666666666,0.484375,0.0,0.999756
0.9166666666666666,0.4895833333333333,0.0,0.999768
0.9166666666666666,0.49479166666666663,0.0,0.99978
0.9166666666666666,0.5,0.0,0.999791
0.8958333333333334,0.0,0.0,0.962526
0.8958333333333334,0.005208333333333333,0.0,0.964394
0.8958333333333334,0.010416666666666666,0.0,0.96617
0.8958333333333334,0.015625,0.0,0.967859
0.8958333333333334,0.020833333333333332,0.0,0.969466
0.8958333333333334,0.026041666666666664,0.0,0.970993
0.8958333333333334,0.03125,0.0,0.972445
0.8958333333333334,0.03645833333333333,0.0,0.973825
0.8958333333333334,0.041666666666666664,0.0,0.975137
0.8958333333333334,0.046875,0.0,0.976384
0.8958333333333334,0.05208333333333333,0.0,0.977569
0.8958333333333334,0.057291666666666664,0.0,0.978695
0.8958333333333334,0.0625,0.0,0.979765
0.8958333333333334,0.06770833333333333,0.0,0.980782
0.8958333333333334,0.07291666666666666,0.0,0.981749
0.8958333333333334,0.078125,0.0,0.982667
0.8958333333333334,0.08333333333333333,0.0,0.983539
0.8958333333333334,0.08854166666666666,0.0,0.984368
0.8958333333333334,0.09375,0.0,0.985156
0.8958333333333334,0.09895833333333333,0.0,0.985904
0.8958333333333334,0.10416666666666666,0.0,0.986614
0.8958333333333334,0.109375,0.0,0.987289
0.8958333333333334,0.11458333333333333,0.0,0.98793
0.8958333333333334,0.11979166666666666,0.0,0.988539
0.8958333333333334,0.125,0.0,0.989118
0.8958333333333334,0.13020833333333331,0.0,0.989667
0.8958333333333334,0.13541666666666666,0.0,0.990189
0.8958333333333334,0.140625,0.0,0.990685
0.8958333333333334,0.14583333333333331,0.0,0.991155
0.8958333333333334,0.15104166666666666,0.0,0.991602
0.8958333333333334,0.15625,0.0,0.992027
0.8958333333333334,0.16145833333333331,0.0,0.99243
0.8958333333333334,0.16666666666666666,0.0,0.992812
0.8958333333333334,0.171875,0.0,0.993176
0.8958333333333334,0.17708333333333331,0.0,0.993521
0.8958333333333334,0.18229166666666666,0.0,0.993849
0.8958333333333334,0.1875,0.0,0.99416
0.8958333333333334,0.19270833333333331,0.0,0.994456
0.8958333333333334,0.19791666666666666,0.0,0.994736
0.8958333333333334,0.203125,0.0,0.995003
0.8958333333333334,0.20833333333333331,0.0,0.995256
0.8958333333333334,0.21354166666666666,0.0,0.995496
0.8958333333333334,0.21875,0.0,0.995724
0.8958333333333334,0.22395833333333331,0.0,0.995941
0.8958333333333334,0.22916666666666666,0.0,0.996146
0.8958333333333334,0.234375,0.0,0.996341
0.8958333333333334,0.23958333333333331,0.0,0.996527
0.8958333333333334,0.24479166666666666,0.0,0.996703
0.8958333333333334,0.25,0.0,0.99687
0.8958333333333334,0.2552083333333333,0.0,0.997028
0.8958333333333334,0.26041666666666663,0.0,0.997179
0.8958333333333334,0.265625,0.0,0.997322
0.8958333333333334,0.2708333333333333,0.0,0.997458
0.8958333333333334,0.27604166666666663,0.0,0.997587
0.8958333333333334,0.28125,0.0,0.997709
0.8958333333333334,0.2864583333333333,0.0,0.997825
0.8958333333333334,0.29166666666666663,0.0,0.997935
0.8958333333333334,0.296875,0.0,0.99804
0.8958333333333334,0.3020833333333333,0.0,0.998139
0.8958333333333334,0.30729166666666663,0.0,0.998234
0.8958333333333334,0.3125,0.0,0.998323
0.8958333333333334,0.3177083333333333,0.0,0.998408
0.8958333333333334,0.32291666666666663,0.0,0.998489
0.8958333333333334,0.328125,0.0,0.998566
0.8958333333333334,0.3333333333333333,0.0,0.998638
0.8958333333333334,0.33854166666666663,0.0,0.998707
0.8958333333333334,0.34375,0.0,0.998773
0.8958333333333334,0.3489583333333333,0.0,0.998835
0.8958333333333334,0.35416666666666663,0.0,0.998894
0.8958333333333334,0.359375,0.0,0.99895
0.8958333333333334,0.3645833333333333,0.0,0.999004
0.8958333333333334,0.36979166666666663,0.0,0.999054
0.8958333333333334,0.375,0.0,0.999102
0.8958333333333334,0.3802083333333333,0.0,0.999148
0.8958333333333334,0.38541666666666663,0.0,0.999191
0.8958333333333334,0.390625,0.0,0.999232
0.8958333333333334,0.3958333333333333,0.0,0.999271
0.8958333333333334,0.40104166666666663,0.0,0.999308
0.8958333333333334,0.40625,0.0,0.999343
0.8958333333333334,0.4114583333333333,0.0,0.999376
0.8958333333333334,0.41666666666666663,0.0,0.999408
0.8958333333333334,0.421875,0.0,0.999438
0.8958333333333334,0.4270833333333333,0.0,0.999466
0.8958333333333334,0.43229166666666663,0.0,0.999494
0.8958333333333334,0.4375,0.0,0.999519
0.8958333333333334,0.4427083333333333,0.0,0.999544
0.8958333333333334,0.44791666666666663,0.0,0.999567
0.8958333333333334,0.453125,0.0,0.999589
0.8958333333333334,0.4583333333333333,0.0,0.99961
0.8958333333333334,0.46354166666666663,0.0,0.999629
0.8958333333333334,0.46875,0.0,0.999648
0.8958333333333334,0.4739583333333333,0.0,0.999666
0.8958333333333334,0.47916666666666663,0.0,0.999683
0.8958333333333334,0.484375,0.0,0.999699
0.8958333333333334,0.4895833333333333,0.0,0.999714
0.8958333333333334,0.49479166666666663,0.0,0.999729
0.8958333333333334,0.5,0.0,0.999743
0.875,0.0,0.0,0.954045
0.875,0.005208333333333333,0.0,0.956327
0.875,0.010416666666666666,0.0,0.958497
0.875,0.015625,0.0,0.960562
0.875,0.020833333333333332,0.0,0.962526
0.875,0.026041666666666664,0.0,0.964394
0.875,0.03125,0.0,0.966171
0.875,0.03645833333333333,0.0,0.96786
0.875,0.041666666666666664,0.0,0.969466
0.875,0.046875,0.0,0.970993
0.875,0.05208333333333333,0.0,0.972445
0.875,0.057291666666666664,0.0,0.973825
0.875,0.0625,0.0,0.975137
0.875,0.06770833333333333,0.0,0.976384
0.875,0.07291666666666666,0.0,0.977569
0.875,0.078125,0.0,0.978695
0.875,0.08333333333333333,0.0,0.979765
0.875,0.08854166666666666,0.0,0.980782
0.875,0.09375,0.0,0.981749
0.875,0.09895833333333333,0.0,0.982667
0.875,0.10416666666666666,0.0,0.983539
0.875,0.109375,0.0,0.984368
0.875,0.11458333333333333,0.0,0.985156
0.875,0.11979166666666666,0.0,0.985904
0.875,0.125,0.0,0.986614
0.875,0.13020833333333331,0.0,0.987289
0.875,0.13541666666666666,0.0,0.98793
0.875,0.140625,0.0,0.988539
0.875,0.14583333333333331,0.0,0.989118
0.875,0.15104166666666666,0.0,0.989667
0.875,0.15625,0.0,0.990189
0.875,0.16145833333333331,0.0,0.990684
0.875,0.16666666666666666,0.0,0.991155
0.875,0.171875,0.0,0.991602
0.875,0.17708333333333331,0.0,0.992027
0.875,0.18229166666666666,0.0,0.99243
0.875,0.1875,0.0,0.992812
0.875,0.19270833333333331,0.0,0.993176
0.875,0.19791666666666666,0.0,0.993521
0.875,0.203125,0.0,0.993849
0.875,0.20833333333333331,0.0,0.99416
0.875,0.21354166666666666,0.0,0.994456
0.875,0.21875,0.0,0.994736
0.875,0.22395833333333331,0.0,0.995003
0.875,0.22916666666666666,0.0,0.995256
0.875,0.234375,0.0,0.995496
0.875,0.23958333333333331,0.0,0.995724
0.875,0.24479166666666666,0.0,0.995941
0.875,0.25,0.0,0.996146
0.875,0.2552083333333333,0.0,0.996341
0.875,0.26041666666666663,0.0,0.996527
0.875,0.265625,0.0,0.996703
0.875,0.2708333333333333,0.0,0.99687
0.875,0.27604166666666663,0.0,0.997028
0.875,0.28125,0.0,0.997179
0.875,0.2864583333333333,0.0,0.997322
0.875,0.29166666666666663,0.0,0.997458
0.875,0.296875,0.0,0.997586
0.875,0.3020833333333333,0.0,0.997709
0.875,0.30729166666666663,0.0,0.997825
0.875,0.3125,0.0,0.997935
0.875,0.3177083333333333,0.0,0.99804
0.875,0.32291666666666663,0.0,0.998139
0.875,0.328125,0.0,0.998234
0.875,0.3333333333333333,0.0,0.998323
0.875,0.33854166666666663,0.0,0.998408
0.875,0.34375,0.0,0.998489
0.875,0.3489583333333333,0.0,0.998566
0.875,0.35416666666666663,0.0,0.998638
0.875,0.359375,0.0,0.998707
0.875,0.3645833333333333,0.0,0.998773
0.875,0.36979166666666663,0.0,0.998835
0.875,0.375,0.0,0.998894
0.875,0.3802083333333333,0.0,0.99895
0.875,0.38541666666666663,0.0,0.999004
0.875,0.390625,0.0,0.999054
0.875,0.3958333333333333,0.0,0.999102
0.875,0.40104166666666663,0.0,0.999148
0.875,0.40625,0.0,0.999191
0.875,0.4114583333333333,0.0,0.999232
0.875,0.41666666666666663,0.0,0.999271
0.875,0.421875,0.0,0.999308
0.875,0.4270833333333333,0.0,0.999343
0.875,0.43229166666666663,0.0,0.999376
0.875,0.4375,0.0,0.999408
0.875,0.4427083333333333,0.0,0.999438
0.875,0.44791666666666663,0.0,0.999466
0.875,0.453125,0.0,0.999494
0.875,0.4583333333333333,0.0,0.999519
0.875,0.46354166666666663,0.0,0.999544
0.875,0.46875,0.0,0.999567
0.875,0.4739583333333333,0.0,0.999589
0.875,0.47916666666666663,0.0,0.99961
0.875,0.484375,0.0,0.999629
0.875,0.4895833333333333,0.0,0.999648
0.875,0.49479166666666663,0.0,0.999666
0.875,0.5,0.0,0.999683
0.8541666666666667,0.0,0.0,0.943701
0.8541666666666667,0.005208333333333333,0.0,0.946482
0.8541666666666667,0.010416666666666666,0.0,0.949129
0.8541666666666667,0.015625,0.0,0.951648
0.8541666666666667,0.020833333333333332,0.0,0.954046
0.8541666666666667,0.026041666666666664,0.0,0.956327
0.8541666666666667,0.03125,0.0,0.958498
0.8541666666666667,0.03645833333333333,0.0,0.960563
0.8541666666666667,0.041666666666666664,0.0,0.962527
0.8541666666666667,0.046875,0.0,0.964395
0.8541666666666667,0.05208333333333333,0.0,0.966171
0.8541666666666667,0.057291666666666664,0.0,0.96786
0.8541666666666667,0.0625,0.0,0.969467
0.8541666666666667,0.06770833333333333,0.0,0.970994
0.8541666666666667,0.07291666666666666,0.0,0.972445
0.8541666666666667,0.078125,0.0,0.973826
0.8541666666666667,0.08333333333333333,0.0,0.975137
0.8541666666666667,0.08854166666666666,0.0,0.976384
0.8541666666666667,0.09375,0.0,0.977569
0.8541666666666667,0.09895833333333333,0.0,0.978695
0.8541666666666667,0.10416666666666666,0.0,0.979766
0.8541666666666667,0.109375,0.0,0.980783
0.8541666666666667,0.11458333333333333,0.0,0.981749
0.8541666666666667,0.11979166666666666,0.0,0.982667
0.8541666666666667,0.125,0.0,0.98354
0.8541666666666667,0.13020833333333331,0.0,0.984368
0.8541666666666667,0.13541666666666666,0.0,0.985156
0.8541666666666667,0.140625,0.0,0.985904
0.8541666666666667,0.14583333333333331,0.0,0.986614
0.8541666666666667,0.15104166666666666,0.0,0.987289
0.8541666666666667,0.15625,0.0,0.98793
0.8541666666666667,0.16145833333333331,0.0,0.988539
0.8541666666666667,0.16666666666666666,0.0,0.989118
0.8541666666666667,0.171875,0.0,0.989667
0.8541666666666667,0.17708333333333331,0.0,0.990189
0.8541666666666667,0.18229166666666666,0.0,0.990684
0.8541666666666667,0.1875,0.0,0.991155
0.8541666666666667,0.19270833333333331,0.0,0.991602
0.8541666666666667,0.19791666666666666,0.0,0.992027
0.8541666666666667,0.203125,0.0,0.99243
0.8541666666666667,0.20833333333333331,0.0,0.992812
0.8541666666666667,0.21354166666666666,0.0,0.993176
0.8541666666666667,0.21875,0.0,0.993521
0.8541666666666667,0.22395833333333331,0.0,0.993849
0.8541666666666667,0.22916666666666666,0.0,0.99416
0.8541666666666667,0.234375,0.0,0.994456
0.8541666666666667,0.23958333333333331,0.0,0.994736
0.8541666666666667,0.24479166666666666,0.0,0.995003
0.8541666666666667,0.25,0.0,0.995256
0.8541666666666667,0.2552083333333333,0.0,0.995496
0.8541666666666667,0.26041666666666663,0.0,0.995724
0.8541666666666667,0.265625,0.0,0.99594
0.8541666666666667,0.2708333333333333,0.0,0.996146
0.8541666666666667,0.27604166666666663,0.0,0.996341
0.8541666666666667,0.28125,0.0,0.996527
0.8541666666666667,0.2864583333333333,0.0,0.996703
0.8541666666666667,0.29166666666666663,0.0,0.99687
0.8541666666666667,0.296875,0.0,0.997028
0.8541666666666667,0.3020833333333333,0.0,0.997179
0.8541666666666667,0.30729166666666663,0.0,0.997322
0.8541666666666667,0.3125,0.0,0.997458
0.8541666666666667,0.3177083333333333,0.0,0.997586
0.8541666666666667,0.32291666666666663,0.0,0.997709
0.8541666666666667,0.328125,0.0,0.997825
0.8541666666666667,0.3333333333333333,0.0,0.997935
0.8541666666666667,0.33854166666666663,0.0,0.99804
0.8541666666666667,0.34375,0.0,0.998139
0.8541666666666667,0.3489583333333333,0.0,0.998234
0.8541666666666667,0.35416666666666663,0.0,0.998323
0.8541666666666667,0.359375,0.0,0.998408
0.8541666666666667,0.3645833333333333,0.0,0.998489
0.8541666666666667,0.36979166666666663,0.0,0.998565
0.8541666666666667,0.375,0.0,0.998638
0.8541666666666667,0.3802083333333333,0.0,0.998707
0.8541666666666667,0.38541666666666663,0.0,0.998773
0.8541666666666667,0.390625,0.0,0.998835
0.8541666666666667,0.3958333333333333,0.0,0.998894
0.8541666666666667,0.40104166666666663,0.0,0.99895
0.8541666666666667,0.40625,0.0,0.999004
0.8541666666666667,0.4114583333333333,0.0,0.999054
0.8541666666666667,0.41666666666666663,0.0,0.999102
0.8541666666666667,0.421875,0.0,0.999148
0.8541666666666667,0.4270833333333333,0.0,0.999191
0.8541666666666667,0.43229166666666663,0.0,0.999232
0.8541666666666667,0.4375,0.0,0.999271
0.8541666666666667,0.4427083333333333,0.0,0.999308
0.8541666666666667,0.44791666666666663,0.0,0.999343
0.8541666666666667,0.453125,0.0,0.999376
0.8541666666666667,0.4583333333333333,0.0,0.999408
0.8541666666666667,0.46354166666666663,0.0,0.999438
0.8541666666666667,0.46875,0.0,0.999466
0.8541666666666667,0.4739583333333333,0.0,0.999494
0.8541666666666667,0.47916666666666663,0.0,0.999519
0.8541666666666667,0.484375,0.0,0.999544
0.8541666666666667,0.4895833333333333,0.0,0.999567
0.8541666666666667,0.49479166666666663,0.0,0.999589
0.8541666666666667,0.5,0.0,0.99961
0.8333333333333334,0.0,0.0,0.93111
0.8333333333333334,0.005208333333333333,0.0,0.934492
0.8333333333333334,0.010416666666666666,0.0,0.937713
0.8333333333333334,0.015625,0.0,0.940781
0.8333333333333334,0.020833333333333332,0.0,0.943702
0.8333333333333334,0.026041666666666664,0.0,0.946483
0.8333333333333334,0.03125,0.0,0.94913
0.8333333333333334,0.03645833333333333,0.0,0.95165
0.8333333333333334,0.041666666666666664,0.0,0.954047
0.8333333333333334,0.046875,0.0,0.956328
0.8333333333333334,0.05208333333333333,0.0,0.958499
0.8333333333333334,0.057291666666666664,0.0,0.960564
0.8333333333333334,0.0625,0.0,0.962528
0.8333333333333334,0.06770833333333333,0.0,0.964395
0.8333333333333334,0.07291666666666666,0.0,0.966172
0.8333333333333334,0.078125,0.0,0.967861
0.8333333333333334,0.08333333333333333,0.0,0.969467
0.8333333333333334,0.08854166666666666,0.0,0.970994
0.8333333333333334,0.09375,0.0,0.972446
0.8333333333333334,0.09895833333333333,0.0,0.973826
0.8333333333333334,0.10416666666666666,0.0,0.975138
0.8333333333333334,0.109375,0.0,0.976385
0.8333333333333334,0.11458333333333333,0.0,0.97757
0.8333333333333334,0.11979166666666666,0.0,0.978696
0.8333333333333334,0.125,0.0,0.979766
0.8333333333333334,0.13020833333333331,0.0,0.980783
0.8333333333333334,0.13541666666666666,0.0,0.981749
0.8333333333333334,0.140625,0.0,0.982667
0.8333333333333334,0.14583333333333331,0.0,0.98354
0.8333333333333334,0.15104166666666666,0.0,0.984368
0.8333333333333334,0.15625,0.0,0.985156
0.8333333333333334,0.16145833333333331,0.0,0.985904
0.8333333333333334,0.16666666666666666,0.0,0.986614
0.8333333333333334,0.171875,0.0,0.987289
0.8333333333333334,0.17708333333333331,0.0,0.98793
0.8333333333333334,0.18229166666666666,0.0,0.988539
0.8333333333333334,0.1875,0.0,0.989118
0.8333333333333334,0.19270833333333331,0.0,0.989667
0.8333333333333334,0.19791666666666666,0.0,0.990189
0.8333333333333334,0.203125,0.0,0.990684
0.8333333333333334,0.20833333333333331,0.0,0.991155
0.8333333333333334,0.21354166666666666,0.0,0.991602
0.8333333333333334,0.21875,0.0,0.992026
0.8333333333333334,0.22395833333333331,0.0,0.99243
0.8333333333333334,0.22916666666666666,0.0,0.992812
0.8333333333333334,0.234375,0.0,0.993176
0.8333333333333334,0.23958333333333331,0.0,0.993521
0.8333333333333334,0.24479166666666666,0.0,0.993849
0.8333333333333334,0.25,0.0,0.99416
0.8333333333333334,0.2552083333333333,0.0,0.994456
0.8333333333333334,0.26041666666666663,0.0,0.994736
0.8333333333333334,0.265625,0.0,0.995003
0.8333333333333334,0.2708333333333333,0.0,0.995256
0.8333333333333334,0.27604166666666663,0.0,0.995496
0.8333333333333334,0.28125,0.0,0.995724
0.8333333333333334,0.2864583333333333,0.0,0.99594
0.8333333333333334,0.29166666666666663,0.0,0.996146
0.8333333333333334,0.296875,0.0,0.996341
0.8333333333333334,0.3020833333333333,0.0,0.996527
0.8333333333333334,0.30729166666666663,0.0,0.996703
0.8333333333333334,0.3125,0.0,0.99687
0.8333333333333334,0.3177083333333333,0.0,0.997028
0.8333333333333334,0.32291666666666663,0.0,0.997179
0.8333333333333334,0.328125,0.0,0.997322
0.8333333333333334,0.3333333333333333,0.0,0.997458
0.8333333333333334,0.33854166666666663,0.0,0.997586
0.8333333333333334,0.34375,0.0,0.997709
0.8333333333333334,0.3489583333333333,0.0,0.997825
0.8333333333333334,0.35416666666666663,0.0,0.997935
0.8333333333333334,0.359375,0.0,0.99804
0.8333333333333334,0.3645833333333333,0.0,0.998139
0.8333333333333334,0.36979166666666663,0.0,0.998234
0.8333333333333334,0.375,0.0,0.998323
0.8333333333333334,0.3802083333333333,0.0,0.998408
0.8333333333333334,0.38541666666666663,0.0,0.998489
0.8333333333333334,0.390625,0.0,0.998565
0.8333333333333334,0.3958333333333333,0.0,0.998638
0.8333333333333334,0.40104166666666663,0.0,0.998707
0.8333333333333334,0.40625,0.0,0.998773
0.8333333333333334,0.4114583333333333,0.0,0.998835
0.8333333333333334,0.41666666666666663,0.0,0.998894
0.8333333333333334,0.421875,0.0,0.99895
0.8333333333333334,0.4270833333333333,0.0,0.999003
0.8333333333333334,0.43229166666666663,0.0,0.999054
0.8333333333333334,0.4375,0.0,0.999102
0.8333333333333334,0.4427083333333333,0.0,0.999148
0.8333333333333334,0.44791666666666663,0.0,0.999191
0.8333333333333334,0.453125,0.0,0.999232
0.8333333333333334,0.4583333333333333,0.0,0.999271
0.8333333333333334,0.46354166666666663,0.0,0.999308
0.8333333333333334,0.46875,0.0,0.999343
0.8333333333333334,0.4739583333333333,0.0,0.999376
0.8333333333333334,0.47916666666666663,0.0,0.999408
0.8333333333333334,0.484375,0.0,0.999438
0.8333333333333334,0.4895833333333333,0.0,0.999466
0.8333333333333334,0.49479166666666663,0.0,0.999494
0.8333333333333334,0.5,0.0,0.999519
0.8125,0.0,0.0,0.915825
0.8125,0.005208333333333333,0.0,0.919926
0.8125,0.010416666666666666,0.0,0.923836
0.8125,0.015625,0.0,0.927562
0.8125,0.020833333333333332,0.0,0.931112
0.8125,0.026041666666666664,0.0,0.934494
0.8125,0.03125,0.0,0.937715
0.8125,0.03645833333333333,0.0,0.940783
0.8125,0.041666666666666664,0.0,0.943704
0.8125,0.046875,0.0,0.946485
0.8125,0.05208333333333333,0.0,0.949132
0.8125,0.057291666666666664,0.0,0.951651
0.8125,0.0625,0.0,0.954048
0.8125,0.06770833333333333,0.0,0.956329
0.8125,0.07291666666666666,0.0,0.9585
0.8125,0.078125,0.0,0.960564
0.8125,0.08333333333333333,0.0,0.962528
0.8125,0.08854166666666666,0.0,0.964396
0.8125,0.09375,0.0,0.966172
0.8125,0.09895833333333333,0.0,0.967862
0.8125,0.10416666666666666,0.0,0.969468
0.8125,0.109375,0.0,0.970995
0.8125,0.11458333333333333,0.0,0.972446
0.8125,0.11979166666666666,0.0,0.973826
0.8125,0.125,0.0,0.975138
0.8125,0.13020833333333331,0.0,0.976385
0.8125,0.13541666666666666,0.0,0.97757
0.8125,0.140625,0.0,0.978696
0.8125,0.14583333333333331,0.0,0.979766
0.8125,0.15104166666666666,0.0,0.980783
0.8125,0.15625,0.0,0.981749
0.8125,0.16145833333333331,0.0,0.982667
0.8125,0.16666666666666666,0.0,0.98354
0.8125,0.171875,0.0,0.984368
0.8125,0.17708333333333331,0.0,0.985156
0.8125,0.18229166666666666,0.0,0.985904
0.8125,0.1875,0.0,0.986614
0.8125,0.19270833333333331,0.0,0.987289
0.8125,0.19791666666666666,0.0,0.98793
0.8125,0.203125,0.0,0.988539
0.8125,0.20833333333333331,0.0,0.989118
0.8125,0.21354166666666666,0.0,0.989667
0.8125,0.21875,0.0,0.990189
0.8125,0.22395833333333331,0.0,0.990684
0.8125,0.22916666666666666,0.0,0.991155
0.8125,0.234375,0.0,0.991602
0.8125,0.23958333333333331,0.0,0.992026
0.8125,0.24479166666666666,0.0,0.99243
0.8125,0.25,0.0,0.992812
0.8125,0.2552083333333333,0.0,0.993176
0.8125,0.26041666666666663,0.0,0.993521
0.8125,0.265625,0.0,0.993849
0.8125,0.2708333333333333,0.0,0.99416
0.8125,0.27604166666666663,0.0,0.994455
0.8125,0.28125,0.0,0.994736
0.8125,0.2864583333333333,0.0,0.995003
0.8125,0.29166666666666663,0.0,0.995256
0.8125,0.296875,0.0,0.995496
0.8125,0.3020833333333333,0.0,0.995724
0.8125,0.30729166666666663,0.0,0.99594
0.8125,0.3125,0.0,0.996146
0.8125,0.3177083333333333,0.0,0.996341
0.8125,0.32291666666666663,0.0,0.996527
0.8125,0.328125,0.0,0.996702
0.8125,0.3333333333333333,0.0,0.99687
0.8125,0.33854166666666663,0.0,0.997028
0.8125,0.34375,0.0,0.997179
0.8125,0.3489583333333333,0.0,0.997322
0.8125,0.35416666666666663,0.0,0.997457
0.8125,0.359375,0.0,0.997586
0.8125,0.3645833333333333,0.0,0.997709
0.8125,0.36979166666666663,0.0,0.997825
0.8125,0.375,0.0,0.997935
0.8125,0.3802083333333333,0.0,0.99804
0.8125,0.38541666666666663,0.0,0.998139
0.8125,0.390625,0.0,0.998233
0.8125,0.3958333333333333,0.0,0.998323
0.8125,0.40104166666666663,0.0,0.998408
0.8125,0.40625,0.0,0.998489
0.8125,0.4114583333333333,0.0,0.998565
0.8125,0.41666666666666663,0.0,0.998638
0.8125,0.421875,0.0,0.998707
0.8125,0.4270833333333333,0.0,0.998773
0.8125,0.43229166666666663,0.0,0.998835
0.8125,0.4375,0.0,0.998894
0.8125,0.4427083333333333,0.0,0.99895
0.8125,0.44791666666666663,0.0,0.999003
0.8125,0.453125,0.0,0.999054
0.8125,0.4583333333333333,0.0,0.999102
0.8125,0.46354166666666663,0.0,0.999148
0.8125,0.46875,0.0,0.999191
0.8125,0.4739583333333333,0.0,0.999232
0.8125,0.47916666666666663,0.0,0.999271
0.8125,0.484375,0.0,0.999308
0.8125,0.4895833333333333,0.0,0.999343
0.8125,0.49479166666666663,0.0,0.999376
0.8125,0.5,0.0,0.999408
0.7916666666666667,0.0,0.0,0.897328
0.7916666666666667,0.005208333333333333,0.0,0.902286
0.7916666666666667,0.010416666666666666,0.0,0.907015
0.7916666666666667,0.015625,0.0,0.911526
0.7916666666666667,0.020833333333333332,0.0,0.915828
0.7916666666666667,0.026041666666666664,0.0,0.91993
0.7916666666666667,0.03125,0.0,0.923839
0.7916666666666667,0.03645833333333333,0.0,0.927565
0.7916666666666667,0.041666666666666664,0.0,0.931114
0.7916666666666667,0.046875,0.0,0.934496
0.7916666666666667,0.05208333333333333,0.0,0.937717
0.7916666666666667,0.057291666666666664,0.0,0.940785
0.7916666666666667,0.0625,0.0,0.943705
0.7916666666666667,0.06770833333333333,0.0,0.946486
0.7916666666666667,0.07291666666666666,0.0,0.949133
0.7916666666666667,0.078125,0.0,0.951652
0.7916666666666667,0.08333333333333333,0.0,0.954049
0.7916666666666667,0.08854166666666666,0.0,0.95633
0.7916666666666667,0.09375,0.0,0.958501
0.7916666666666667,0.09895833333333333,0.0,0.960565
0.7916666666666667,0.10416666666666666,0.0,0.962529
0.7916666666666667,0.109375,0.0,0.964397
0.7916666666666667,0.11458333333333333,0.0,0.966173
0.7916666666666667,0.11979166666666666,0.0,0.967862
0.7916666666666667,0.125,0.0,0.969468
0.7916666666666667,0.13020833333333331,0.0,0.970995
0.7916666666666667,0.13541666666666666,0.0,0.972447
0.7916666666666667,0.140625,0.0,0.973827
0.7916666666666667,0.14583333333333331,0.0,0.975138
0.7916666666666667,0.15104166666666666,0.0,0.976385
0.7916666666666667,0.15625,0.0,0.97757
0.7916666666666667,0.16145833333333331,0.0,0.978696
0.7916666666666667,0.16666666666666666,0.0,0.979766
0.7916666666666667,0.171875,0.0,0.980783
0.7916666666666667,0.17708333333333331,0.0,0.981749
0.7916666666666667,0.18229166666666666,0.0,0.982667
0.7916666666666667,0.1875,0.0,0.98354
0.7916666666666667,0.19270833333333331,0.0,0.984369
0.7916666666666667,0.19791666666666666,0.0,0.985156
0.7916666666666667,0.203125,0.0,0.985904
0.7916666666666667,0.20833333333333331,0.0,0.986614
0.7916666666666667,0.21354166666666666,0.0,0.987289
0.7916666666666667,0.21875,0.0,0.98793
0.7916666666666667,0.22395833333333331,0.0,0.988539
0.7916666666666667,0.22916666666666666,0.0,0.989118
0.7916666666666667,0.234375,0.0,0.989667
0.7916666666666667,0.23958333333333331,0.0,0.990189
0.7916666666666667,0.24479166666666666,0.0,0.990684
0.7916666666666667,0.25,0.0,0.991155
0.7916666666666667,0.2552083333333333,0.0,0.991602
0.7916666666666667,0.26041666666666663,0.0,0.992026
0.7916666666666667,0.265625,0.0,0.992429
0.7916666666666667,0.2708333333333333,0.0,0.992812
0.7916666666666667,0.27604166666666663,0.0,0.993176
0.7916666666666667,0.28125,0.0,0.993521
0.7916666666666667,0.2864583333333333,0.0,0.993849
0.7916666666666667,0.29166666666666663,0.0,0.99416
0.7916666666666667,0.296875,0.0,0.994455
0.7916666666666667,0.3020833333333333,0.0,0.994736
0.7916666666666667,0.30729166666666663,0.0,0.995002
0.7916666666666667,0.3125,0.0,0.995255
0.7916666666666667,0.3177083333333333,0.0,0.995496
0.7916666666666667,0.32291666666666663,0.0,0.995724
0.7916666666666667,0.328125,0.0,0.99594
0.7916666666666667,0.3333333333333333,0.0,0.996146
0.7916666666666667,0.33854166666666663,0.0,0.996341
0.7916666666666667,0.34375,0.0,0.996526
0.7916666666666667,0.3489583333333333,0.0,0.996702
0.7916666666666667,0.35416666666666663,0.0,0.99687
0.7916666666666667,0.359375,0.0,0.997028
0.7916666666666667,0.3645833333333333,0.0,0.997179
0.7916666666666667,0.36979166666666663,0.0,0.997322
0.7916666666666667,0.375,0.0,0.997457
0.7916666666666667,0.3802083333333333,0.0,0.997586
0.7916666666666667,0.38541666666666663,0.0,0.997709
0.7916666666666667,0.390625,0.0,0.997825
0.7916666666666667,0.3958333333333333,0.0,0.997935
0.7916666666666667,0.40104166666666663,0.0,0.99804
0.7916666666666667,0.40625,0.0,0.998139
0.7916666666666667,0.4114583333333333,0.0,0.998233
0.7916666666666667,0.41666666666666663,0.0,0.998323
0.7916666666666667,0.421875,0.0,0.998408
0.7916666666666667,0.4270833333333333,0.0,0.998489
0.7916666666666667,0.43229166666666663,0.0,0.998565
0.7916666666666667,0.4375,0.0,0.998638
0.7916666666666667,0.4427083333333333,0.0,0.998707
0.7916666666666667,0.44791666666666663,0.0,0.998773
0.7916666666666667,0.453125,0.0,0.998835
0.7916666666666667,0.4583333333333333,0.0,0.998894
0.7916666666666667,0.46354166666666663,0.0,0.99895
0.7916666666666667,0.46875,0.0,0.999003
0.7916666666666667,0.4739583333333333,0.0,0.999054
0.7916666666666667,0.47916666666666663,0.0,0.999102
0.7916666666666667,0.484375,0.0,0.999148
0.7916666666666667,0.4895833333333333,0.0,0.999191
0.7916666666666667,0.49479166666666663,0.0,0.999232
0.7916666666666667,0.5,0.0,0.999271
0.7708333333333334,0.0,0.0,0.875033
0.7708333333333334,0.005208333333333333,0.0,0.881
0.7708333333333334,0.010416666666666666,0.0,0.886698
0.7708333333333334,0.015625,0.0,0.892139
0.7708333333333334,0.020833333333333332,0.0,0.897333
0.7708333333333334,0.026041666666666664,0.0,0.90229
0.7708333333333334,0.03125,0.0,0.907019
0.7708333333333334,0.03645833333333333,0.0,0.91153
0.7708333333333334,0.041666666666666664,0.0,0.915831
0.7708333333333334,0.046875,0.0,0.919932
0.7708333333333334,0.05208333333333333,0.0,0.923841
0.7708333333333334,0.057291666666666664,0.0,0.927567
0.7708333333333334,0.0625,0.0,0.931116
0.7708333333333334,0.06770833333333333,0.0,0.934498
0.7708333333333334,0.07291666666666666,0.0,0.937719
0.7708333333333334,0.078125,0.0,0.940786
0.7708333333333334,0.08333333333333333,0.0,0.943707
0.7708333333333334,0.08854166666666666,0.0,0.946487
0.7708333333333334,0.09375,0.0,0.949134
0.7708333333333334,0.09895833333333333,0.0,0.951653
0.7708333333333334,0.10416666666666666,0.0,0.95405
0.7708333333333334,0.109375,0.0,0.956331
0.7708333333333334,0.11458333333333333,0.0,0.958501
0.7708333333333334,0.11979166666666666,0.0,0.960566
0.7708333333333334,0.125,0.0,0.962529
0.7708333333333334,0.13020833333333331,0.0,0.964397
0.7708333333333334,0.13541666666666666,0.0,0.966173
0.7708333333333334,0.140625,0.0,0.967862
0.7708333333333334,0.14583333333333331,0.0,0.969468
0.7708333333333334,0.15104166666666666,0.0,0.970995
0.7708333333333334,0.15625,0.0,0.972447
0.7708333333333334,0.16145833333333331,0.0,0.973827
0.7708333333333334,0.16666666666666666,0.0,0.975138
0.7708333333333334,0.171875,0.0,0.976385
0.7708333333333334,0.17708333333333331,0.0,0.97757
0.7708333333333334,0.18229166666666666,0.0,0.978696
0.7708333333333334,0.1875,0.0,0.979766
0.7708333333333334,0.19270833333333331,0.0,0.980783
0.7708333333333334,0.19791666666666666,0.0,0.981749
0.7708333333333334,0.203125,0.0,0.982668
0.7708333333333334,0.20833333333333331,0.0,0.98354
0.7708333333333334,0.21354166666666666,0.0,0.984369
0.7708333333333334,0.21875,0.0,0.985156
0.7708333333333334,0.22395833333333331,0.0,0.985904
0.7708333333333334,0.22916666666666666,0.0,0.986614
0.7708333333333334,0.234375,0.0,0.987289
0.7708333333333334,0.23958333333333331,0.0,0.98793
0.7708333333333334,0.24479166666666666,0.0,0.988539
0.7708333333333334,0.25,0.0,0.989118
0.7708333333333334,0.2552083333333333,0.0,0.989667
0.7708333333333334,0.26041666666666663,0.0,0.990189
0.7708333333333334,0.265625,0.0,0.990684
0.7708333333333334,0.2708333333333333,0.0,0.991155
0.7708333333333334,0.27604166666666663,0.0,0.991602
0.7708333333333334,0.28125,0.0,0.992026
0.7708333333333334,0.2864583333333333,0.0,0.992429
0.7708333333333334,0.29166666666666663,0.0,0.992812
0.7708333333333334,0.296875,0.0,0.993176
0.7708333333333334,0.3020833333333333,0.0,0.993521
0.7708333333333334,0.30729166666666663,0.0,0.993849
0.7708333333333334,0.3125,0.0,0.99416
0.7708333333333334,0.3177083333333333,0.0,0.994455
0.7708333333333334,0.32291666666666663,0.0,0.994736
0.7708333333333334,0.328125,0.0,0.995002
0.7708333333333334,0.3333333333333333,0.0,0.995255
0.7708333333333334,0.33854166666666663,0.0,0.995496
0.7708333333333334,0.34375,0.0,0.995724
0.7708333333333334,0.3489583333333333,0.0,0.99594
0.7708333333333334,0.35416666666666663,0.0,0.996146
0.7708333333333334,0.359375,0.0,0.996341
0.7708333333333334,0.3645833333333333,0.0,0.996526
0.7708333333333334,0.36979166666666663,0.0,0.996702
0.7708333333333334,0.375,0.0,0.996869
0.7708333333333334,0.3802083333333333,0.0,0.997028
0.7708333333333334,0.38541666666666663,0.0,0.997179
0.7708333333333334,0.390625,0.0,0.997322
0.7708333333333334,0.3958333333333333,0.0,0.997457
0.7708333333333334,0.40104166666666663,0.0,0.997586
0.7708333333333334,0.40625,0.0,0.997709
0.7708333333333334,0.4114583333333333,0.0,0.997825
0.7708333333333334,0.41666666666666663,0.0,0.997935
0.7708333333333334,0.421875,0.0,0.99804
0.7708333333333334,0.4270833333333333,0.0,0.998139
0.7708333333333334,0.43229166666666663,0.0,0.998233
0.7708333333333334,0.4375,0.0,0.998323
0.7708333333333334,0.4427083333333333,0.0,0.998408
0.7708333333333334,0.44791666666666663,0.0,0.998489
0.7708333333333334,0.453125,0.0,0.998565
0.7708333333333334,0.4583333333333333,0.0,0.998638
0.7708333333333334,0.46354166666666663,0.0,0.998707
0.7708333333333334,0.46875,0.0,0.998773
0.7708333333333334,0.4739583333333333,0.0,0.998835
0.7708333333333334,0.47916666666666663,0.0,0.998894
0.7708333333333334,0.484375,0.0,0.99895
0.7708333333333334,0.4895833333333333,0.0,0.999003
0.7708333333333334,0.49479166666666663,0.0,0.999054
0.7708333333333334,0.5,0.0,0.999102
0.75,0.0,0.0,0.848284
0.75,0.005208333333333333,0.0,0.855429
0.75,0.010416666666666666,0.0,0.862262
0.75,0.015625,0.0,0.868796
0.75,0.020833333333333332,0.0,0.87504
0.75,0.026041666666666664,0.0,0.881005
0.75,0.03125,0.0,0.886703
0.75,0.03645833333333333,0.0,0.892144
0.75,0.041666666666666664,0.0,0.897337
0.75,0.046875,0.0,0.902294
0.75,0.05208333333333333,0.0,0.907022
0.75,0.057291666666666664,0.0,0.911532
0.75,0.0625,0.0,0.915834
0.75,0.06770833333333333,0.0,0.919934
0.75,0.07291666666666666,0.0,0.923843
0.75,0.078125,0.0,0.927568
0.75,0.08333333333333333,0.0,0.931118
0.75,0.08854166666666666,0.0,0.934499
0.75,0.09375,0.0,0.93772
0.75,0.09895833333333333,0.0,0.940787
0.75,0.10416666666666666,0.0,0.943708
0.75,0.109375,0.0,0.946488
0.75,0.11458333333333333,0.0,0.949135
0.75,0.11979166666666666,0.0,0.951654
0.75,0.125,0.0,0.954051
0.75,0.13020833333333331,0.0,0.956332
0.75,0.13541666666666666,0.0,0.958502
0.75,0.140625,0.0,0.960566
0.75,0.14583333333333331,0.0,0.96253
0.75,0.15104166666666666,0.0,0.964398
0.75,0.15625,0.0,0.966174
0.75,0.16145833333333331,0.0,0.967863
0.75,0.16666666666666666,0.0,0.969469
0.75,0.171875,0.0,0.970995
0.75,0.17708333333333331,0.0,0.972447
0.75,0.18229166666666666,0.0,0.973827
0.75,0.1875,0.0,0.975139
0.75,0.19270833333333331,0.0,0.976385
0.75,0.19791666666666666,0.0,0.97757
0.75,0.203125,0.0,0.978696
0.75,0.20833333333333331,0.0,0.979766
0.75,0.21354166666666666,0.0,0.980783
0.75,0.21875,0.0,0.98175
0.75,0.22395833333333331,0.0,0.982668
0.75,0.22916666666666666,0.0,0.98354
0.75,0.234375,0.0,0.984369
0.75,0.23958333333333331,0.0,0.985156
0.75,0.24479166666666666,0.0,0.985904
0.75,0.25,0.0,0.986614
0.75,0.2552083333333333,0.0,0.987289
0.75,0.26041666666666663,0.0,0.98793
0.75,0.265625,0.0,0.988539
0.75,0.2708333333333333,0.0,0.989118
0.75,0.27604166666666663,0.0,0.989667
0.75,0.28125,0.0,0.990189
0.75,0.2864583333333333,0.0,0.990684
0.75,0.29166666666666663,0.0,0.991155
0.75,0.296875,0.0,0.991602
0.75,0.3020833333333333,0.0,0.992026
0.75,0.30729166666666663,0.0,0.992429
0.75,0.3125,0.0,0.992812
0.75,0.3177083333333333,0.0,0.993176
0.75,0.32291666666666663,0.0,0.993521
0.75,0.328125,0.0,0.993849
0.75,0.3333333333333333,0.0,0.99416
0.75,0.33854166666666663,0.0,0.994455
0.75,0.34375,0.0,0.994736
0.75,0.3489583333333333,0.0,0.995002
0.75,0.35416666666666663,0.0,0.995255
0.75,0.359375,0.0,0.995496
0.75,0.3645833333333333,0.0,0.995724
0.75,0.36979166666666663,0.0,0.99594
0.75,0.375,0.0,0.996146
0.75,0.3802083333333333,0.0,0.996341
0.75,0.38541666666666663,0.0,0.996526
0.75,0.390625,0.0,0.996702
0.75,0.3958333333333333,0.0,0.996869
0.75,0.40104166666666663,0.0,0.997028
0.75,0.40625,0.0,0.997179
0.75,0.4114583333333333,0.0,0.997322
0.75,0.41666666666666663,0.0,0.997457
0.75,0.421875,0.0,0.997586
0.75,0.4270833333333333,0.0,0.997709
0.75,0.43229166666666663,0.0,0.997825
0.75,0.4375,0.0,0.997935
0.75,0.4427083333333333,0.0,0.99804
0.75,0.44791666666666663,0.0,0.998139
0.75,0.453125,0.0,0.998233
0.75,0.4583333333333333,0.0,0.998323
0.75,0.46354166666666663,0.0,0.998408
0.75,0.46875,0.0,0.998489
0.75,0.4739583333333333,0.0,0.998565
0.75,0.47916666666666663,0.0,0.998638
0.75,0.484375,0.0,0.998707
0.75,0.4895833333333333,0.0,0.998773
0.75,0.49479166666666663,0.0,0.998835
0.75,0.5,0.0,0.998894
0.7291666666666667,0.0,0.0,0.816369
0.7291666666666667,0.005208333333333333,0.0,0.824875
0.7291666666666667,0.010416666666666666,0.0,0.833023
0.7291666666666667,0.015625,0.0,0.840824
0.7291666666666667,0.020833333333333332,0.0,0.848291
0.7291666666666667,0.026041666666666664,0.0,0.855436
0.7291666666666667,0.03125,0.0,0.862268
0.7291666666666667,0.03645833333333333,0.0,0.868801
0.7291666666666667,0.041666666666666664,0.0,0.875044
0.7291666666666667,0.046875,0.0,0.881009
0.7291666666666667,0.05208333333333333,0.0,0.886707
0.7291666666666667,0.057291666666666664,0.0,0.892147
0.7291666666666667,0.0625,0.0,0.89734
0.7291666666666667,0.06770833333333333,0.0,0.902296
0.7291666666666667,0.07291666666666666,0.0,0.907024
0.7291666666666667,0.078125,0.0,0.911534
0.7291666666666667,0.08333333333333333,0.0,0.915835
0.7291666666666667,0.08854166666666666,0.0,0.919936
0.7291666666666667,0.09375,0.0,0.923845
0.7291666666666667,0.09895833333333333,0.0,0.92757
0.7291666666666667,0.10416666666666666,0.0,0.931119
0.7291666666666667,0.109375,0.0,0.9345
0.7291666666666667,0.11458333333333333,0.0,0.937721
0.7291666666666667,0.11979166666666666,0.0,0.940788
0.7291666666666667,0.125,0.0,0.943708
0.7291666666666667,0.13020833333333331,0.0,0.946489
0.7291666666666667,0.13541666666666666,0.0,0.949135
0.7291666666666667,0.140625,0.0,0.951654
0.7291666666666667,0.14583333333333331,0.0,0.954051
0.7291666666666667,0.15104166666666666,0.0,0.956332
0.7291666666666667,0.15625,0.0,0.958502
0.7291666666666667,0.16145833333333331,0.0,0.960567
0.7291666666666667,0.16666666666666666,0.0,0.96253
0.7291666666666667,0.171875,0.0,0.964398
0.7291666666666667,0.17708333333333331,0.0,0.966174
0.7291666666666667,0.18229166666666666,0.0,0.967863
0.7291666666666667,0.1875,0.0,0.969469
0.7291666666666667,0.19270833333333331,0.0,0.970996
0.7291666666666667,0.19791666666666666,0.0,0.972447
0.7291666666666667,0.203125,0.0,0.973827
0.7291666666666667,0.20833333333333331,0.0,0.975139
0.7291666666666667,0.21354166666666666,0.0,0.976385
0.7291666666666667,0.21875,0.0,0.97757
0.7291666666666667,0.22395833333333331,0.0,0.978696
0.7291666666666667,0.22916666666666666,0.0,0.979766
0.7291666666666667,0.234375,0.0,0.980783
0.7291666666666667,0.23958333333333331,0.0,0.98175
0.7291666666666667,0.24479166666666666,0.0,0.982668
0.7291666666666667,0.25,0.0,0.98354
0.7291666666666667,0.2552083333333333,0.0,0.984369
0.7291666666666667,0.26041666666666663,0.0,0.985156
0.7291666666666667,0.265625,0.0,0.985904
0.7291666666666667,0.2708333333333333,0.0,0.986614
0.7291666666666667,0.27604166666666663,0.0,0.987289
0.7291666666666667,0.28125,0.0,0.98793
0.7291666666666667,0.2864583333333333,0.0,0.988539
0.7291666666666667,0.29166666666666663,0.0,0.989118
0.7291666666666667,0.296875,0.0,0.989667
0.7291666666666667,0.3020833333333333,0.0,0.990189
0.7291666666666667,0.30729166666666663,0.0,0.990684
0.7291666666666667,0.3125,0.0,0.991155
0.7291666666666667,0.3177083333333333,0.0,0.991602
0.7291666666666667,0.32291666666666663,0.0,0.992026
0.7291666666666667,0.328125,0.0,0.992429
0.7291666666666667,0.3333333333333333,0.0,0.992812
0.7291666666666667,0.33854166666666663,0.0,0.993176
0.7291666666666667,0.34375,0.0,0.993521
0.7291666666666667,0.3489583333333333,0.0,0.993849
0.7291666666666667,0.35416666666666663,0.0,0.99416
0.7291666666666667,0.359375,0.0,0.994455
0.7291666666666667,0.3645833333333333,0.0,0.994736
0.7291666666666667,0.36979166666666663,0.0,0.995002
0.7291666666666667,0.375,0.0,0.995255
0.7291666666666667,0.3802083333333333,0.0,0.995496
0.7291666666666667,0.38541666666666663,0.0,0.995724
0.7291666666666667,0.390625,0.0,0.99594
0.7291666666666667,0.3958333333333333,0.0,0.996146
0.7291666666666667,0.40104166666666663,0.0,0.996341
0.7291666666666667,0.40625,0.0,0.996526
0.7291666666666667,0.4114583333333333,0.0,0.996702
0.7291666666666667,0.41666666666666663,0.0,0.996869
0.7291666666666667,0.421875,0.0,0.997028
0.7291666666666667,0.4270833333333333,0.0,0.997179
0.7291666666666667,0.43229166666666663,0.0,0.997322
0.7291666666666667,0.4375,0.0,0.997457
0.7291666666666667,0.4427083333333333,0.0,0.997586
0.7291666666666667,0.44791666666666663,0.0,0.997709
0.7291666666666667,0.453125,0.0,0.997825
0.7291666666666667,0.4583333333333333,0.0,0.997935
0.7291666666666667,0.46354166666666663,0.0,0.99804
0.7291666666666667,0.46875,0.0,0.998139
0.7291666666666667,0.4739583333333333,0.0,0.998233
0.7291666666666667,0.47916666666666663,0.0,0.998323
0.7291666666666667,0.484375,0.0,0.998408
0.7291666666666667,0.4895833333333333,0.0,0.998489
0.7291666666666667,0.49479166666666663,0.0,0.998565
0.7291666666666667,0.5,0.0,0.998638
0.7083333333333334,0.0,0.0,0.778545
0.7083333333333334,0.005208333333333333,0.0,0.788599
0.7083333333333334,0.010416666666666666,0.0,0.798248
0.7083333333333334,0.015625,0.0,0.807503
0.7083333333333334,0.020833333333333332,0.0,0.816377
0.7083333333333334,0.026041666666666664,0.0,0.824882
0.7083333333333334,0.03125,0.0,0.833029
0.7083333333333334,0.03645833333333333,0.0,0.84083
0.7083333333333334,0.041666666666666664,0.0,0.848296
0.7083333333333334,0.046875,0.0,0.85544
0.7083333333333334,0.05208333333333333,0.0,0.862272
0.7083333333333334,0.057291666666666664,0.0,0.868804
0.7083333333333334,0.0625,0.0,0.875047
0.7083333333333334,0.06770833333333333,0.0,0.881012
0.7083333333333334,0.07291666666666666,0.0,0.886709
0.7083333333333334,0.078125,0.0,0.892149
0.7083333333333334,0.08333333333333333,0.0,0.897342
0.7083333333333334,0.08854166666666666,0.0,0.902297
0.7083333333333334,0.09375,0.0,0.907026
0.7083333333333334,0.09895833333333333,0.0,0.911536
0.7083333333333334,0.10416666666666666,0.0,0.915837
0.7083333333333334,0.109375,0.0,0.919937
0.7083333333333334,0.11458333333333333,0.0,0.923846
0.7083333333333334,0.11979166666666666,0.0,0.927571
0.7083333333333334,0.125,0.0,0.93112
0.7083333333333334,0.13020833333333331,0.0,0.934501
0.7083333333333334,0.13541666666666666,0.0,0.937722
0.7083333333333334,0.140625,0.0,0.940789
0.7083333333333334,0.14583333333333331,0.0,0.943709
0.7083333333333334,0.15104166666666666,0.0,0.946489
0.7083333333333334,0.15625,0.0,0.949136
0.7083333333333334,0.16145833333333331,0.0,0.951655
0.7083333333333334,0.16666666666666666,0.0,0.954052
0.7083333333333334,0.171875,0.0,0.956332
0.7083333333333334,0.17708333333333331,0.0,0.958503
0.7083333333333334,0.18229166666666666,0.0,0.960567
0.7083333333333334,0.1875,0.0,0.96253
0.7083333333333334,0.19270833333333331,0.0,0.964398
0.7083333333333334,0.19791666666666666,0.0,0.966174
0.7083333333333334,0.203125,0.0,0.967863
0.7083333333333334,0.20833333333333331,0.0,0.969469
0.7083333333333334,0.21354166666666666,0.0,0.970996
0.7083333333333334,0.21875,0.0,0.972447
0.7083333333333334,0.22395833333333331,0.0,0.973827
0.7083333333333334,0.22916666666666666,0.0,0.975139
0.7083333333333334,0.234375,0.0,0.976386
0.7083333333333334,0.23958333333333331,0.0,0.97757
0.7083333333333334,0.24479166666666666,0.0,0.978696
0.7083333333333334,0.25,0.0,0.979767
0.7083333333333334,0.2552083333333333,0.0,0.980783
0.7083333333333334,0.26041666666666663,0.0,0.98175
0.7083333333333334,0.265625,0.0,0.982668
0.7083333333333334,0.2708333333333333,0.0,0.98354
0.7083333333333334,0.27604166666666663,0.0,0.984369
0.7083333333333334,0.28125,0.0,0.985156
0.7083333333333334,0.2864583333333333,0.0,0.985904
0.7083333333333334,0.29166666666666663,0.0,0.986614
0.7083333333333334,0.296875,0.0,0.987289
0.7083333333333334,0.3020833333333333,0.0,0.98793
0.7083333333333334,0.30729166666666663,0.0,0.988539
0.7083333333333334,0.3125,0.0,0.989118
0.7083333333333334,0.3177083333333333,0.0,0.989667
0.7083333333333334,0.32291666666666663,0.0,0.990189
0.7083333333333334,0.328125,0.0,0.990684
0.7083333333333334,0.3333333333333333,0.0,0.991155
0.7083333333333334,0.33854166666666663,0.0,0.991602
0.7083333333333334,0.34375,0.0,0.992026
0.7083333333333334,0.3489583333333333,0.0,0.992429
0.7083333333333334,0.35416666666666663,0.0,0.992812
0.7083333333333334,0.359375,0.0,0.993176
0.7083333333333334,0.3645833333333333,0.0,0.993521
0.7083333333333334,0.36979166666666663,0.0,0.993849
0.7083333333333334,0.375,0.0,0.99416
0.7083333333333334,0.3802083333333333,0.0,0.994455
0.7083333333333334,0.38541666666666663,0.0,0.994736
0.7083333333333334,0.390625,0.0,0.995002
0.7083333333333334,0.3958333333333333,0.0,0.995255
0.7083333333333334,0.40104166666666663,0.0,0.995496
0.7083333333333334,0.40625,0.0,0.995724
0.7083333333333334,0.4114583333333333,0.0,0.99594
0.7083333333333334,0.41666666666666663,0.0,0.996146
0.7083333333333334,0.421875,0.0,0.996341
0.7083333333333334,0.4270833333333333,0.0,0.996526
0.7083333333333334,0.43229166666666663,0.0,0.996702
0.7083333333333334,0.4375,0.0,0.996869
0.7083333333333334,0.4427083333333333,0.0,0.997028
0.7083333333333334,0.44791666666666663,0.0,0.997179
0.7083333333333334,0.453125,0.0,0.997322
0.7083333333333334,0.4583333333333333,0.0,0.997457
0.7083333333333334,0.46354166666666663,0.0,0.997586
0.7083333333333334,0.46875,0.0,0.997708
0.7083333333333334,0.4739583333333333,0.0,0.997825
0.7083333333333334,0.47916666666666663,0.0,0.997935
0.7083333333333334,0.484375,0.0,0.99804
0.7083333333333334,0.4895833333333333,0.0,0.998139
0.7083333333333334,0.49479166666666663,0.0,0.998233
0.7083333333333334,0.5,0.0,0.998323
0.6875,0.0,0.0,0.734072
0.6875,0.005208333333333333,0.0,0.745855
0.6875,0.010416666666666666,0.0,0.757189
0.6875,0.015625,0.0,0.768085
0.6875,0.020833333333333332,0.0,0.778553
0.6875,0.026041666666666664,0.0,0.788605
0.6875,0.03125,0.0,0.798253
0.6875,0.03645833333333333,0.0,0.807508
0.6875,0.041666666666666664,0.0,0.816382
0.6875,0.046875,0.0,0.824886
0.6875,0.05208333333333333,0.0,0.833032
0.6875,0.057291666666666664,0.0,0.840832
0.6875,0.0625,0.0,0.848299
0.6875,0.06770833333333333,0.0,0.855442
0.6875,0.07291666666666666,0.0,0.862274
0.6875,0.078125,0.0,0.868806
0.6875,0.08333333333333333,0.0,0.875049
0.6875,0.08854166666666666,0.0,0.881013
0.6875,0.09375,0.0,0.88671
0.6875,0.09895833333333333,0.0,0.89215
0.6875,0.10416666666666666,0.0,0.897343
0.6875,0.109375,0.0,0.902299
0.6875,0.11458333333333333,0.0,0.907027
0.6875,0.11979166666666666,0.0,0.911537
0.6875,0.125,0.0,0.915837
0.6875,0.13020833333333331,0.0,0.919938
0.6875,0.13541666666666666,0.0,0.923846
0.6875,0.140625,0.0,0.927571
0.6875,0.14583333333333331,0.0,0.93112
0.6875,0.15104166666666666,0.0,0.934502
0.6875,0.15625,0.0,0.937722
0.6875,0.16145833333333331,0.0,0.940789
0.6875,0.16666666666666666,0.0,0.943709
0.6875,0.171875,0.0,0.94649
0.6875,0.17708333333333331,0.0,0.949136
0.6875,0.18229166666666666,0.0,0.951655
0.6875,0.1875,0.0,0.954052
0.6875,0.19270833333333331,0.0,0.956333
0.6875,0.19791666666666666,0.0,0.958503
0.6875,0.203125,0.0,0.960567
0.6875,0.20833333333333331,0.0,0.962531
0.6875,0.21354166666666666,0.0,0.964398
0.6875,0.21875,0.0,0.966174
0.6875,0.22395833333333331,0.0,0.967863
0.6875,0.22916666666666666,0.0,0.969469
0.6875,0.234375,0.0,0.970996
0.6875,0.23958333333333331,0.0,0.972447
0.6875,0.24479166666666666,0.0,0.973827
0.6875,0.25,0.0,0.975139
0.6875,0.2552083333333333,0.0,0.976386
0.6875,0.26041666666666663,0.0,0.97757
0.6875,0.265625,0.0,0.978696
0.6875,0.2708333333333333,0.0,0.979767
0.6875,0.27604166666666663,0.0,0.980783
0.6875,0.28125,0.0,0.98175
0.6875,0.2864583333333333,0.0,0.982668
0.6875,0.29166666666666663,0.0,0.98354
0.6875,0.296875,0.0,0.984369
0.6875,0.3020833333333333,0.0,0.985156
0.6875,0.30729166666666663,0.0,0.985904
0.6875,0.3125,0.0,0.986614
0.6875,0.3177083333333333,0.0,0.987289
0.6875,0.32291666666666663,0.0,0.98793
0.6875,0.328125,0.0,0.988539
0.6875,0.3333333333333333,0.0,0.989118
0.6875,0.33854166666666663,0.0,0.989667
0.6875,0.34375,0.0,0.990189
0.6875,0.3489583333333333,0.0,0.990684
0.6875,0.35416666666666663,0.0,0.991155
0.6875,0.359375,0.0,0.991602
0.6875,0.3645833333333333,0.0,0.992026
0.6875,0.36979166666666663,0.0,0.992429
0.6875,0.375,0.0,0.992812
0.6875,0.3802083333333333,0.0,0.993176
0.6875,0.38541666666666663,0.0,0.993521
0.6875,0.390625,0.0,0.993848
0.6875,0.3958333333333333,0.0,0.99416
0.6875,0.40104166666666663,0.0,0.994455
0.6875,0.40625,0.0,0.994736
0.6875,0.4114583333333333,0.0,0.995002
0.6875,0.41666666666666663,0.0,0.995255
0.6875,0.421875,0.0,0.995496
0.6875,0.4270833333333333,0.0,0.995724
0.6875,0.43229166666666663,0.0,0.99594
0.6875,0.4375,0.0,0.996146
0.6875,0.4427083333333333,0.0,0.996341
0.6875,0.44791666666666663,0.0,0.996526
0.6875,0.453125,0.0,0.996702
0.6875,0.4583333333333333,0.0,0.996869
0.6875,0.46354166666666663,0.0,0.997028
0.6875,0.46875,0.0,0.997179
0.6875,0.4739583333333333,0.0,0.997322
0.6875,0.47916666666666663,0.0,0.997457
0.6875,0.484375,0.0,0.997586
0.6875,0.4895833333333333,0.0,0.997708
0.6875,0.49479166666666663,0.0,0.997825
0.6875,0.5,0.0,0.997935
0.6666666666666667,0.0,0.0,0.682262
0.6666666666666667,0.005208333333333333,0.0,0.695937
0.6666666666666667,0.010416666666666666,0.0,0.709125
0.6666666666666667,0.015625,0.0,0.721835
0.6666666666666667,0.020833333333333332,0.0,0.734077
0.6666666666666667,0.026041666666666664,0.0,0.745859
0.6666666666666667,0.03125,0.0,0.757193
0.6666666666666667,0.03645833333333333,0.0,0.768088
0.6666666666666667,0.041666666666666664,0.0,0.778556
0.6666666666666667,0.046875,0.0,0.788608
0.6666666666666667,0.05208333333333333,0.0,0.798256
0.6666666666666667,0.057291666666666664,0.0,0.80751
0.6666666666666667,0.0625,0.0,0.816384
0.6666666666666667,0.06770833333333333,0.0,0.824887
0.6666666666666667,0.07291666666666666,0.0,0.833034
0.6666666666666667,0.078125,0.0,0.840834
0.6666666666666667,0.08333333333333333,0.0,0.8483
0.6666666666666667,0.08854166666666666,0.0,0.855443
0.6666666666666667,0.09375,0.0,0.862275
0.6666666666666667,0.09895833333333333,0.0,0.868807
0.6666666666666667,0.10416666666666666,0.0,0.87505
0.6666666666666667,0.109375,0.0,0.881014
0.6666666666666667,0.11458333333333333,0.0,0.886711
0.6666666666666667,0.11979166666666666,0.0,0.892151
0.6666666666666667,0.125,0.0,0.897344
0.6666666666666667,0.13020833333333331,0.0,0.902299
0.6666666666666667,0.13541666666666666,0.0,0.907028
0.6666666666666667,0.140625,0.0,0.911537
0.6666666666666667,0.14583333333333331,0.0,0.915838
0.6666666666666667,0.15104166666666666,0.0,0.919938
0.6666666666666667,0.15625,0.0,0.923847
0.6666666666666667,0.16145833333333331,0.0,0.927572
0.6666666666666667,0.16666666666666666,0.0,0.931121
0.6666666666666667,0.171875,0.0,0.934502
0.6666666666666667,0.17708333333333331,0.0,0.937723
0.6666666666666667,0.18229166666666666,0.0,0.940789
0.6666666666666667,0.1875,0.0,0.94371
0.6666666666666667,0.19270833333333331,0.0,0.94649
0.6666666666666667,0.19791666666666666,0.0,0.949136
0.6666666666666667,0.203125,0.0,0.951655
0.6666666666666667,0.20833333333333331,0.0,0.954052
0.6666666666666667,0.21354166666666666,0.0,0.956333
0.6666666666666667,0.21875,0.0,0.958503
0.6666666666666667,0.22395833333333331,0.0,0.960567
0.6666666666666667,0.22916666666666666,0.0,0.962531
0.6666666666666667,0.234375,0.0,0.964398
0.6666666666666667,0.23958333333333331,0.0,0.966174
0.6666666666666667,0.24479166666666666,0.0,0.967863
0.6666666666666667,0.25,0.0,0.969469
0.6666666666666667,0.2552083333333333,0.0,0.970996
0.6666666666666667,0.26041666666666663,0.0,0.972448
0.6666666666666667,0.265625,0.0,0.973827
0.6666666666666667,0.2708333333333333,0.0,0.975139
0.6666666666666667,0.27604166666666663,0.0,0.976386
0.6666666666666667,0.28125,0.0,0.97757
0.6666666666666667,0.2864583333333333,0.0,0.978697
0.6666666666666667,0.29166666666666663,0.0,0.979767
0.6666666666666667,0.296875,0.0,0.980783
0.6666666666666667,0.3020833333333333,0.0,0.98175
0.6666666666666667,0.30729166666666663,0.0,0.982668
0.6666666666666667,0.3125,0.0,0.98354
0.6666666666666667,0.3177083333333333,0.0,0.984369
0.6666666666666667,0.32291666666666663,0.0,0.985156
0.6666666666666667,0.328125,0.0,0.985904
0.6666666666666667,0.3333333333333333,0.0,0.986614
0.6666666666666667,0.33854166666666663,0.0,0.987289
0.6666666666666667,0.34375,0.0,0.98793
0.6666666666666667,0.3489583333333333,0.0,0.988539
0.6666666666666667,0.35416666666666663,0.0,0.989118
0.6666666666666667,0.359375,0.0,0.989667
0.6666666666666667,0.3645833333333333,0.0,0.990189
0.6666666666666667,0.36979166666666663,0.0,0.990684
0.6666666666666667,0.375,0.0,0.991155
0.6666666666666667,0.3802083333333333,0.0,0.991602
0.6666666666666667,0.38541666666666663,0.0,0.992026
0.6666666666666667,0.390625,0.0,0.992429
0.6666666666666667,0.3958333333333333,0.0,0.992812
0.6666666666666667,0.40104166666666663,0.0,0.993176
0.6666666666666667,0.40625,0.0,0.993521
0.6666666666666667,0.4114583333333333,0.0,0.993848
0.6666666666666667,0.41666666666666663,0.0,0.99416
0.6666666666666667,0.421875,0.0,0.994455
0.6666666666666667,0.4270833333333333,0.0,0.994736
0.6666666666666667,0.43229166666666663,0.0,0.995002
0.6666666666666667,0.4375,0.0,0.995255
0.6666666666666667,0.4427083333333333,0.0,0.995495
0.6666666666666667,0.44791666666666663,0.0,0.995724
0.6666666666666667,0.453125,0.0,0.99594
0.6666666666666667,0.4583333333333333,0.0,0.996146
0.6666666666666667,0.46354166666666663,0.0,0.996341
0.6666666666666667,0.46875,0.0,0.996526
0.6666666666666667,0.4739583333333333,0.0,0.996702
0.6666666666666667,0.47916666666666663,0.0,0.996869
0.6666666666666667,0.484375,0.0,0.997028
0.6666666666666667,0.4895833333333333,0.0,0.997179
0.6666666666666667,0.49479166666666663,0.0,0.997321
0.6666666666666667,0.5,0.0,0.997457
0.6458333333333334,0.0,0.0,0.622555
0.6458333333333334,0.005208333333333333,0.0,0.638245
0.6458333333333334,0.010416666666666666,0.0,0.653423
0.6458333333333334,0.015625,0.0,0.668093
0.6458333333333334,0.020833333333333332,0.0,0.682263
0.6458333333333334,0.026041666666666664,0.0,0.695937
0.6458333333333334,0.03125,0.0,0.709126
0.6458333333333334,0.03645833333333333,0.0,0.721836
0.6458333333333334,0.041666666666666664,0.0,0.734078
0.6458333333333334,0.046875,0.0,0.74586
0.6458333333333334,0.05208333333333333,0.0,0.757194
0.6458333333333334,0.057291666666666664,0.0,0.768089
0.6458333333333334,0.0625,0.0,0.778557
0.6458333333333334,0.06770833333333333,0.0,0.788609
0.6458333333333334,0.07291666666666666,0.0,0.798257
0.6458333333333334,0.078125,0.0,0.807511
0.6458333333333334,0.08333333333333333,0.0,0.816385
0.6458333333333334,0.08854166666666666,0.0,0.824888
0.6458333333333334,0.09375,0.0,0.833035
0.6458333333333334,0.09895833333333333,0.0,0.840835
0.6458333333333334,0.10416666666666666,0.0,0.848301
0.6458333333333334,0.109375,0.0,0.855444
0.6458333333333334,0.11458333333333333,0.0,0.862276
0.6458333333333334,0.11979166666666666,0.0,0.868808
0.6458333333333334,0.125,0.0,0.875051
0.6458333333333334,0.13020833333333331,0.0,0.881015
0.6458333333333334,0.13541666666666666,0.0,0.886712
0.6458333333333334,0.140625,0.0,0.892152
0.6458333333333334,0.14583333333333331,0.0,0.897344
0.6458333333333334,0.15104166666666666,0.0,0.9023
0.6458333333333334,0.15625,0.0,0.907028
0.6458333333333334,0.16145833333333331,0.0,0.911538
0.6458333333333334,0.16666666666666666,0.0,0.915839
0.6458333333333334,0.171875,0.0,0.919939
0.6458333333333334,0.17708333333333331,0.0,0.923847
0.6458333333333334,0.18229166666666666,0.0,0.927572
0.6458333333333334,0.1875,0.0,0.931121
0.6458333333333334,0.19270833333333331,0.0,0.934502
0.6458333333333334,0.19791666666666666,0.0,0.937723
0.6458333333333334,0.203125,0.0,0.94079
0.6458333333333334,0.20833333333333331,0.0,0.94371
0.6458333333333334,0.21354166666666666,0.0,0.94649
0.6458333333333334,0.21875,0.0,0.949137
0.6458333333333334,0.22395833333333331,0.0,0.951655
0.6458333333333334,0.22916666666666666,0.0,0.954052
0.6458333333333334,0.234375,0.0,0.956333
0.6458333333333334,0.23958333333333331,0.0,0.958503
0.6458333333333334,0.24479166666666666,0.0,0.960567
0.6458333333333334,0.25,0.0,0.962531
0.6458333333333334,0.2552083333333333,0.0,0.964399
0.6458333333333334,0.26041666666666663,0.0,0.966175
0.6458333333333334,0.265625,0.0,0.967863
0.6458333333333334,0.2708333333333333,0.0,0.969469
0.6458333333333334,0.27604166666666663,0.0,0.970996
0.6458333333333334,0.28125,0.0,0.972448
0.6458333333333334,0.2864583333333333,0.0,0.973827
0.6458333333333334,0.29166666666666663,0.0,0.975139
0.6458333333333334,0.296875,0.0,0.976386
0.6458333333333334,0.3020833333333333,0.0,0.977571
0.6458333333333334,0.30729166666666663,0.0,0.978697
0.6458333333333334,0.3125,0.0,0.979767
0.6458333333333334,0.3177083333333333,0.0,0.980783
0.6458333333333334,0.32291666666666663,0.0,0.98175
0.6458333333333334,0.328125,0.0,0.982668
0.6458333333333334,0.3333333333333333,0.0,0.98354
0.6458333333333334,0.33854166666666663,0.0,0.984369
0.6458333333333334,0.34375,0.0,0.985156
0.6458333333333334,0.3489583333333333,0.0,0.985904
0.6458333333333334,0.35416666666666663,0.0,0.986614
0.6458333333333334,0.359375,0.0,0.987289
0.6458333333333334,0.3645833333333333,0.0,0.98793
0.6458333333333334,0.36979166666666663,0.0,0.988539
0.6458333333333334,0.375,0.0,0.989118
0.6458333333333334,0.3802083333333333,0.0,0.989667
0.6458333333333334,0.38541666666666663,0.0,0.990189
0.6458333333333334,0.390625,0.0,0.990684
0.6458333333333334,0.3958333333333333,0.0,0.991155
0.6458333333333334,0.40104166666666663,0.0,0.991602
0.6458333333333334,0.40625,0.0,0.992026
0.6458333333333334,0.4114583333333333,0.0,0.992429
0.6458333333333334,0.41666666666666663,0.0,0.992812
0.6458333333333334,0.421875,0.0,0.993176
0.6458333333333334,0.4270833333333333,0.0,0.993521
0.6458333333333334,0.43229166666666663,0.0,0.993848
0.6458333333333334,0.4375,0.0,0.99416
0.6458333333333334,0.4427083333333333,0.0,0.994455
0.6458333333333334,0.44791666666666663,0.0,0.994736
0.6458333333333334,0.453125,0.0,0.995002
0.6458333333333334,0.4583333333333333,0.0,0.995255
0.6458333333333334,0.46354166666666663,0.0,0.995495
0.6458333333333334,0.46875,0.0,0.995724
0.6458333333333334,0.4739583333333333,0.0,0.99594
0.6458333333333334,0.47916666666666663,0.0,0.996146
0.6458333333333334,0.484375,0.0,0.996341
0.6458333333333334,0.4895833333333333,0.0,0.996526
0.6458333333333334,0.49479166666666663,0.0,0.996702
0.6458333333333334,0.5,0.0,0.996869
0.625,0.0,0.0,0.5546
0.625,0.005208333333333333,0.0,0.572368
0.625,0.010416666666666666,0.0,0.589615
0.625,0.015625,0.0,0.606342
0.625,0.020833333333333332,0.0,0.622549
0.625,0.026041666666666664,0.0,0.638241
0.625,0.03125,0.0,0.653419
0.625,0.03645833333333333,0.0,0.668091
0.625,0.041666666666666664,0.0,0.68226
0.625,0.046875,0.0,0.695936
0.625,0.05208333333333333,0.0,0.709125
0.625,0.057291666666666664,0.0,0.721835
0.625,0.0625,0.0,0.734077
0.625,0.06770833333333333,0.0,0.74586
0.625,0.07291666666666666,0.0,0.757194
0.625,0.078125,0.0,0.768089
0.625,0.08333333333333333,0.0,0.778557
0.625,0.08854166666666666,0.0,0.78861
0.625,0.09375,0.0,0.798257
0.625,0.09895833333333333,0.0,0.807512
0.625,0.10416666666666666,0.0,0.816385
0.625,0.109375,0.0,0.824889
0.625,0.11458333333333333,0.0,0.833035
0.625,0.11979166666666666,0.0,0.840836
0.625,0.125,0.0,0.848302
0.625,0.13020833333333331,0.0,0.855445
0.625,0.13541666666666666,0.0,0.862277
0.625,0.140625,0.0,0.868808
0.625,0.14583333333333331,0.0,0.875051
0.625,0.15104166666666666,0.0,0.881016
0.625,0.15625,0.0,0.886713
0.625,0.16145833333333331,0.0,0.892152
0.625,0.16666666666666666,0.0,0.897345
0.625,0.171875,0.0,0.902301
0.625,0.17708333333333331,0.0,0.907029
0.625,0.18229166666666666,0.0,0.911538
0.625,0.1875,0.0,0.915839
0.625,0.19270833333333331,0.0,0.919939
0.625,0.19791666666666666,0.0,0.923848
0.625,0.203125,0.0,0.927573
0.625,0.20833333333333331,0.0,0.931122
0.625,0.21354166666666666,0.0,0.934503
0.625,0.21875,0.0,0.937723
0.625,0.22395833333333331,0.0,0.94079
0.625,0.22916666666666666,0.0,0.94371
0.625,0.234375,0.0,0.94649
0.625,0.23958333333333331,0.0,0.949137
0.625,0.24479166666666666,0.0,0.951656
0.625,0.25,0.0,0.954053
0.625,0.2552083333333333,0.0,0.956333
0.625,0.26041666666666663,0.0,0.958503
0.625,0.265625,0.0,0.960568
0.625,0.2708333333333333,0.0,0.962531
0.625,0.27604166666666663,0.0,0.964399
0.625,0.28125,0.0,0.966175
0.625,0.2864583333333333,0.0,0.967864
0.625,0.29166666666666663,0.0,0.969469
0.625,0.296875,0.0,0.970996
0.625,0.3020833333333333,0.0,0.972448
0.625,0.30729166666666663,0.0,0.973827
0.625,0.3125,0.0,0.975139
0.625,0.3177083333333333,0.0,0.976386
0.625,0.32291666666666663,0.0,0.977571
0.625,0.328125,0.0,0.978697
0.625,0.3333333333333333,0.0,0.979767
0.625,0.33854166666666663,0.0,0.980783
0.625,0.34375,0.0,0.98175
0.625,0.3489583333333333,0.0,0.982668
0.625,0.35416666666666663,0.0,0.98354
0.625,0.359375,0.0,0.984369
0.625,0.3645833333333333,0.0,0.985156
0.625,0.36979166666666663,0.0,0.985904
0.625,0.375,0.0,0.986614
0.625,0.3802083333333333,0.0,0.987289
0.625,0.38541666666666663,0.0,0.98793
0.625,0.390625,0.0,0.988539
0.625,0.3958333333333333,0.0,0.989118
0.625,0.40104166666666663,0.0,0.989667
0.625,0.40625,0.0,0.990189
0.625,0.4114583333333333,0.0,0.990684
0.625,0.41666666666666663,0.0,0.991155
0.625,0.421875,0.0,0.991602
0.625,0.4270833333333333,0.0,0.992026
0.625,0.43229166666666663,0.0,0.992429
0.625,0.4375,0.0,0.992812
0.625,0.4427083333333333,0.0,0.993175
0.625,0.44791666666666663,0.0,0.993521
0.625,0.453125,0.0,0.993848
0.625,0.4583333333333333,0.0,0.99416
0.625,0.46354166666666663,0.0,0.994455
0.625,0.46875,0.0,0.994736
0.625,0.4739583333333333,0.0,0.995002
0.625,0.47916666666666663,0.0,0.995255
0.625,0.484375,0.0,0.995495
0.625,0.4895833333333333,0.0,0.995723
0.625,0.49479166666666663,0.0,0.99594
0.625,0.5,0.0,0.996146
0.6041666666666667,0.0,0.0,0.478343
0.6041666666666667,0.005208333333333333,0.0,0.498168
0.6041666666666667,0.010416666666666666,0.0,0.517488
0.6041666666666667,0.015625,0.0,0.536295
0.6041666666666667,0.020833333333333332,0.0,0.554586
0.6041666666666667,0.026041666666666664,0.0,0.572356
0.6041666666666667,0.03125,0.0,0.589606
0.6041666666666667,0.03645833333333333,0.0,0.606335
0.6041666666666667,0.041666666666666664,0.0,0.622544
0.6041666666666667,0.046875,0.0,0.638236
0.6041666666666667,0.05208333333333333,0.0,0.653416
0.6041666666666667,0.057291666666666664,0.0,0.668088
0.6041666666666667,0.0625,0.0,0.682258
0.6041666666666667,0.06770833333333333,0.0,0.695934
0.6041666666666667,0.07291666666666666,0.0,0.709123
0.6041666666666667,0.078125,0.0,0.721835
0.6041666666666667,0.08333333333333333,0.0,0.734077
0.6041666666666667,0.08854166666666666,0.0,0.74586
0.6041666666666667,0.09375,0.0,0.757194
0.6041666666666667,0.09895833333333333,0.0,0.768089
0.6041666666666667,0.10416666666666666,0.0,0.778557
0.6041666666666667,0.109375,0.0,0.78861
0.6041666666666667,0.11458333333333333,0.0,0.798257
0.6041666666666667,0.11979166666666666,0.0,0.807512
0.6041666666666667,0.125,0.0,0.816386
0.6041666666666667,0.13020833333333331,0.0,0.82489
0.6041666666666667,0.13541666666666666,0.0,0.833036
0.6041666666666667,0.140625,0.0,0.840836
0.6041666666666667,0.14583333333333331,0.0,0.848302
0.6041666666666667,0.15104166666666666,0.0,0.855445
0.6041666666666667,0.15625,0.0,0.862277
0.6041666666666667,0.16145833333333331,0.0,0.868809
0.6041666666666667,0.16666666666666666,0.0,0.875052
0.6041666666666667,0.171875,0.0,0.881016
0.6041666666666667,0.17708333333333331,0.0,0.886713
0.6041666666666667,0.18229166666666666,0.0,0.892153
0.6041666666666667,0.1875,0.0,0.897345
0.6041666666666667,0.19270833333333331,0.0,0.902301
0.6041666666666667,0.19791666666666666,0.0,0.907029
0.6041666666666667,0.203125,0.0,0.911539
0.6041666666666667,0.20833333333333331,0.0,0.915839
0.6041666666666667,0.21354166666666666,0.0,0.91994
0.6041666666666667,0.21875,0.0,0.923848
0.6041666666666667,0.22395833333333331,0.0,0.927573
0.6041666666666667,0.22916666666666666,0.0,0.931122
0.6041666666666667,0.234375,0.0,0.934503
0.6041666666666667,0.23958333333333331,0.0,0.937723
0.6041666666666667,0.24479166666666666,0.0,0.94079
0.6041666666666667,0.25,0.0,0.94371
0.6041666666666667,0.2552083333333333,0.0,0.946491
0.6041666666666667,0.26041666666666663,0.0,0.949137
0.6041666666666667,0.265625,0.0,0.951656
0.6041666666666667,0.2708333333333333,0.0,0.954053
0.6041666666666667,0.27604166666666663,0.0,0.956333
0.6041666666666667,0.28125,0.0,0.958503
0.6041666666666667,0.2864583333333333,0.0,0.960568
0.6041666666666667,0.29166666666666663,0.0,0.962531
0.6041666666666667,0.296875,0.0,0.964399
0.6041666666666667,0.3020833333333333,0.0,0.966175
0.6041666666666667,0.30729166666666663,0.0,0.967864
0.6041666666666667,0.3125,0.0,0.969469
0.6041666666666667,0.3177083333333333,0.0,0.970996
0.6041666666666667,0.32291666666666663,0.0,0.972448
0.6041666666666667,0.328125,0.0,0.973828
0.6041666666666667,0.3333333333333333,0.0,0.975139
0.6041666666666667,0.33854166666666663,0.0,0.976386
0.6041666666666667,0.34375,0.0,0.977571
0.6041666666666667,0.3489583333333333,0.0,0.978697
0.6041666666666667,0.35416666666666663,0.0,0.979767
0.6041666666666667,0.359375,0.0,0.980783
0.6041666666666667,0.3645833333333333,0.0,0.98175
0.6041666666666667,0.36979166666666663,0.0,0.982668
0.6041666666666667,0.375,0.0,0.98354
0.6041666666666667,0.3802083333333333,0.0,0.984369
0.6041666666666667,0.38541666666666663,0.0,0.985156
0.6041666666666667,0.390625,0.0,0.985904
0.6041666666666667,0.3958333333333333,0.0,0.986614
0.6041666666666667,0.40104166666666663,0.0,0.987289
0.6041666666666667,0.40625,0.0,0.98793
0.6041666666666667,0.4114583333333333,0.0,0.988539
0.6041666666666667,0.41666666666666663,0.0,0.989118
0.6041666666666667,0.421875,0.0,0.989667
0.6041666666666667,0.4270833333333333,0.0,0.990189
0.6041666666666667,0.43229166666666663,0.0,0.990684
0.6041666666666667,0.4375,0.0,0.991155
0.6041666666666667,0.4427083333333333,0.0,0.991602
0.6041666666666667,0.44791666666666663,0.0,0.992026
0.6041666666666667,0.453125,0.0,0.992429
0.6041666666666667,0.4583333333333333,0.0,0.992812
0.6041666666666667,0.46354166666666663,0.0,0.993175
0.6041666666666667,0.46875,0.0,0.993521
0.6041666666666667,0.4739583333333333,0.0,0.993848
0.6041666666666667,0.47916666666666663,0.0,0.99416
0.6041666666666667,0.484375,0.0,0.994455
0.6041666666666667,0.4895833333333333,0.0,0.994736
0.6041666666666667,0.49479166666666663,0.0,0.995002
0.6041666666666667,0.5,0.0,0.995255
0.5833333333333334,0.0,0.0,0.394119
0.5833333333333334,0.005208333333333333,0.0,0.415878
0.5833333333333334,0.010416666666666666,0.0,0.437174
0.5833333333333334,0.015625,0.0,0.457992
0.5833333333333334,0.020833333333333332,0.0,0.478321
0.5833333333333334,0.026041666666666664,0.0,0.498151
0.5833333333333334,0.03125,0.0,0.517474
0.5833333333333334,0.03645833333333333,0.0,0.536284
0.5833333333333334,0.041666666666666664,0.0,0.554576
0.5833333333333334,0.046875,0.0,0.572349
0.5833333333333334,0.05208333333333333,0.0,0.5896
0.5833333333333334,0.057291666666666664,0.0,0.60633
0.5833333333333334,0.0625,0.0,0.62254
0.5833333333333334,0.06770833333333333,0.0,0.638233
0.5833333333333334,0.07291666666666666,0.0,0.653413
0.5833333333333334,0.078125,0.0,0.668086
0.5833333333333334,0.08333333333333333,0.0,0.682257
0.5833333333333334,0.08854166666666666,0.0,0.695933
0.5833333333333334,0.09375,0.0,0.709123
0.5833333333333334,0.09895833333333333,0.0,0.721834
0.5833333333333334,0.10416666666666666,0.0,0.734076
0.5833333333333334,0.109375,0.0,0.745859
0.5833333333333334,0.11458333333333333,0.0,0.757193
0.5833333333333334,0.11979166666666666,0.0,0.768089
0.5833333333333334,0.125,0.0,0.778558
0.5833333333333334,0.13020833333333331,0.0,0.78861
0.5833333333333334,0.13541666666666666,0.0,0.798258
0.5833333333333334,0.140625,0.0,0.807512
0.5833333333333334,0.14583333333333331,0.0,0.816386
0.5833333333333334,0.15104166666666666,0.0,0.82489
0.5833333333333334,0.15625,0.0,0.833036
0.5833333333333334,0.16145833333333331,0.0,0.840836
0.5833333333333334,0.16666666666666666,0.0,0.848302
0.5833333333333334,0.171875,0.0,0.855446
0.5833333333333334,0.17708333333333331,0.0,0.862277
0.5833333333333334,0.18229166666666666,0.0,0.868809
0.5833333333333334,0.1875,0.0,0.875052
0.5833333333333334,0.19270833333333331,0.0,0.881016
0.5833333333333334,0.19791666666666666,0.0,0.886713
0.5833333333333334,0.203125,0.0,0.892153
0.5833333333333334,0.20833333333333331,0.0,0.897346
0.5833333333333334,0.21354166666666666,0.0,0.902301
0.5833333333333334,0.21875,0.0,0.907029
0.5833333333333334,0.22395833333333331,0.0,0.911539
0.5833333333333334,0.22916666666666666,0.0,0.91584
0.5833333333333334,0.234375,0.0,0.91994
0.5833333333333334,0.23958333333333331,0.0,0.923848
0.5833333333333334,0.24479166666666666,0.0,0.927573
0.5833333333333334,0.25,0.0,0.931122
0.5833333333333334,0.2552083333333333,0.0,0.934503
0.5833333333333334,0.26041666666666663,0.0,0.937723
0.5833333333333334,0.265625,0.0,0.94079
0.5833333333333334,0.2708333333333333,0.0,0.943711
0.5833333333333334,0.27604166666666663,0.0,0.946491
0.5833333333333334,0.28125,0.0,0.949137
0.5833333333333334,0.2864583333333333,0.0,0.951656
0.5833333333333334,0.29166666666666663,0.0,0.954053
0.5833333333333334,0.296875,0.0,0.956334
0.5833333333333334,0.3020833333333333,0.0,0.958503
0.5833333333333334,0.30729166666666663,0.0,0.960568
0.5833333333333334,0.3125,0.0,0.962531
0.5833333333333334,0.3177083333333333,0.0,0.964399
0.5833333333333334,0.32291666666666663,0.0,0.966175
0.5833333333333334,0.328125,0.0,0.967864
0.5833333333333334,0.3333333333333333,0.0,0.969469
0.5833333333333334,0.33854166666666663,0.0,0.970996
0.5833333333333334,0.34375,0.0,0.972448
0.5833333333333334,0.3489583333333333,0.0,0.973828
0.5833333333333334,0.35416666666666663,0.0,0.975139
0.5833333333333334,0.359375,0.0,0.976386
0.5833333333333334,0.3645833333333333,0.0,0.977571
0.5833333333333334,0.36979166666666663,0.0,0.978697
0.5833333333333334,0.375,0.0,0.979767
0.5833333333333334,0.3802083333333333,0.0,0.980783
0.5833333333333334,0.38541666666666663,0.0,0.98175
0.5833333333333334,0.390625,0.0,0.982668
0.5833333333333334,0.3958333333333333,0.0,0.98354
0.5833333333333334,0.40104166666666663,0.0,0.984369
0.5833333333333334,0.40625,0.0,0.985156
0.5833333333333334,0.4114583333333333,0.0,0.985904
0.5833333333333334,0.41666666666666663,0.0,0.986614
0.5833333333333334,0.421875,0.0,0.987289
0.5833333333333334,0.4270833333333333,0.0,0.98793
0.5833333333333334,0.43229166666666663,0.0,0.988539
0.5833333333333334,0.4375,0.0,0.989118
0.5833333333333334,0.4427083333333333,0.0,0.989667
0.5833333333333334,0.44791666666666663,0.0,0.990189
0.5833333333333334,0.453125,0.0,0.990684
0.5833333333333334,0.4583333333333333,0.0,0.991155
0.5833333333333334,0.46354166666666663,0.0,0.991602
0.5833333333333334,0.46875,0.0,0.992026
0.5833333333333334,0.4739583333333333,0.0,0.992429
0.5833333333333334,0.47916666666666663,0.0,0.992812
0.5833333333333334,0.484375,0.0,0.993175
0.5833333333333334,0.4895833333333333,0.0,0.993521
0.5833333333333334,0.49479166666666663,0.0,0.993848
0.5833333333333334,0.5,0.0,0.99416
0.5625,0.0,0.0,0.30271
0.5625,0.005208333333333333,0.0,0.326165
0.5625,0.010416666666666666,0.0,0.349228
0.5625,0.015625,0.0,0.371876
0.5625,0.020833333333333332,0.0,0.394091
0.5625,0.026041666666666664,0.0,0.415856
0.5625,0.03125,0.0,0.437156
0.5625,0.03645833333333333,0.0,0.457977
0.5625,0.041666666666666664,0.0,0.478309
0.5625,0.046875,0.0,0.498141
0.5625,0.05208333333333333,0.0,0.517466
0.5625,0.057291666666666664,0.0,0.536277
0.5625,0.0625,0.0,0.554571
0.5625,0.06770833333333333,0.0,0.572344
0.5625,0.07291666666666666,0.0,0.589596
0.5625,0.078125,0.0,0.606326
0.5625,0.08333333333333333,0.0,0.622537
0.5625,0.08854166666666666,0.0,0.638231
0.5625,0.09375,0.0,0.653411
0.5625,0.09895833333333333,0.0,0.668084
0.5625,0.10416666666666666,0.0,0.682256
0.5625,0.109375,0.0,0.695932
0.5625,0.11458333333333333,0.0,0.709122
0.5625,0.11979166666666666,0.0,0.721833
0.5625,0.125,0.0,0.734076
0.5625,0.13020833333333331,0.0,0.745859
0.5625,0.13541666666666666,0.0,0.757193
0.5625,0.140625,0.0,0.768089
0.5625,0.14583333333333331,0.0,0.778558
0.5625,0.15104166666666666,0.0,0.78861
0.5625,0.15625,0.0,0.798258
0.5625,0.16145833333333331,0.0,0.807513
0.5625,0.16666666666666666,0.0,0.816386
0.5625,0.171875,0.0,0.82489
0.5625,0.17708333333333331,0.0,0.833036
0.5625,0.18229166666666666,0.0,0.840837
0.5625,0.1875,0.0,0.848303
0.5625,0.19270833333333331,0.0,0.855446
0.5625,0.19791666666666666,0.0,0.862278
0.5625,0.203125,0.0,0.86881
0.5625,0.20833333333333331,0.0,0.875052
0.5625,0.21354166666666666,0.0,0.881017
0.5625,0.21875,0.0,0.886714
0.5625,0.22395833333333331,0.0,0.892153
0.5625,0.22916666666666666,0.0,0.897346
0.5625,0.234375,0.0,0.902301
0.5625,0.23958333333333331,0.0,0.907029
0.5625,0.24479166666666666,0.0,0.911539
0.5625,0.25,0.0,0.91584
0.5625,0.2552083333333333,0.0,0.91994
0.5625,0.26041666666666663,0.0,0.923848
0.5625,0.265625,0.0,0.927573
0.5625,0.2708333333333333,0.0,0.931122
0.5625,0.27604166666666663,0.0,0.934503
0.5625,0.28125,0.0,0.937724
0.5625,0.2864583333333333,0.0,0.94079
0.5625,0.29166666666666663,0.0,0.943711
0.5625,0.296875,0.0,0.946491
0.5625,0.3020833333333333,0.0,0.949137
0.5625,0.30729166666666663,0.0,0.951656
0.5625,0.3125,0.0,0.954053
0.5625,0.3177083333333333,0.0,0.956334
0.5625,0.32291666666666663,0.0,0.958504
0.5625,0.328125,0.0,0.960568
0.5625,0.3333333333333333,0.0,0.962531
0.5625,0.33854166666666663,0.0,0.964399
0.5625,0.34375,0.0,0.966175
0.5625,0.3489583333333333,0.0,0.967864
0.5625,0.35416666666666663,0.0,0.969469
0.5625,0.359375,0.0,0.970996
0.5625,0.3645833333333333,0.0,0.972448
0.5625,0.36979166666666663,0.0,0.973828
0.5625,0.375,0.0,0.975139
0.5625,0.3802083333333333,0.0,0.976386
0.5625,0.38541666666666663,0.0,0.977571
0.5625,0.390625,0.0,0.978697
0.5625,0.3958333333333333,0.0,0.979767
0.5625,0.40104166666666663,0.0,0.980783
0.5625,0.40625,0.0,0.98175
0.5625,0.4114583333333333,0.0,0.982668
0.5625,0.41666666666666663,0.0,0.98354
0.5625,0.421875,0.0,0.984369
0.5625,0.4270833333333333,0.0,0.985156
0.5625,0.43229166666666663,0.0,0.985904
0.5625,0.4375,0.0,0.986614
0.5625,0.4427083333333333,0.0,0.987289
0.5625,0.44791666666666663,0.0,0.98793
0.5625,0.453125,0.0,0.988539
0.5625,0.4583333333333333,0.0,0.989118
0.5625,0.46354166666666663,0.0,0.989667
0.5625,0.46875,0.0,0.990189
0.5625,0.4739583333333333,0.0,0.990684
0.5625,0.47916666666666663,0.0,0.991155
0.5625,0.484375,0.0,0.991602
0.5625,0.4895833333333333,0.0,0.992026
0.5625,0.49479166666666663,0.0,0.992429
0.5625,0.5,0.0,0.992812
0.5416666666666667,0.0,0.0,0.205371
0.5416666666666667,0.005208333333333333,0.0,0.230167
0.5416666666666667,0.010416666666666666,0.0,0.254669
0.5416666666666667,0.015625,0.0,0.278849
0.5416666666666667,0.020833333333333332,0.0,0.302681
0.5416666666666667,0.026041666666666664,0.0,0.326142
0.5416666666666667,0.03125,0.0,0.349208
0.5416666666666667,0.03645833333333333,0.0,0.37186
0.5416666666666667,0.041666666666666664,0.0,0.394078
0.5416666666666667,0.046875,0.0,0.415845
0.5416666666666667,0.05208333333333333,0.0,0.437146
0.5416666666666667,0.057291666666666664,0.0,0.457969
0.5416666666666667,0.0625,0.0,0.478302
0.5416666666666667,0.06770833333333333,0.0,0.498135
0.5416666666666667,0.07291666666666666,0.0,0.51746
0.5416666666666667,0.078125,0.0,0.536273
0.5416666666666667,0.08333333333333333,0.0,0.554567
0.5416666666666667,0.08854166666666666,0.0,0.572341
0.5416666666666667,0.09375,0.0,0.589593
0.5416666666666667,0.09895833333333333,0.0,0.606324
0.5416666666666667,0.10416666666666666,0.0,0.622535
0.5416666666666667,0.109375,0.0,0.638229
0.5416666666666667,0.11458333333333333,0.0,0.65341
0.5416666666666667,0.11979166666666666,0.0,0.668083
0.5416666666666667,0.125,0.0,0.682255
0.5416666666666667,0.13020833333333331,0.0,0.695932
0.5416666666666667,0.13541666666666666,0.0,0.709122
0.5416666666666667,0.140625,0.0,0.721833
0.5416666666666667,0.14583333333333331,0.0,0.734076
0.5416666666666667,0.15104166666666666,0.0,0.745859
0.5416666666666667,0.15625,0.0,0.757193
0.5416666666666667,0.16145833333333331,0.0,0.768089
0.5416666666666667,0.16666666666666666,0.0,0.778558
0.5416666666666667,0.171875,0.0,0.78861
0.5416666666666667,0.17708333333333331,0.0,0.798258
0.5416666666666667,0.18229166666666666,0.0,0.807513
0.5416666666666667,0.1875,0.0,0.816386
0.5416666666666667,0.19270833333333331,0.0,0.82489
0.5416666666666667,0.19791666666666666,0.0,0.833037
0.5416666666666667,0.203125,0.0,0.840837
0.5416666666666667,0.20833333333333331,0.0,0.848303
0.5416666666666667,0.21354166666666666,0.0,0.855446
0.5416666666666667,0.21875,0.0,0.862278
0.5416666666666667,0.22395833333333331,0.0,0.86881
0.5416666666666667,0.22916666666666666,0.0,0.875052
0.5416666666666667,0.234375,0.0,0.881017
0.5416666666666667,0.23958333333333331,0.0,0.886714
0.5416666666666667,0.24479166666666666,0.0,0.892153
0.5416666666666667,0.25,0.0,0.897346
0.5416666666666667,0.2552083333333333,0.0,0.902302
0.5416666666666667,0.26041666666666663,0.0,0.90703
0.5416666666666667,0.265625,0.0,0.911539
0.5416666666666667,0.2708333333333333,0.0,0.91584
0.5416666666666667,0.27604166666666663,0.0,0.91994
0.5416666666666667,0.28125,0.0,0.923849
0.5416666666666667,0.2864583333333333,0.0,0.927573
0.5416666666666667,0.29166666666666663,0.0,0.931122
0.5416666666666667,0.296875,0.0,0.934503
0.5416666666666667,0.3020833333333333,0.0,0.937724
0.5416666666666667,0.30729166666666663,0.0,0.940791
0.5416666666666667,0.3125,0.0,0.943711
0.5416666666666667,0.3177083333333333,0.0,0.946491
0.5416666666666667,0.32291666666666663,0.0,0.949137
0.5416666666666667,0.328125,0.0,0.951656
0.5416666666666667,0.3333333333333333,0.0,0.954053
0.5416666666666667,0.33854166666666663,0.0,0.956334
0.5416666666666667,0.34375,0.0,0.958504
0.5416666666666667,0.3489583333333333,0.0,0.960568
0.5416666666666667,0.35416666666666663,0.0,0.962531
0.5416666666666667,0.359375,0.0,0.964399
0.5416666666666667,0.3645833333333333,0.0,0.966175
0.5416666666666667,0.36979166666666663,0.0,0.967864
0.5416666666666667,0.375,0.0,0.96947
0.5416666666666667,0.3802083333333333,0.0,0.970996
0.5416666666666667,0.38541666666666663,0.0,0.972448
0.5416666666666667,0.390625,0.0,0.973828
0.5416666666666667,0.3958333333333333,0.0,0.975139
0.5416666666666667,0.40104166666666663,0.0,0.976386
0.5416666666666667,0.40625,0.0,0.977571
0.5416666666666667,0.4114583333333333,0.0,0.978697
0.5416666666666667,0.41666666666666663,0.0,0.979767
0.5416666666666667,0.421875,0.0,0.980783
0.5416666666666667,0.4270833333333333,0.0,0.98175
0.5416666666666667,0.43229166666666663,0.0,0.982668
0.5416666666666667,0.4375,0.0,0.98354
0.5416666666666667,0.4427083333333333,0.0,0.984369
0.5416666666666667,0.44791666666666663,0.0,0.985156
0.5416666666666667,0.453125,0.0,0.985904
0.5416666666666667,0.4583333333333333,0.0,0.986614
0.5416666666666667,0.46354166666666663,0.0,0.987289
0.5416666666666667,0.46875,0.0,0.98793
0.5416666666666667,0.4739583333333333,0.0,0.988539
0.5416666666666667,0.47916666666666663,0.0,0.989117
0.5416666666666667,0.484375,0.0,0.989667
0.5416666666666667,0.4895833333333333,0.0,0.990189
0.5416666666666667,0.49479166666666663,0.0,0.990684
0.5416666666666667,0.5,0.0,0.991155
0.5208333333333334,0.0,0.0,0.103792
0.5208333333333334,0.005208333333333333,0.0,0.129472
0.5208333333333334,0.010416666666666666,0.0,0.154979
0.5208333333333334,0.015625,0.0,0.180281
0.5208333333333334,0.020833333333333332,0.0,0.205347
0.5208333333333334,0.026041666666666664,0.0,0.230147
0.5208333333333334,0.03125,0.0,0.254651
0.5208333333333334,0.03645833333333333,0.0,0.278834
0.5208333333333334,0.041666666666666664,0.0,0.302668
0.5208333333333334,0.046875,0.0,0.326131
0.5208333333333334,0.05208333333333333,0.0,0.349198
0.5208333333333334,0.057291666666666664,0.0,0.371851
0.5208333333333334,0.0625,0.0,0.39407
0.5208333333333334,0.06770833333333333,0.0,0.415838
0.5208333333333334,0.07291666666666666,0.0,0.437141
0.5208333333333334,0.078125,0.0,0.457964
0.5208333333333334,0.08333333333333333,0.0,0.478298
0.5208333333333334,0.08854166666666666,0.0,0.498131
0.5208333333333334,0.09375,0.0,0.517457
0.5208333333333334,0.09895833333333333,0.0,0.53627
0.5208333333333334,0.10416666666666666,0.0,0.554565
0.5208333333333334,0.109375,0.0,0.572339
0.5208333333333334,0.11458333333333333,0.0,0.589592
0.5208333333333334,0.11979166666666666,0.0,0.606323
0.5208333333333334,0.125,0.0,0.622534
0.5208333333333334,0.13020833333333331,0.0,0.638228
0.5208333333333334,0.13541666666666666,0.0,0.653409
0.5208333333333334,0.140625,0.0,0.668083
0.5208333333333334,0.14583333333333331,0.0,0.682254
0.5208333333333334,0.15104166666666666,0.0,0.695931
0.5208333333333334,0.15625,0.0,0.709121
0.5208333333333334,0.16145833333333331,0.0,0.721833
0.5208333333333334,0.16666666666666666,0.0,0.734076
0.5208333333333334,0.171875,0.0,0.745859
0.5208333333333334,0.17708333333333331,0.0,0.757193
0.5208333333333334,0.18229166666666666,0.0,0.768089
0.5208333333333334,0.1875,0.0,0.778558
0.5208333333333334,0.19270833333333331,0.0,0.78861
0.5208333333333334,0.19791666666666666,0.0,0.798258
0.5208333333333334,0.203125,0.0,0.807513
0.5208333333333334,0.20833333333333331,0.0,0.816387
0.5208333333333334,0.21354166666666666,0.0,0.824891
0.5208333333333334,0.21875,0.0,0.833037
0.5208333333333334,0.22395833333333331,0.0,0.840837
0.5208333333333334,0.22916666666666666,0.0,0.848303
0.5208333333333334,0.234375,0.0,0.855446
0.5208333333333334,0.23958333333333331,0.0,0.862278
0.5208333333333334,0.24479166666666666,0.0,0.86881
0.5208333333333334,0.25,0.0,0.875053
0.5208333333333334,0.2552083333333333,0.0,0.881017
0.5208333333333334,0.26041666666666663,0.0,0.886714
0.5208333333333334,0.265625,0.0,0.892154
0.5208333333333334,0.2708333333333333,0.0,0.897346
0.5208333333333334,0.27604166666666663,0.0,0.902302
0.5208333333333334,0.28125,0.0,0.90703
0.5208333333333334,0.2864583333333333,0.0,0.911539
0.5208333333333334,0.29166666666666663,0.0,0.91584
0.5208333333333334,0.296875,0.0,0.91994
0.5208333333333334,0.3020833333333333,0.0,0.923849
0.5208333333333334,0.30729166666666663,0.0,0.927573
0.5208333333333334,0.3125,0.0,0.931122
0.5208333333333334,0.3177083333333333,0.0,0.934503
0.5208333333333334,0.32291666666666663,0.0,0.937724
0.5208333333333334,0.328125,0.0,0.940791
0.5208333333333334,0.3333333333333333,0.0,0.943711
0.5208333333333334,0.33854166666666663,0.0,0.946491
0.5208333333333334,0.34375,0.0,0.949137
0.5208333333333334,0.3489583333333333,0.0,0.951656
0.5208333333333334,0.35416666666666663,0.0,0.954053
0.5208333333333334,0.359375,0.0,0.956334
0.5208333333333334,0.3645833333333333,0.0,0.958504
0.5208333333333334,0.36979166666666663,0.0,0.960568
0.5208333333333334,0.375,0.0,0.962531
0.5208333333333334,0.3802083333333333,0.0,0.964399
0.5208333333333334,0.38541666666666663,0.0,0.966175
0.5208333333333334,0.390625,0.0,0.967864
0.5208333333333334,0.3958333333333333,0.0,0.96947
0.5208333333333334,0.40104166666666663,0.0,0.970996
0.5208333333333334,0.40625,0.0,0.972448
0.5208333333333334,0.4114583333333333,0.0,0.973828
0.5208333333333334,0.41666666666666663,0.0,0.975139
0.5208333333333334,0.421875,0.0,0.976386
0.5208333333333334,0.4270833333333333,0.0,0.977571
0.5208333333333334,0.43229166666666663,0.0,0.978697
0.5208333333333334,0.4375,0.0,0.979767
0.5208333333333334,0.4427083333333333,0.0,0.980783
0.5208333333333334,0.44791666666666663,0.0,0.98175
0.5208333333333334,0.453125,0.0,0.982668
0.5208333333333334,0.4583333333333333,0.0,0.98354
0.5208333333333334,0.46354166666666663,0.0,0.984369
0.5208333333333334,0.46875,0.0,0.985156
0.5208333333333334,0.4739583333333333,0.0,0.985904
0.5208333333333334,0.47916666666666663,0.0,0.986614
0.5208333333333334,0.484375,0.0,0.987289
0.5208333333333334,0.4895833333333333,0.0,0.98793
0.5208333333333334,0.49479166666666663,0.0,0.988539
0.5208333333333334,0.5,0.0,0.989117
0.5,0.0,0.0,0.0
0.5,0.005208333333333333,0.0,0.0260345
0.5,0.010416666666666666,0.0,0.0520319
0.5,0.015625,0.0,0.0779578
0.5,0.020833333333333332,0.0,0.103778
0.5,0.026041666666666664,0.0,0.129459
0.5,0.03125,0.0,0.154967
0.5,0.03645833333333333,0.0,0.18027
0.5,0.041666666666666664,0.0,0.205337
0.5,0.046875,0.0,0.230137
0.5,0.05208333333333333,0.0,0.254643
0.5,0.057291666666666664,0.0,0.278826
0.5,0.0625,0.0,0.302661
0.5,0.06770833333333333,0.0,0.326124
0.5,0.07291666666666666,0.0,0.349193
0.5,0.078125,0.0,0.371846
0.5,0.08333333333333333,0.0,0.394066
0.5,0.08854166666666666,0.0,0.415835
0.5,0.09375,0.0,0.437137
0.5,0.09895833333333333,0.0,0.457961
0.5,0.10416666666666666,0.0,0.478295
0.5,0.109375,0.0,0.498129
0.5,0.11458333333333333,0.0,0.517455
0.5,0.11979166666666666,0.0,0.536268
0.5,0.125,0.0,0.554563
0.5,0.13020833333333331,0.0,0.572338
0.5,0.13541666666666666,0.0,0.589591
0.5,0.140625,0.0,0.606322
0.5,0.14583333333333331,0.0,0.622533
0.5,0.15104166666666666,0.0,0.638228
0.5,0.15625,0.0,0.653409
0.5,0.16145833333333331,0.0,0.668082
0.5,0.16666666666666666,0.0,0.682254
0.5,0.171875,0.0,0.695931
0.5,0.17708333333333331,0.0,0.709121
0.5,0.18229166666666666,0.0,0.721833
0.5,0.1875,0.0,0.734076
0.5,0.19270833333333331,0.0,0.745859
0.5,0.19791666666666666,0.0,0.757193
0.5,0.203125,0.0,0.768089
0.5,0.20833333333333331,0.0,0.778558
0.5,0.21354166666666666,0.0,0.78861
0.5,0.21875,0.0,0.798258
0.5,0.22395833333333331,0.0,0.807513
0.5,0.22916666666666666,0.0,0.816387
0.5,0.234375,0.0,0.824891
0.5,0.23958333333333331,0.0,0.833037
0.5,0.24479166666666666,0.0,0.840837
0.5,0.25,0.0,0.848303
0.5,0.2552083333333333,0.0,0.855447
0.5,0.26041666666666663,0.0,0.862278
0.5,0.265625,0.0,0.86881
0.5,0.2708333333333333,0.0,0.875053
0.5,0.27604166666666663,0.0,0.881017
0.5,0.28125,0.0,0.886714
0.5,0.2864583333333333,0.0,0.892154
0.5,0.29166666666666663,0.0,0.897346
0.5,0.296875,0.0,0.902302
0.5,0.3020833333333333,0.0,0.90703
0.5,0.30729166666666663,0.0,0.91154
0.5,0.3125,0.0,0.91584
0.5,0.3177083333333333,0.0,0.91994
0.5,0.32291666666666663,0.0,0.923849
0.5,0.328125,0.0,0.927574
0.5,0.3333333333333333,0.0,0.931123
0.5,0.33854166666666663,0.0,0.934504
0.5,0.34375,0.0,0.937724
0.5,0.3489583333333333,0.0,0.940791
0.5,0.35416666666666663,0.0,0.943711
0.5,0.359375,0.0,0.946491
0.5,0.3645833333333333,0.0,0.949137
0.5,0.36979166666666663,0.0,0.951656
0.5,0.375,0.0,0.954053
0.5,0.3802083333333333,0.0,0.956334
0.5,0.38541666666666663,0.0,0.958504
0.5,0.390625,0.0,0.960568
0.5,0.3958333333333333,0.0,0.962531
0.5,0.40104166666666663,0.0,0.964399
0.5,0.40625,0.0,0.966175
0.5,0.4114583333333333,0.0,0.967864
0.5,0.41666666666666663,0.0,0.96947
0.5,0.421875,0.0,0.970996
0.5,0.4270833333333333,0.0,0.972448
0.5,0.43229166666666663,0.0,0.973828
0.5,0.4375,0.0,0.975139
0.5,0.4427083333333333,0.0,0.976386
0.5,0.44791666666666663,0.0,0.977571
0.5,0.453125,0.0,0.978697
0.5,0.4583333333333333,0.0,0.979767
0.5,0.46354166666666663,0.0,0.980783
0.5,0.46875,0.0,0.98175
0.5,0.4739583333333333,0.0,0.982668
0.5,0.47916666666666663,0.0,0.98354
0.5,0.484375,0.0,0.984369
0.5,0.4895833333333333,0.0,0.985156
0.5,0.49479166666666663,0.0,0.985904
0.5,0.5,0.0,0.986614
0.47916666666666674,0.0,0.0,-0.103792
0.47916666666666674,0.005208333333333333,0.0,-0.0779629
0.47916666666666674,0.010416666666666666,0.0,-0.0520321
0.47916666666666674,0.015625,0.0,-0.026033
0.47916666666666674,0.020833333333333332,0.0,-1.53767e-07
0.47916666666666674,0.026041666666666664,0.0,0.0260316
0.47916666666666674,0.03125,0.0,0.0520274
0.47916666666666674,0.03645833333333333,0.0,0.0779525
0.47916666666666674,0.041666666666666664,0.0,0.103772
0.47916666666666674,0.046875,0.0,0.129453
0.47916666666666674,0.05208333333333333,0.0,0.154961
0.47916666666666674,0.057291666666666664,0.0,0.180264
0.47916666666666674,0.0625,0.0,0.205331
0.47916666666666674,0.06770833333333333,0.0,0.230132
0.47916666666666674,0.07291666666666666,0.0,0.254638
0.47916666666666674,0.078125,0.0,0.278822
0.47916666666666674,0.08333333333333333,0.0,0.302657
0.47916666666666674,0.08854166666666666,0.0,0.326121
0.47916666666666674,0.09375,0.0,0.34919
0.47916666666666674,0.09895833333333333,0.0,0.371843
0.47916666666666674,0.10416666666666666,0.0,0.394063
0.47916666666666674,0.109375,0.0,0.415832
0.47916666666666674,0.11458333333333333,0.0,0.437135
0.47916666666666674,0.11979166666666666,0.0,0.45796
0.47916666666666674,0.125,0.0,0.478294
0.47916666666666674,0.13020833333333331,0.0,0.498128
0.47916666666666674,0.13541666666666666,0.0,0.517454
0.47916666666666674,0.140625,0.0,0.536267
0.47916666666666674,0.14583333333333331,0.0,0.554563
0.47916666666666674,0.15104166666666666,0.0,0.572337
0.47916666666666674,0.15625,0.0,0.58959
0.47916666666666674,0.16145833333333331,0.0,0.606322
0.47916666666666674,0.16666666666666666,0.0,0.622533
0.47916666666666674,0.171875,0.0,0.638227
0.47916666666666674,0.17708333333333331,0.0,0.653409
0.47916666666666674,0.18229166666666666,0.0,0.668082
0.47916666666666674,0.1875,0.0,0.682254
0.47916666666666674,0.19270833333333331,0.0,0.695931
0.47916666666666674,0.19791666666666666,0.0,0.709121
0.47916666666666674,0.203125,0.0,0.721833
0.47916666666666674,0.20833333333333331,0.0,0.734076
0.47916666666666674,0.21354166666666666,0.0,0.745859
0.47916666666666674,0.21875,0.0,0.757194
0.47916666666666674,0.22395833333333331,0.0,0.76809
0.47916666666666674,0.22916666666666666,0.0,0.778558
0.47916666666666674,0.234375,0.0,0.788611
0.47916666666666674,0.23958333333333331,0.0,0.798258
0.47916666666666674,0.24479166666666666,0.0,0.807513
0.47916666666666674,0.25,0.0,0.816387
0.47916666666666674,0.2552083333333333,0.0,0.824891
0.47916666666666674,0.26041666666666663,0.0,0.833037
0.47916666666666674,0.265625,0.0,0.840838
0.47916666666666674,0.2708333333333333,0.0,0.848304
0.47916666666666674,0.27604166666666663,0.0,0.855447
0.47916666666666674,0.28125,0.0,0.862279
0.47916666666666674,0.2864583333333333,0.0,0.86881
0.47916666666666674,0.29166666666666663,0.0,0.875053
0.47916666666666674,0.296875,0.0,0.881017
0.47916666666666674,0.3020833333333333,0.0,0.886714
0.47916666666666674,0.30729166666666663,0.0,0.892154
0.47916666666666674,0.3125,0.0,0.897347
0.47916666666666674,0.3177083333333333,0.0,0.902302
0.47916666666666674,0.32291666666666663,0.0,0.90703
0.47916666666666674,0.328125,0.0,0.91154
0.47916666666666674,0.3333333333333333,0.0,0.91584
0.47916666666666674,0.33854166666666663,0.0,0.919941
0.47916666666666674,0.34375,0.0,0.923849
0.47916666666666674,0.3489583333333333,0.0,0.927574
0.47916666666666674,0.35416666666666663,0.0,0.931123
0.47916666666666674,0.359375,0.0,0.934504
0.47916666666666674,0.3645833333333333,0.0,0.937724
0.47916666666666674,0.36979166666666663,0.0,0.940791
0.47916666666666674,0.375,0.0,0.943711
0.47916666666666674,0.3802083333333333,0.0,0.946491
0.47916666666666674,0.38541666666666663,0.0,0.949137
0.47916666666666674,0.390625,0.0,0.951656
0.47916666666666674,0.3958333333333333,0.0,0.954053
0.47916666666666674,0.40104166666666663,0.0,0.956334
0.47916666666666674,0.40625,0.0,0.958504
0.47916666666666674,0.4114583333333333,0.0,0.960568
0.47916666666666674,0.41666666666666663,0.0,0.962531
0.47916666666666674,0.421875,0.0,0.964399
0.47916666666666674,0.4270833333333333,0.0,0.966175
0.47916666666666674,0.43229166666666663,0.0,0.967864
0.47916666666666674,0.4375,0.0,0.96947
0.47916666666666674,0.4427083333333333,0.0,0.970996
0.47916666666666674,0.44791666666666663,0.0,0.972448
0.47916666666666674,0.453125,0.0,0.973828
0.47916666666666674,0.4583333333333333,0.0,0.975139
0.47916666666666674,0.46354166666666663,0.0,0.976386
0.47916666666666674,0.46875,0.0,0.977571
0.47916666666666674,0.4739583333333333,0.0,0.978697
0.47916666666666674,0.47916666666666663,0.0,0.979767
0.47916666666666674,0.484375,0.0,0.980783
0.47916666666666674,0.4895833333333333,0.0,0.98175
0.47916666666666674,0.49479166666666663,0.0,0.982668
0.47916666666666674,0.5,0.0,0.98354
0.45833333333333337,0.0,0.0,-0.205371
0.45833333333333337,0.005208333333333333,0.0,-0.180291
0.45833333333333337,0.010416666666666666,0.0,-0.154979
0.45833333333333337,0.015625,0.0,-0.129464
0.45833333333333337,0.020833333333333332,0.0,-0.103778
0.45833333333333337,0.026041666666666664,0.0,-0.0779549
0.45833333333333337,0.03125,0.0,-0.0520278
0.45833333333333337,0.03645833333333333,0.0,-0.0260313
0.45833333333333337,0.041666666666666664,0.0,-2.1016e-07
0.45833333333333337,0.046875,0.0,0.0260304
0.45833333333333337,0.05208333333333333,0.0,0.0520254
0.45833333333333337,0.057291666666666664,0.0,0.0779499
0.45833333333333337,0.0625,0.0,0.103769
0.45833333333333337,0.06770833333333333,0.0,0.12945
0.45833333333333337,0.07291666666666666,0.0,0.154958
0.45833333333333337,0.078125,0.0,0.180261
0.45833333333333337,0.08333333333333333,0.0,0.205328
0.45833333333333337,0.08854166666666666,0.0,0.230129
0.45833333333333337,0.09375,0.0,0.254635
0.45833333333333337,0.09895833333333333,0.0,0.278819
0.45833333333333337,0.10416666666666666,0.0,0.302655
0.45833333333333337,0.109375,0.0,0.326119
0.45833333333333337,0.11458333333333333,0.0,0.349188
0.45833333333333337,0.11979166666666666,0.0,0.371842
0.45833333333333337,0.125,0.0,0.394062
0.45833333333333337,0.13020833333333331,0.0,0.415831
0.45833333333333337,0.13541666666666666,0.0,0.437134
0.45833333333333337,0.140625,0.0,0.457958
0.45833333333333337,0.14583333333333331,0.0,0.478293
0.45833333333333337,0.15104166666666666,0.0,0.498127
0.45833333333333337,0.15625,0.0,0.517453
0.45833333333333337,0.16145833333333331,0.0,0.536267
0.45833333333333337,0.16666666666666666,0.0,0.554562
0.45833333333333337,0.171875,0.0,0.572337
0.45833333333333337,0.17708333333333331,0.0,0.58959
0.45833333333333337,0.18229166666666666,0.0,0.606321
0.45833333333333337,0.1875,0.0,0.622533
0.45833333333333337,0.19270833333333331,0.0,0.638227
0.45833333333333337,0.19791666666666666,0.0,0.653409
0.45833333333333337,0.203125,0.0,0.668082
0.45833333333333337,0.20833333333333331,0.0,0.682254
0.45833333333333337,0.21354166666666666,0.0,0.695931
0.45833333333333337,0.21875,0.0,0.709121
0.45833333333333337,0.22395833333333331,0.0,0.721833
0.45833333333333337,0.22916666666666666,0.0,0.734076
0.45833333333333337,0.234375,0.0,0.745859
0.45833333333333337,0.23958333333333331,0.0,0.757194
0.45833333333333337,0.24479166666666666,0.0,0.76809
0.45833333333333337,0.25,0.0,0.778558
0.45833333333333337,0.2552083333333333,0.0,0.788611
0.45833333333333337,0.26041666666666663,0.0,0.798259
0.45833333333333337,0.265625,0.0,0.807513
0.45833333333333337,0.2708333333333333,0.0,0.816387
0.45833333333333337,0.27604166666666663,0.0,0.824891
0.45833333333333337,0.28125,0.0,0.833037
0.45833333333333337,0.2864583333333333,0.0,0.840838
0.45833333333333337,0.29166666666666663,0.0,0.848304
0.45833333333333337,0.296875,0.0,0.855447
0.45833333333333337,0.3020833333333333,0.0,0.862279
0.45833333333333337,0.30729166666666663,0.0,0.86881
0.45833333333333337,0.3125,0.0,0.875053
0.45833333333333337,0.3177083333333333,0.0,0.881018
0.45833333333333337,0.32291666666666663,0.0,0.886714
0.45833333333333337,0.328125,0.0,0.892154
0.45833333333333337,0.3333333333333333,0.0,0.897347
0.45833333333333337,0.33854166666666663,0.0,0.902302
0.45833333333333337,0.34375,0.0,0.90703
0.45833333333333337,0.3489583333333333,0.0,0.91154
0.45833333333333337,0.35416666666666663,0.0,0.91584
0.45833333333333337,0.359375,0.0,0.919941
0.45833333333333337,0.3645833333333333,0.0,0.923849
0.45833333333333337,0.36979166666666663,0.0,0.927574
0.45833333333333337,0.375,0.0,0.931123
0.45833333333333337,0.3802083333333333,0.0,0.934504
0.45833333333333337,0.38541666666666663,0.0,0.937724
0.45833333333333337,0.390625,0.0,0.940791
0.45833333333333337,0.3958333333333333,0.0,0.943711
0.45833333333333337,0.40104166666666663,0.0,0.946491
0.45833333333333337,0.40625,0.0,0.949137
0.45833333333333337,0.4114583333333333,0.0,0.951656
0.45833333333333337,0.41666666666666663,0.0,0.954053
0.45833333333333337,0.421875,0.0,0.956334
0.45833333333333337,0.4270833333333333,0.0,0.958504
0.45833333333333337,0.43229166666666663,0.0,0.960568
0.45833333333333337,0.4375,0.0,0.962531
0.45833333333333337,0.4427083333333333,0.0,0.964399
0.45833333333333337,0.44791666666666663,0.0,0.966175
0.45833333333333337,0.453125,0.0,0.967864
0.45833333333333337,0.4583333333333333,0.0,0.96947
0.45833333333333337,0.46354166666666663,0.0,0.970996
0.45833333333333337,0.46875,0.0,0.972448
0.45833333333333337,0.4739583333333333,0.0,0.973828
0.45833333333333337,0.47916666666666663,0.0,0.975139
0.45833333333333337,0.484375,0.0,0.976386
0.45833333333333337,0.4895833333333333,0.0,0.977571
0.45833333333333337,0.49479166666666663,0.0,0.978697
0.45833333333333337,0.5,0.0,0.979767
0.4375,0.0,0.0,-0.30271
0.4375,0.005208333333333333,0.0,-0.278862
0.4375,0.010416666666666666,0.0,-0.254669
0.4375,0.015625,0.0,-0.230155
0.4375,0.020833333333333332,0.0,-0.205347
0.4375,0.026041666666666664,0.0,-0.180275
0.4375,0.03125,0.0,-0.154967
0.4375,0.03645833333333333,0.0,-0.129456
0.4375,0.041666666666666664,0.0,-0.103773
0.4375,0.046875,0.0,-0.0779514
0.4375,0.05208333333333333,0.0,-0.0520258
0.4375,0.057291666666666664,0.0,-0.0260304
0.4375,0.0625,0.0,-2.36443e-07
0.4375,0.06770833333333333,0.0,0.0260297
0.4375,0.07291666666666666,0.0,0.0520242
0.4375,0.078125,0.0,0.0779484
0.4375,0.08333333333333333,0.0,0.103768
0.4375,0.08854166666666666,0.0,0.129448
0.4375,0.09375,0.0,0.154956
0.4375,0.09895833333333333,0.0,0.180259
0.4375,0.10416666666666666,0.0,0.205326
0.4375,0.109375,0.0,0.230128
0.4375,0.11458333333333333,0.0,0.254634
0.4375,0.11979166666666666,0.0,0.278818
0.4375,0.125,0.0,0.302654
0.4375,0.13020833333333331,0.0,0.326117
0.4375,0.13541666666666666,0.0,0.349186
0.4375,0.140625,0.0,0.37184
0.4375,0.14583333333333331,0.0,0.39406
0.4375,0.15104166666666666,0.0,0.41583
0.4375,0.15625,0.0,0.437133
0.4375,0.16145833333333331,0.0,0.457958
0.4375,0.16666666666666666,0.0,0.478292
0.4375,0.171875,0.0,0.498126
0.4375,0.17708333333333331,0.0,0.517453
0.4375,0.18229166666666666,0.0,0.536266
0.4375,0.1875,0.0,0.554562
0.4375,0.19270833333333331,0.0,0.572337
0.4375,0.19791666666666666,0.0,0.58959
0.4375,0.203125,0.0,0.606321
0.4375,0.20833333333333331,0.0,0.622533
0.4375,0.21354166666666666,0.0,0.638227
0.4375,0.21875,0.0,0.653409
0.4375,0.22395833333333331,0.0,0.668082
0.4375,0.22916666666666666,0.0,0.682254
0.4375,0.234375,0.0,0.695931
0.4375,0.23958333333333331,0.0,0.709121
0.4375,0.24479166666666666,0.0,0.721833
0.4375,0.25,0.0,0.734076
0.4375,0.2552083333333333,0.0,0.745859
0.4375,0.26041666666666663,0.0,0.757194
0.4375,0.265625,0.0,0.76809
0.4375,0.2708333333333333,0.0,0.778558
0.4375,0.27604166666666663,0.0,0.788611
0.4375,0.28125,0.0,0.798259
0.4375,0.2864583333333333,0.0,0.807514
0.4375,0.29166666666666663,0.0,0.816387
0.4375,0.296875,0.0,0.824891
0.4375,0.3020833333333333,0.0,0.833038
0.4375,0.30729166666666663,0.0,0.840838
0.4375,0.3125,0.0,0.848304
0.4375,0.3177083333333333,0.0,0.855447
0.4375,0.32291666666666663,0.0,0.862279
0.4375,0.328125,0.0,0.868811
0.4375,0.3333333333333333,0.0,0.875053
0.4375,0.33854166666666663,0.0,0.881018
0.4375,0.34375,0.0,0.886715
0.4375,0.3489583333333333,0.0,0.892154
0.4375,0.35416666666666663,0.0,0.897347
0.4375,0.359375,0.0,0.902302
0.4375,0.3645833333333333,0.0,0.90703
0.4375,0.36979166666666663,0.0,0.91154
0.4375,0.375,0.0,0.91584
0.4375,0.3802083333333333,0.0,0.919941
0.4375,0.38541666666666663,0.0,0.923849
0.4375,0.390625,0.0,0.927574
0.4375,0.3958333333333333,0.0,0.931123
0.4375,0.40104166666666663,0.0,0.934504
0.4375,0.40625,0.0,0.937724
0.4375,0.4114583333333333,0.0,0.940791
0.4375,0.41666666666666663,0.0,0.943711
0.4375,0.421875,0.0,0.946491
0.4375,0.4270833333333333,0.0,0.949138
0.4375,0.43229166666666663,0.0,0.951656
0.4375,0.4375,0.0,0.954053
0.4375,0.4427083333333333,0.0,0.956334
0.4375,0.44791666666666663,0.0,0.958504
0.4375,0.453125,0.0,0.960568
0.4375,0.4583333333333333,0.0,0.962531
0.4375,0.46354166666666663,0.0,0.964399
0.4375,0.46875,0.0,0.966175
0.4375,0.4739583333333333,0.0,0.967864
0.4375,0.47916666666666663,0.0,0.96947
0.4375,0.484375,0.0,0.970996
0.4375,0.4895833333333333,0.0,0.972448
0.4375,0.49479166666666663,0.0,0.973828
0.4375,0.5,0.0,0.975139
0.41666666666666674,0.0,0.0,-0.394119
0.41666666666666674,0.005208333333333333,0.0,-0.37189
0.41666666666666674,0.010416666666666666,0.0,-0.349228
0.41666666666666674,0.015625,0.0,-0.326151
0.41666666666666674,0.020833333333333332,0.0,-0.302681
0.41666666666666674,0.026041666666666664,0.0,-0.27884
0.41666666666666674,0.03125,0.0,-0.254652
0.41666666666666674,0.03645833333333333,0.0,-0.230141
0.41666666666666674,0.041666666666666664,0.0,-0.205337
0.41666666666666674,0.046875,0.0,-0.180267
0.41666666666666674,0.05208333333333333,0.0,-0.154961
0.41666666666666674,0.057291666666666664,0.0,-0.129451
0.41666666666666674,0.0625,0.0,-0.10377
0.41666666666666674,0.06770833333333333,0.0,-0.0779495
0.41666666666666674,0.07291666666666666,0.0,-0.0520247
0.41666666666666674,0.078125,0.0,-0.02603
0.41666666666666674,0.08333333333333333,0.0,-2.49598e-07
0.41666666666666674,0.08854166666666666,0.0,0.0260293
0.41666666666666674,0.09375,0.0,0.0520236
0.41666666666666674,0.09895833333333333,0.0,0.0779476
0.41666666666666674,0.10416666666666666,0.0,0.103767
0.41666666666666674,0.109375,0.0,0.129447
0.41666666666666674,0.11458333333333333,0.0,0.154955
0.41666666666666674,0.11979166666666666,0.0,0.180258
0.41666666666666674,0.125,0.0,0.205325
0.41666666666666674,0.13020833333333331,0.0,0.230127
0.41666666666666674,0.13541666666666666,0.0,0.254633
0.41666666666666674,0.140625,0.0,0.278817
0.41666666666666674,0.14583333333333331,0.0,0.302653
0.41666666666666674,0.15104166666666666,0.0,0.326116
0.41666666666666674,0.15625,0.0,0.349186
0.41666666666666674,0.16145833333333331,0.0,0.37184
0.41666666666666674,0.16666666666666666,0.0,0.39406
0.41666666666666674,0.171875,0.0,0.415829
0.41666666666666674,0.17708333333333331,0.0,0.437133
0.41666666666666674,0.18229166666666666,0.0,0.457957
0.41666666666666674,0.1875,0.0,0.478292
0.41666666666666674,0.19270833333333331,0.0,0.498126
0.41666666666666674,0.19791666666666666,0.0,0.517453
0.41666666666666674,0.203125,0.0,0.536266
0.41666666666666674,0.20833333333333331,0.0,0.554562
0.41666666666666674,0.21354166666666666,0.0,0.572336
0.41666666666666674,0.21875,0.0,0.589589
0.41666666666666674,0.22395833333333331,0.0,0.606321
0.41666666666666674,0.22916666666666666,0.0,0.622533
0.41666666666666674,0.234375,0.0,0.638227
0.41666666666666674,0.23958333333333331,0.0,0.653409
0.41666666666666674,0.24479166666666666,0.0,0.668082
0.41666666666666674,0.25,0.0,0.682254
0.41666666666666674,0.2552083333333333,0.0,0.695931
0.41666666666666674,0.26041666666666663,0.0,0.709121
0.41666666666666674,0.265625,0.0,0.721833
0.41666666666666674,0.2708333333333333,0.0,0.734076
0.41666666666666674,0.27604166666666663,0.0,0.74586
0.41666666666666674,0.28125,0.0,0.757194
0.41666666666666674,0.2864583333333333,0.0,0.76809
0.41666666666666674,0.29166666666666663,0.0,0.778559
0.41666666666666674,0.296875,0.0,0.788611
0.41666666666666674,0.3020833333333333,0.0,0.798259
0.41666666666666674,0.30729166666666663,0.0,0.807514
0.41666666666666674,0.3125,0.0,0.816387
0.41666666666666674,0.3177083333333333,0.0,0.824891
0.41666666666666674,0.32291666666666663,0.0,0.833038
0.41666666666666674,0.328125,0.0,0.840838
0.41666666666666674,0.3333333333333333,0.0,0.848304
0.41666666666666674,0.33854166666666663,0.0,0.855447
0.41666666666666674,0.34375,0.0,0.862279
0.41666666666666674,0.3489583333333333,0.0,0.868811
0.41666666666666674,0.35416666666666663,0.0,0.875053
0.41666666666666674,0.359375,0.0,0.881018
0.41666666666666674,0.3645833333333333,0.0,0.886715
0.41666666666666674,0.36979166666666663,0.0,0.892154
0.41666666666666674,0.375,0.0,0.897347
0.41666666666666674,0.3802083333333333,0.0,0.902302
0.41666666666666674,0.38541666666666663,0.0,0.90703
0.41666666666666674,0.390625,0.0,0.91154
0.41666666666666674,0.3958333333333333,0.0,0.915841
0.41666666666666674,0.40104166666666663,0.0,0.919941
0.41666666666666674,0.40625,0.0,0.923849
0.41666666666666674,0.4114583333333333,0.0,0.927574
0.41666666666666674,0.41666666666666663,0.0,0.931123
0.41666666666666674,0.421875,0.0,0.934504
0.41666666666666674,0.4270833333333333,0.0,0.937724
0.41666666666666674,0.43229166666666663,0.0,0.940791
0.41666666666666674,0.4375,0.0,0.943711
0.41666666666666674,0.4427083333333333,0.0,0.946491
0.41666666666666674,0.44791666666666663,0.0,0.949138
0.41666666666666674,0.453125,0.0,0.951656
0.41666666666666674,0.4583333333333333,0.0,0.954053
0.41666666666666674,0.46354166666666663,0.0,0.956334
0.41666666666666674,0.46875,0.0,0.958504
0.41666666666666674,0.4739583333333333,0.0,0.960568
0.41666666666666674,0.47916666666666663,0.0,0.962531
0.41666666666666674,0.484375,0.0,0.964399
0.41666666666666674,0.4895833333333333,0.0,0.966175
0.41666666666666674,0.49479166666666663,0.0,0.967864
0.41666666666666674,0.5,0.0,0.96947
0.39583333333333337,0.0,0.0,-0.478343
0.39583333333333337,0.005208333333333333,0.0,-0.458004
0.39583333333333337,0.010416666666666666,0.0,-0.437174
0.39583333333333337,0.015625,0.0,-0.415865
0.39583333333333337,0.020833333333333332,0.0,-0.394091
0.39583333333333337,0.026041666666666664,0.0,-0.371866
0.39583333333333337,0.03125,0.0,-0.349208
0.39583333333333337,0.03645833333333333,0.0,-0.326135
0.39583333333333337,0.041666666666666664,0.0,-0.302668
0.39583333333333337,0.046875,0.0,-0.27883
0.39583333333333337,0.05208333333333333,0.0,-0.254643
0.39583333333333337,0.057291666666666664,0.0,-0.230135
0.39583333333333337,0.0625,0.0,-0.205332
0.39583333333333337,0.06770833333333333,0.0,-0.180263
0.39583333333333337,0.07291666666666666,0.0,-0.154958
0.39583333333333337,0.078125,0.0,-0.129449
0.39583333333333337,0.08333333333333333,0.0,-0.103768
0.39583333333333337,0.08854166666666666,0.0,-0.0779484
0.39583333333333337,0.09375,0.0,-0.0520241
0.39583333333333337,0.09895833333333333,0.0,-0.0260297
0.39583333333333337,0.10416666666666666,0.0,-2.55697e-07
0.39583333333333337,0.109375,0.0,0.0260291
0.39583333333333337,0.11458333333333333,0.0,0.0520232
0.39583333333333337,0.11979166666666666,0.0,0.0779471
0.39583333333333337,0.125,0.0,0.103766
0.39583333333333337,0.13020833333333331,0.0,0.129446
0.39583333333333337,0.13541666666666666,0.0,0.154954
0.39583333333333337,0.140625,0.0,0.180257
0.39583333333333337,0.14583333333333331,0.0,0.205325
0.39583333333333337,0.15104166666666666,0.0,0.230126
0.39583333333333337,0.15625,0.0,0.254632
0.39583333333333337,0.16145833333333331,0.0,0.278816
0.39583333333333337,0.16666666666666666,0.0,0.302652
0.39583333333333337,0.171875,0.0,0.326116
0.39583333333333337,0.17708333333333331,0.0,0.349185
0.39583333333333337,0.18229166666666666,0.0,0.371839
0.39583333333333337,0.1875,0.0,0.394059
0.39583333333333337,0.19270833333333331,0.0,0.415829
0.39583333333333337,0.19791666666666666,0.0,0.437132
0.39583333333333337,0.203125,0.0,0.457957
0.39583333333333337,0.20833333333333331,0.0,0.478291
0.39583333333333337,0.21354166666666666,0.0,0.498126
0.39583333333333337,0.21875,0.0,0.517453
0.39583333333333337,0.22395833333333331,0.0,0.536266
0.39583333333333337,0.22916666666666666,0.0,0.554561
0.39583333333333337,0.234375,0.0,0.572336
0.39583333333333337,0.23958333333333331,0.0,0.589589
0.39583333333333337,0.24479166666666666,0.0,0.606321
0.39583333333333337,0.25,0.0,0.622533
0.39583333333333337,0.2552083333333333,0.0,0.638227
0.39583333333333337,0.26041666666666663,0.0,0.653409
0.39583333333333337,0.265625,0.0,0.668082
0.39583333333333337,0.2708333333333333,0.0,0.682254
0.39583333333333337,0.27604166666666663,0.0,0.695931
0.39583333333333337,0.28125,0.0,0.709121
0.39583333333333337,0.2864583333333333,0.0,0.721833
0.39583333333333337,0.29166666666666663,0.0,0.734076
0.39583333333333337,0.296875,0.0,0.74586
0.39583333333333337,0.3020833333333333,0.0,0.757194
0.39583333333333337,0.30729166666666663,0.0,0.76809
0.39583333333333337,0.3125,0.0,0.778559
0.39583333333333337,0.3177083333333333,0.0,0.788611
0.39583333333333337,0.32291666666666663,0.0,0.798259
0.39583333333333337,0.328125,0.0,0.807514
0.39583333333333337,0.3333333333333333,0.0,0.816387
0.39583333333333337,0.33854166666666663,0.0,0.824892
0.39583333333333337,0.34375,0.0,0.833038
0.39583333333333337,0.3489583333333333,0.0,0.840838
0.39583333333333337,0.35416666666666663,0.0,0.848304
0.39583333333333337,0.359375,0.0,0.855447
0.39583333333333337,0.3645833333333333,0.0,0.862279
0.39583333333333337,0.36979166666666663,0.0,0.868811
0.39583333333333337,0.375,0.0,0.875053
0.39583333333333337,0.3802083333333333,0.0,0.881018
0.39583333333333337,0.38541666666666663,0.0,0.886715
0.39583333333333337,0.390625,0.0,0.892154
0.39583333333333337,0.3958333333333333,0.0,0.897347
0.39583333333333337,0.40104166666666663,0.0,0.902302
0.39583333333333337,0.40625,0.0,0.90703
0.39583333333333337,0.4114583333333333,0.0,0.91154
0.39583333333333337,0.41666666666666663,0.0,0.915841
0.39583333333333337,0.421875,0.0,0.919941
0.39583333333333337,0.4270833333333333,0.0,0.923849
0.39583333333333337,0.43229166666666663,0.0,0.927574
0.39583333333333337,0.4375,0.0,0.931123
0.39583333333333337,0.4427083333333333,0.0,0.934504
0.39583333333333337,0.44791666666666663,0.0,0.937724
0.39583333333333337,0.453125,0.0,0.940791
0.39583333333333337,0.4583333333333333,0.0,0.943711
0.39583333333333337,0.46354166666666663,0.0,0.946491
0.39583333333333337,0.46875,0.0,0.949138
0.39583333333333337,0.4739583333333333,0.0,0.951656
0.39583333333333337,0.47916666666666663,0.0,0.954053
0.39583333333333337,0.484375,0.0,0.956334
0.39583333333333337,0.4895833333333333,0.0,0.958504
0.39583333333333337,0.49479166666666663,0.0,0.960568
0.39583333333333337,0.5,0.0,0.962531
0.375,0.0,0.0,-0.5546
0.375,0.005208333333333333,0.0,-0.536303
0.375,0.010416666666666666,0.0,-0.517488
0.375,0.015625,0.0,-0.498158
0.375,0.020833333333333332,0.0,-0.478321
0.375,0.026041666666666664,0.0,-0.457984
0.375,0.03125,0.0,-0.437156
0.375,0.03645833333333333,0.0,-0.41585
0.375,0.041666666666666664,0.0,-0.394077
0.375,0.046875,0.0,-0.371855
0.375,0.05208333333333333,0.0,-0.349198
0.375,0.057291666666666664,0.0,-0.326127
0.375,0.0625,0.0,-0.302661
0.375,0.06770833333333333,0.0,-0.278824
0.375,0.07291666666666666,0.0,-0.254638
0.375,0.078125,0.0,-0.230131
0.375,0.08333333333333333,0.0,-0.205329
0.375,0.08854166666666666,0.0,-0.18026
0.375,0.09375,0.0,-0.154956
0.375,0.09895833333333333,0.0,-0.129448
0.375,0.10416666666666666,0.0,-0.103767
0.375,0.109375,0.0,-0.0779478
0.375,0.11458333333333333,0.0,-0.0520237
0.375,0.11979166666666666,0.0,-0.0260295
0.375,0.125,0.0,-2.56838e-07
0.375,0.13020833333333331,0.0,0.026029
0.375,0.13541666666666666,0.0,0.052023
0.375,0.140625,0.0,0.0779468
0.375,0.14583333333333331,0.0,0.103766
0.375,0.15104166666666666,0.0,0.129446
0.375,0.15625,0.0,0.154954
0.375,0.16145833333333331,0.0,0.180257
0.375,0.16666666666666666,0.0,0.205324
0.375,0.171875,0.0,0.230125
0.375,0.17708333333333331,0.0,0.254632
0.375,0.18229166666666666,0.0,0.278816
0.375,0.1875,0.0,0.302652
0.375,0.19270833333333331,0.0,0.326116
0.375,0.19791666666666666,0.0,0.349185
0.375,0.203125,0.0,0.371839
0.375,0.20833333333333331,0.0,0.394059
0.375,0.21354166666666666,0.0,0.415829
0.375,0.21875,0.0,0.437132
0.375,0.22395833333333331,0.0,0.457957
0.375,0.22916666666666666,0.0,0.478291
0.375,0.234375,0.0,0.498126
0.375,0.23958333333333331,0.0,0.517453
0.375,0.24479166666666666,0.0,0.536266
0.375,0.25,0.0,0.554561
0.375,0.2552083333333333,0.0,0.572336
0.375,0.26041666666666663,0.0,0.58959
0.375,0.265625,0.0,0.606321
0.375,0.2708333333333333,0.0,0.622533
0.375,0.27604166666666663,0.0,0.638227
0.375,0.28125,0.0,0.653409
0.375,0.2864583333333333,0.0,0.668082
0.375,0.29166666666666663,0.0,0.682254
0.375,0.296875,0.0,0.695931
0.375,0.3020833333333333,0.0,0.709122
0.375,0.30729166666666663,0.0,0.721834
0.375,0.3125,0.0,0.734076
0.375,0.3177083333333333,0.0,0.74586
0.375,0.32291666666666663,0.0,0.757194
0.375,0.328125,0.0,0.76809
0.375,0.3333333333333333,0.0,0.778559
0.375,0.33854166666666663,0.0,0.788611
0.375,0.34375,0.0,0.798259
0.375,0.3489583333333333,0.0,0.807514
0.375,0.35416666666666663,0.0,0.816388
0.375,0.359375,0.0,0.824892
0.375,0.3645833333333333,0.0,0.833038
0.375,0.36979166666666663,0.0,0.840838
0.375,0.375,0.0,0.848304
0.375,0.3802083333333333,0.0,0.855447
0.375,0.38541666666666663,0.0,0.862279
0.375,0.390625,0.0,0.868811
0.375,0.3958333333333333,0.0,0.875054
0.375,0.40104166666666663,0.0,0.881018
0.375,0.40625,0.0,0.886715
0.375,0.4114583333333333,0.0,0.892154
0.375,0.41666666666666663,0.0,0.897347
0.375,0.421875,0.0,0.902303
0.375,0.4270833333333333,0.0,0.90703
0.375,0.43229166666666663,0.0,0.91154
0.375,0.4375,0.0,0.915841
0.375,0.4427083333333333,0.0,0.919941
0.375,0.44791666666666663,0.0,0.923849
0.375,0.453125,0.0,0.927574
0.375,0.4583333333333333,0.0,0.931123
0.375,0.46354166666666663,0.0,0.934504
0.375,0.46875,0.0,0.937724
0.375,0.4739583333333333,0.0,0.940791
0.375,0.47916666666666663,0.0,0.943711
0.375,0.484375,0.0,0.946491
0.375,0.4895833333333333,0.0,0.949138
0.375,0.49479166666666663,0.0,0.951656
0.375,0.5,0.0,0.954053
0.35416666666666674,0.0,0.0,-0.622555
0.35416666666666674,0.005208333333333333,0.0,-0.606346
0.35416666666666674,0.010416666666666666,0.0,-0.589615
0.35416666666666674,0.015625,0.0,-0.572361
0.35416666666666674,0.020833333333333332,0.0,-0.554586
0.35416666666666674,0.026041666666666664,0.0,-0.536289
0.35416666666666674,0.03125,0.0,-0.517474
0.35416666666666674,0.03645833333333333,0.0,-0.498145
0.35416666666666674,0.041666666666666664,0.0,-0.478309
0.35416666666666674,0.046875,0.0,-0.457973
0.35416666666666674,0.05208333333333333,0.0,-0.437146
0.35416666666666674,0.057291666666666664,0.0,-0.415841
0.35416666666666674,0.0625,0.0,-0.39407
0.35416666666666674,0.06770833333333333,0.0,-0.371848
0.35416666666666674,0.07291666666666666,0.0,-0.349193
0.35416666666666674,0.078125,0.0,-0.326122
0.35416666666666674,0.08333333333333333,0.0,-0.302658
0.35416666666666674,0.08854166666666666,0.0,-0.278821
0.35416666666666674,0.09375,0.0,-0.254636
0.35416666666666674,0.09895833333333333,0.0,-0.230129
0.35416666666666674,0.10416666666666666,0.0,-0.205327
0.35416666666666674,0.109375,0.0,-0.180259
0.35416666666666674,0.11458333333333333,0.0,-0.154955
0.35416666666666674,0.11979166666666666,0.0,-0.129447
0.35416666666666674,0.125,0.0,-0.103767
0.35416666666666674,0.13020833333333331,0.0,-0.0779474
0.35416666666666674,0.13541666666666666,0.0,-0.0520235
0.35416666666666674,0.140625,0.0,-0.0260294
0.35416666666666674,0.14583333333333331,0.0,-2.53578e-07
0.35416666666666674,0.15104166666666666,0.0,0.0260289
0.35416666666666674,0.15625,0.0,0.0520228
0.35416666666666674,0.16145833333333331,0.0,0.0779466
0.35416666666666674,0.16666666666666666,0.0,0.103766
0.35416666666666674,0.171875,0.0,0.129446
0.35416666666666674,0.17708333333333331,0.0,0.154953
0.35416666666666674,0.18229166666666666,0.0,0.180257
0.35416666666666674,0.1875,0.0,0.205324
0.35416666666666674,0.19270833333333331,0.0,0.230125
0.35416666666666674,0.19791666666666666,0.0,0.254632
0.35416666666666674,0.203125,0.0,0.278816
0.35416666666666674,0.20833333333333331,0.0,0.302652
0.35416666666666674,0.21354166666666666,0.0,0.326115
0.35416666666666674,0.21875,0.0,0.349185
0.35416666666666674,0.22395833333333331,0.0,0.371839
0.35416666666666674,0.22916666666666666,0.0,0.394059
0.35416666666666674,0.234375,0.0,0.415829
0.35416666666666674,0.23958333333333331,0.0,0.437132
0.35416666666666674,0.24479166666666666,0.0,0.457957
0.35416666666666674,0.25,0.0,0.478291
0.35416666666666674,0.2552083333333333,0.0,0.498126
0.35416666666666674,0.26041666666666663,0.0,0.517453
0.35416666666666674,0.265625,0.0,0.536266
0.35416666666666674,0.2708333333333333,0.0,0.554562
0.35416666666666674,0.27604166666666663,0.0,0.572336
0.35416666666666674,0.28125,0.0,0.58959
0.35416666666666674,0.2864583333333333,0.0,0.606321
0.35416666666666674,0.29166666666666663,0.0,0.622533
0.35416666666666674,0.296875,0.0,0.638227
0.35416666666666674,0.3020833333333333,0.0,0.653409
0.35416666666666674,0.30729166666666663,0.0,0.668083
0.35416666666666674,0.3125,0.0,0.682254
0.35416666666666674,0.3177083333333333,0.0,0.695932
0.35416666666666674,0.32291666666666663,0.0,0.709122
0.35416666666666674,0.328125,0.0,0.721834
0.35416666666666674,0.3333333333333333,0.0,0.734076
0.35416666666666674,0.33854166666666663,0.0,0.74586
0.35416666666666674,0.34375,0.0,0.757194
0.35416666666666674,0.3489583333333333,0.0,0.76809
0.35416666666666674,0.35416666666666663,0.0,0.778559
0.35416666666666674,0.359375,0.0,0.788611
0.35416666666666674,0.3645833333333333,0.0,0.798259
0.35416666666666674,0.36979166666666663,0.0,0.807514
0.35416666666666674,0.375,0.0,0.816388
0.35416666666666674,0.3802083333333333,0.0,0.824892
0.35416666666666674,0.38541666666666663,0.0,0.833038
0.35416666666666674,0.390625,0.0,0.840838
0.35416666666666674,0.3958333333333333,0.0,0.848304
0.35416666666666674,0.40104166666666663,0.0,0.855448
0.35416666666666674,0.40625,0.0,0.862279
0.35416666666666674,0.4114583333333333,0.0,0.868811
0.35416666666666674,0.41666666666666663,0.0,0.875054
0.35416666666666674,0.421875,0.0,0.881018
0.35416666666666674,0.4270833333333333,0.0,0.886715
0.35416666666666674,0.43229166666666663,0.0,0.892155
0.35416666666666674,0.4375,0.0,0.897347
0.35416666666666674,0.4427083333333333,0.0,0.902303
0.35416666666666674,0.44791666666666663,0.0,0.90703
0.35416666666666674,0.453125,0.0,0.91154
0.35416666666666674,0.4583333333333333,0.0,0.915841
0.35416666666666674,0.46354166666666663,0.0,0.919941
0.35416666666666674,0.46875,0.0,0.923849
0.35416666666666674,0.4739583333333333,0.0,0.927574
0.35416666666666674,0.47916666666666663,0.0,0.931123
0.35416666666666674,0.484375,0.0,0.934504
0.35416666666666674,0.4895833333333333,0.0,0.937724
0.35416666666666674,0.49479166666666663,0.0,0.940791
0.35416666666666674,0.5,0.0,0.943711
0.33333333333333337,0.0,0.0,-0.682262
0.33333333333333337,0.005208333333333333,0.0,-0.668094
0.33333333333333337,0.010416666666666666,0.0,-0.653423
0.33333333333333337,0.015625,0.0,-0.638243
0.33333333333333337,0.020833333333333332,0.0,-0.622549
0.33333333333333337,0.026041666666666664,0.0,-0.606338
0.33333333333333337,0.03125,0.0,-0.589606
0.33333333333333337,0.03645833333333333,0.0,-0.572352
0.33333333333333337,0.041666666666666664,0.0,-0.554576
0.33333333333333337,0.046875,0.0,-0.53628
0.33333333333333337,0.05208333333333333,0.0,-0.517465
0.33333333333333337,0.057291666666666664,0.0,-0.498137
0.33333333333333337,0.0625,0.0,-0.478302
0.33333333333333337,0.06770833333333333,0.0,-0.457966
0.33333333333333337,0.07291666666666666,0.0,-0.437141
0.33333333333333337,0.078125,0.0,-0.415836
0.33333333333333337,0.08333333333333333,0.0,-0.394066
0.33333333333333337,0.08854166666666666,0.0,-0.371845
0.33333333333333337,0.09375,0.0,-0.34919
0.33333333333333337,0.09895833333333333,0.0,-0.32612
0.33333333333333337,0.10416666666666666,0.0,-0.302655
0.33333333333333337,0.109375,0.0,-0.278819
0.33333333333333337,0.11458333333333333,0.0,-0.254634
0.33333333333333337,0.11979166666666666,0.0,-0.230127
0.33333333333333337,0.125,0.0,-0.205326
0.33333333333333337,0.13020833333333331,0.0,-0.180258
0.33333333333333337,0.13541666666666666,0.0,-0.154955
0.33333333333333337,0.140625,0.0,-0.129446
0.33333333333333337,0.14583333333333331,0.0,-0.103766
0.33333333333333337,0.15104166666666666,0.0,-0.0779471
0.33333333333333337,0.15625,0.0,-0.0520233
0.33333333333333337,0.16145833333333331,0.0,-0.0260294
0.33333333333333337,0.16666666666666666,0.0,-2.4597e-07
0.33333333333333337,0.171875,0.0,0.0260289
0.33333333333333337,0.17708333333333331,0.0,0.0520228
0.33333333333333337,0.18229166666666666,0.0,0.0779465
0.33333333333333337,0.1875,0.0,0.103765
0.33333333333333337,0.19270833333333331,0.0,0.129445
0.33333333333333337,0.19791666666666666,0.0,0.154953
0.33333333333333337,0.203125,0.0,0.180257
0.33333333333333337,0.20833333333333331,0.0,0.205324
0.33333333333333337,0.21354166666666666,0.0,0.230125
0.33333333333333337,0.21875,0.0,0.254631
0.33333333333333337,0.22395833333333331,0.0,0.278815
0.33333333333333337,0.22916666666666666,0.0,0.302651
0.33333333333333337,0.234375,0.0,0.326115
0.33333333333333337,0.23958333333333331,0.0,0.349185
0.33333333333333337,0.24479166666666666,0.0,0.371839
0.33333333333333337,0.25,0.0,0.394059
0.33333333333333337,0.2552083333333333,0.0,0.415829
0.33333333333333337,0.26041666666666663,0.0,0.437132
0.33333333333333337,0.265625,0.0,0.457957
0.33333333333333337,0.2708333333333333,0.0,0.478291
0.33333333333333337,0.27604166666666663,0.0,0.498126
0.33333333333333337,0.28125,0.0,0.517453
0.33333333333333337,0.2864583333333333,0.0,0.536266
0.33333333333333337,0.29166666666666663,0.0,0.554562
0.33333333333333337,0.296875,0.0,0.572337
0.33333333333333337,0.3020833333333333,0.0,0.58959
0.33333333333333337,0.30729166666666663,0.0,0.606321
0.33333333333333337,0.3125,0.0,0.622533
0.33333333333333337,0.3177083333333333,0.0,0.638228
0.33333333333333337,0.32291666666666663,0.0,0.653409
0.33333333333333337,0.328125,0.0,0.668083
0.33333333333333337,0.3333333333333333,0.0,0.682255
0.33333333333333337,0.33854166666666663,0.0,0.695932
0.33333333333333337,0.34375,0.0,0.709122
0.33333333333333337,0.3489583333333333,0.0,0.721834
0.33333333333333337,0.35416666666666663,0.0,0.734077
0.33333333333333337,0.359375,0.0,0.74586
0.33333333333333337,0.3645833333333333,0.0,0.757194
0.33333333333333337,0.36979166666666663,0.0,0.76809
0.33333333333333337,0.375,0.0,0.778559
0.33333333333333337,0.3802083333333333,0.0,0.788612
0.33333333333333337,0.38541666666666663,0.0,0.798259
0.33333333333333337,0.390625,0.0,0.807514
0.33333333333333337,0.3958333333333333,0.0,0.816388
0.33333333333333337,0.40104166666666663,0.0,0.824892
0.33333333333333337,0.40625,0.0,0.833038
0.33333333333333337,0.4114583333333333,0.0,0.840838
0.33333333333333337,0.41666666666666663,0.0,0.848304
0.33333333333333337,0.421875,0.0,0.855448
0.33333333333333337,0.4270833333333333,0.0,0.862279
0.33333333333333337,0.43229166666666663,0.0,0.868811
0.33333333333333337,0.4375,0.0,0.875054
0.33333333333333337,0.4427083333333333,0.0,0.881018
0.33333333333333337,0.44791666666666663,0.0,0.886715
0.33333333333333337,0.453125,0.0,0.892155
0.33333333333333337,0.4583333333333333,0.0,0.897347
0.33333333333333337,0.46354166666666663,0.0,0.902303
0.33333333333333337,0.46875,0.0,0.907031
0.33333333333333337,0.4739583333333333,0.0,0.91154
0.33333333333333337,0.47916666666666663,0.0,0.915841
0.33333333333333337,0.484375,0.0,0.919941
0.33333333333333337,0.4895833333333333,0.0,0.923849
0.33333333333333337,0.49479166666666663,0.0,0.927574
0.33333333333333337,0.5,0.0,0.931123
0.3125,0.0,0.0,-0.734072
0.3125,0.005208333333333333,0.0,-0.721833
0.3125,0.010416666666666666,0.0,-0.709125
0.3125,0.015625,0.0,-0.695938
0.3125,0.020833333333333332,0.0,-0.682262
0.3125,0.026041666666666664,0.0,-0.668092
0.3125,0.03125,0.0,-0.653419
0.3125,0.03645833333333333,0.0,-0.638238
0.3125,0.041666666666666664,0.0,-0.622543
0.3125,0.046875,0.0,-0.606332
0.3125,0.05208333333333333,0.0,-0.5896
0.3125,0.057291666666666664,0.0,-0.572346
0.3125,0.0625,0.0,-0.55457
0.3125,0.06770833333333333,0.0,-0.536274
0.3125,0.07291666666666666,0.0,-0.51746
0.3125,0.078125,0.0,-0.498133
0.3125,0.08333333333333333,0.0,-0.478298
0.3125,0.08854166666666666,0.0,-0.457963
0.3125,0.09375,0.0,-0.437137
0.3125,0.09895833333333333,0.0,-0.415833
0.3125,0.10416666666666666,0.0,-0.394063
0.3125,0.109375,0.0,-0.371842
0.3125,0.11458333333333333,0.0,-0.349188
0.3125,0.11979166666666666,0.0,-0.326118
0.3125,0.125,0.0,-0.302654
0.3125,0.13020833333333331,0.0,-0.278817
0.3125,0.13541666666666666,0.0,-0.254633
0.3125,0.140625,0.0,-0.230126
0.3125,0.14583333333333331,0.0,-0.205325
0.3125,0.15104166666666666,0.0,-0.180257
0.3125,0.15625,0.0,-0.154954
0.3125,0.16145833333333331,0.0,-0.129446
0.3125,0.16666666666666666,0.0,-0.103766
0.3125,0.171875,0.0,-0.077947
0.3125,0.17708333333333331,0.0,-0.0520232
0.3125,0.18229166666666666,0.0,-0.0260293
0.3125,0.1875,0.0,-2.34007e-07
0.3125,0.19270833333333331,0.0,0.0260288
0.3125,0.19791666666666666,0.0,0.0520227
0.3125,0.203125,0.0,0.0779464
0.3125,0.20833333333333331,0.0,0.103765
0.3125,0.21354166666666666,0.0,0.129445
0.3125,0.21875,0.0,0.154953
0.3125,0.22395833333333331,0.0,0.180256
0.3125,0.22916666666666666,0.0,0.205324
0.3125,0.234375,0.0,0.230125
0.3125,0.23958333333333331,0.0,0.254631
0.3125,0.24479166666666666,0.0,0.278815
0.3125,0.25,0.0,0.302651
0.3125,0.2552083333333333,0.0,0.326115
0.3125,0.26041666666666663,0.0,0.349185
0.3125,0.265625,0.0,0.371839
0.3125,0.2708333333333333,0.0,0.394059
0.3125,0.27604166666666663,0.0,0.415829
0.3125,0.28125,0.0,0.437132
0.3125,0.2864583333333333,0.0,0.457957
0.3125,0.29166666666666663,0.0,0.478291
0.3125,0.296875,0.0,0.498126
0.3125,0.3020833333333333,0.0,0.517453
0.3125,0.30729166666666663,0.0,0.536266
0.3125,0.3125,0.0,0.554562
0.3125,0.3177083333333333,0.0,0.572337
0.3125,0.32291666666666663,0.0,0.58959
0.3125,0.328125,0.0,0.606321
0.3125,0.3333333333333333,0.0,0.622533
0.3125,0.33854166666666663,0.0,0.638228
0.3125,0.34375,0.0,0.653409
0.3125,0.3489583333333333,0.0,0.668083
0.3125,0.35416666666666663,0.0,0.682255
0.3125,0.359375,0.0,0.695932
0.3125,0.3645833333333333,0.0,0.709122
0.3125,0.36979166666666663,0.0,0.721834
0.3125,0.375,0.0,0.734077
0.3125,0.3802083333333333,0.0,0.74586
0.3125,0.38541666666666663,0.0,0.757195
0.3125,0.390625,0.0,0.768091
0.3125,0.3958333333333333,0.0,0.778559
0.3125,0.40104166666666663,0.0,0.788612
0.3125,0.40625,0.0,0.79826
0.3125,0.4114583333333333,0.0,0.807514
0.3125,0.41666666666666663,0.0,0.816388
0.3125,0.421875,0.0,0.824892
0.3125,0.4270833333333333,0.0,0.833038
0.3125,0.43229166666666663,0.0,0.840839
0.3125,0.4375,0.0,0.848305
0.3125,0.4427083333333333,0.0,0.855448
0.3125,0.44791666666666663,0.0,0.862279
0.3125,0.453125,0.0,0.868811
0.3125,0.4583333333333333,0.0,0.875054
0.3125,0.46354166666666663,0.0,0.881018
0.3125,0.46875,0.0,0.886715
0.3125,0.4739583333333333,0.0,0.892155
0.3125,0.47916666666666663,0.0,0.897347
0.3125,0.484375,0.0,0.902303
0.3125,0.4895833333333333,0.0,0.907031
0.3125,0.49479166666666663,0.0,0.91154
0.3125,0.5,0.0,0.915841
0.29166666666666674,0.0,0.0,-0.778545
0.29166666666666674,0.005208333333333333,0.0,-0.768081
0.29166666666666674,0.010416666666666666,0.0,-0.757189
0.29166666666666674,0.015625,0.0,-0.745858
0.29166666666666674,0.020833333333333332,0.0,-0.734077
0.29166666666666674,0.026041666666666664,0.0,-0.721836
0.29166666666666674,0.03125,0.0,-0.709126
0.29166666666666674,0.03645833333333333,0.0,-0.695937
0.29166666666666674,0.041666666666666664,0.0,-0.68226
0.29166666666666674,0.046875,0.0,-0.668089
0.29166666666666674,0.05208333333333333,0.0,-0.653415
0.29166666666666674,0.057291666666666664,0.0,-0.638234
0.29166666666666674,0.0625,0.0,-0.622539
0.29166666666666674,0.06770833333333333,0.0,-0.606328
0.29166666666666674,0.07291666666666666,0.0,-0.589596
0.29166666666666674,0.078125,0.0,-0.572342
0.29166666666666674,0.08333333333333333,0.0,-0.554567
0.29166666666666674,0.08854166666666666,0.0,-0.536271
0.29166666666666674,0.09375,0.0,-0.517457
0.29166666666666674,0.09895833333333333,0.0,-0.49813
0.29166666666666674,0.10416666666666666,0.0,-0.478295
0.29166666666666674,0.109375,0.0,-0.45796
0.29166666666666674,0.11458333333333333,0.0,-0.437135
0.29166666666666674,0.11979166666666666,0.0,-0.415831
0.29166666666666674,0.125,0.0,-0.394061
0.29166666666666674,0.13020833333333331,0.0,-0.371841
0.29166666666666674,0.13541666666666666,0.0,-0.349186
0.29166666666666674,0.140625,0.0,-0.326117
0.29166666666666674,0.14583333333333331,0.0,-0.302653
0.29166666666666674,0.15104166666666666,0.0,-0.278817
0.29166666666666674,0.15625,0.0,-0.254632
0.29166666666666674,0.16145833333333331,0.0,-0.230126
0.29166666666666674,0.16666666666666666,0.0,-0.205325
0.29166666666666674,0.171875,0.0,-0.180257
0.29166666666666674,0.17708333333333331,0.0,-0.154954
0.29166666666666674,0.18229166666666666,0.0,-0.129446
0.29166666666666674,0.1875,0.0,-0.103766
0.29166666666666674,0.19270833333333331,0.0,-0.0779469
0.29166666666666674,0.19791666666666666,0.0,-0.0520231
0.29166666666666674,0.203125,0.0,-0.0260293
0.29166666666666674,0.20833333333333331,0.0,-2.17775e-07
0.29166666666666674,0.21354166666666666,0.0,0.0260288
0.29166666666666674,0.21875,0.0,0.0520227
0.29166666666666674,0.22395833333333331,0.0,0.0779464
0.29166666666666674,0.22916666666666666,0.0,0.103765
0.29166666666666674,0.234375,0.0,0.129445
0.29166666666666674,0.23958333333333331,0.0,0.154953
0.29166666666666674,0.24479166666666666,0.0,0.180256
0.29166666666666674,0.25,0.0,0.205324
0.29166666666666674,0.2552083333333333,0.0,0.230125
0.29166666666666674,0.26041666666666663,0.0,0.254631
0.29166666666666674,0.265625,0.0,0.278815
0.29166666666666674,0.2708333333333333,0.0,0.302651
0.29166666666666674,0.27604166666666663,0.0,0.326115
0.29166666666666674,0.28125,0.0,0.349185
0.29166666666666674,0.2864583333333333,0.0,0.371839
0.29166666666666674,0.29166666666666663,0.0,0.394059
0.29166666666666674,0.296875,0.0,0.415829
0.29166666666666674,0.3020833333333333,0.0,0.437132
0.29166666666666674,0.30729166666666663,0.0,0.457957
0.29166666666666674,0.3125,0.0,0.478291
0.29166666666666674,0.3177083333333333,0.0,0.498126
0.29166666666666674,0.32291666666666663,0.0,0.517453
0.29166666666666674,0.328125,0.0,0.536266
0.29166666666666674,0.3333333333333333,0.0,0.554562
0.29166666666666674,0.33854166666666663,0.0,0.572337
0.29166666666666674,0.34375,0.0,0.58959
0.29166666666666674,0.3489583333333333,0.0,0.606322
0.29166666666666674,0.35416666666666663,0.0,0.622533
0.29166666666666674,0.359375,0.0,0.638228
0.29166666666666674,0.3645833333333333,0.0,0.653409
0.29166666666666674,0.36979166666666663,0.0,0.668083
0.29166666666666674,0.375,0.0,0.682255
0.29166666666666674,0.3802083333333333,0.0,0.695932
0.29166666666666674,0.38541666666666663,0.0,0.709122
0.29166666666666674,0.390625,0.0,0.721834
0.29166666666666674,0.3958333333333333,0.0,0.734077
0.29166666666666674,0.40104166666666663,0.0,0.74586
0.29166666666666674,0.40625,0.0,0.757195
0.29166666666666674,0.4114583333333333,0.0,0.768091
0.29166666666666674,0.41666666666666663,0.0,0.778559
0.29166666666666674,0.421875,0.0,0.788612
0.29166666666666674,0.4270833333333333,0.0,0.79826
0.29166666666666674,0.43229166666666663,0.0,0.807514
0.29166666666666674,0.4375,0.0,0.816388
0.29166666666666674,0.4427083333333333,0.0,0.824892
0.29166666666666674,0.44791666666666663,0.0,0.833038
0.29166666666666674,0.453125,0.0,0.840839
0.29166666666666674,0.4583333333333333,0.0,0.848305
0.29166666666666674,0.46354166666666663,0.0,0.855448
0.29166666666666674,0.46875,0.0,0.86228
0.29166666666666674,0.4739583333333333,0.0,0.868811
0.29166666666666674,0.47916666666666663,0.0,0.875054
0.29166666666666674,0.484375,0.0,0.881018
0.29166666666666674,0.4895833333333333,0.0,0.886715
0.29166666666666674,0.49479166666666663,0.0,0.892155
0.29166666666666674,0.5,0.0,0.897347
0.27083333333333337,0.0,0.0,-0.816369
0.27083333333333337,0.005208333333333333,0.0,-0.807499
0.27083333333333337,0.010416666666666666,0.0,-0.798248
0.27083333333333337,0.015625,0.0,-0.788603
0.27083333333333337,0.020833333333333332,0.0,-0.778553
0.27083333333333337,0.026041666666666664,0.0,-0.768087
0.27083333333333337,0.03125,0.0,-0.757193
0.27083333333333337,0.03645833333333333,0.0,-0.74586
0.27083333333333337,0.041666666666666664,0.0,-0.734078
0.27083333333333337,0.046875,0.0,-0.721836
0.27083333333333337,0.05208333333333333,0.0,-0.709125
0.27083333333333337,0.057291666666666664,0.0,-0.695935
0.27083333333333337,0.0625,0.0,-0.682258
0.27083333333333337,0.06770833333333333,0.0,-0.668086
0.27083333333333337,0.07291666666666666,0.0,-0.653413
0.27083333333333337,0.078125,0.0,-0.638231
0.27083333333333337,0.08333333333333333,0.0,-0.622537
0.27083333333333337,0.08854166666666666,0.0,-0.606325
0.27083333333333337,0.09375,0.0,-0.589593
0.27083333333333337,0.09895833333333333,0.0,-0.57234
0.27083333333333337,0.10416666666666666,0.0,-0.554565
0.27083333333333337,0.109375,0.0,-0.536269
0.27083333333333337,0.11458333333333333,0.0,-0.517455
0.27083333333333337,0.11979166666666666,0.0,-0.498128
0.27083333333333337,0.125,0.0,-0.478293
0.27083333333333337,0.13020833333333331,0.0,-0.457959
0.27083333333333337,0.13541666666666666,0.0,-0.437134
0.27083333333333337,0.140625,0.0,-0.41583
0.27083333333333337,0.14583333333333331,0.0,-0.39406
0.27083333333333337,0.15104166666666666,0.0,-0.37184
0.27083333333333337,0.15625,0.0,-0.349186
0.27083333333333337,0.16145833333333331,0.0,-0.326116
0.27083333333333337,0.16666666666666666,0.0,-0.302652
0.27083333333333337,0.171875,0.0,-0.278816
0.27083333333333337,0.17708333333333331,0.0,-0.254632
0.27083333333333337,0.18229166666666666,0.0,-0.230126
0.27083333333333337,0.1875,0.0,-0.205324
0.27083333333333337,0.19270833333333331,0.0,-0.180257
0.27083333333333337,0.19791666666666666,0.0,-0.154954
0.27083333333333337,0.203125,0.0,-0.129446
0.27083333333333337,0.20833333333333331,0.0,-0.103766
0.27083333333333337,0.21354166666666666,0.0,-0.0779468
0.27083333333333337,0.21875,0.0,-0.0520231
0.27083333333333337,0.22395833333333331,0.0,-0.0260292
0.27083333333333337,0.22916666666666666,0.0,-1.97491e-07
0.27083333333333337,0.234375,0.0,0.0260288
0.27083333333333337,0.23958333333333331,0.0,0.0520227
0.27083333333333337,0.24479166666666666,0.0,0.0779464
0.27083333333333337,0.25,0.0,0.103765
0.27083333333333337,0.2552083333333333,0.0,0.129445
0.27083333333333337,0.26041666666666663,0.0,0.154953
0.27083333333333337,0.265625,0.0,0.180256
0.27083333333333337,0.2708333333333333,0.0,0.205324
0.27083333333333337,0.27604166666666663,0.0,0.230125
0.27083333333333337,0.28125,0.0,0.254631
0.27083333333333337,0.2864583333333333,0.0,0.278815
0.27083333333333337,0.29166666666666663,0.0,0.302651
0.27083333333333337,0.296875,0.0,0.326115
0.27083333333333337,0.3020833333333333,0.0,0.349185
0.27083333333333337,0.30729166666666663,0.0,0.371839
0.27083333333333337,0.3125,0.0,0.394059
0.27083333333333337,0.3177083333333333,0.0,0.415829
0.27083333333333337,0.32291666666666663,0.0,0.437132
0.27083333333333337,0.328125,0.0,0.457957
0.27083333333333337,0.3333333333333333,0.0,0.478291
0.27083333333333337,0.33854166666666663,0.0,0.498126
0.27083333333333337,0.34375,0.0,0.517453
0.27083333333333337,0.3489583333333333,0.0,0.536266
0.27083333333333337,0.35416666666666663,0.0,0.554562
0.27083333333333337,0.359375,0.0,0.572337
0.27083333333333337,0.3645833333333333,0.0,0.58959
0.27083333333333337,0.36979166666666663,0.0,0.606322
0.27083333333333337,0.375,0.0,0.622533
0.27083333333333337,0.3802083333333333,0.0,0.638228
0.27083333333333337,0.38541666666666663,0.0,0.653409
0.27083333333333337,0.390625,0.0,0.668083
0.27083333333333337,0.3958333333333333,0.0,0.682255
0.27083333333333337,0.40104166666666663,0.0,0.695932
0.27083333333333337,0.40625,0.0,0.709122
0.27083333333333337,0.4114583333333333,0.0,0.721834
0.27083333333333337,0.41666666666666663,0.0,0.734077
0.27083333333333337,0.421875,0.0,0.74586
0.27083333333333337,0.4270833333333333,0.0,0.757195
0.27083333333333337,0.43229166666666663,0.0,0.768091
0.27083333333333337,0.4375,0.0,0.778559
0.27083333333333337,0.4427083333333333,0.0,0.788612
0.27083333333333337,0.44791666666666663,0.0,0.79826
0.27083333333333337,0.453125,0.0,0.807515
0.27083333333333337,0.4583333333333333,0.0,0.816388
0.27083333333333337,0.46354166666666663,0.0,0.824892
0.27083333333333337,0.46875,0.0,0.833038
0.27083333333333337,0.4739583333333333,0.0,0.840839
0.27083333333333337,0.47916666666666663,0.0,0.848305
0.27083333333333337,0.484375,0.0,0.855448
0.27083333333333337,0.4895833333333333,0.0,0.86228
0.27083333333333337,0.49479166666666663,0.0,0.868811
0.27083333333333337,0.5,0.0,0.875054
0.25,0.0,0.0,-0.848284
0.25,0.005208333333333333,0.0,-0.84082
0.25,0.010416666666666666,0.0,-0.833023
0.25,0.015625,0.0,-0.824879
0.25,0.020833333333333332,0.0,-0.816377
0.25,0.026041666666666664,0.0,-0.807506
0.25,0.03125,0.0,-0.798253
0.25,0.03645833333333333,0.0,-0.788607
0.25,0.041666666666666664,0.0,-0.778556
0.25,0.046875,0.0,-0.768089
0.25,0.05208333333333333,0.0,-0.757194
0.25,0.057291666666666664,0.0,-0.74586
0.25,0.0625,0.0,-0.734077
0.25,0.06770833333333333,0.0,-0.721835
0.25,0.07291666666666666,0.0,-0.709123
0.25,0.078125,0.0,-0.695933
0.25,0.08333333333333333,0.0,-0.682256
0.25,0.08854166666666666,0.0,-0.668085
0.25,0.09375,0.0,-0.653411
0.25,0.09895833333333333,0.0,-0.63823
0.25,0.10416666666666666,0.0,-0.622535
0.25,0.109375,0.0,-0.606323
0.25,0.11458333333333333,0.0,-0.589591
0.25,0.11979166666666666,0.0,-0.572338
0.25,0.125,0.0,-0.554563
0.25,0.13020833333333331,0.0,-0.536267
0.25,0.13541666666666666,0.0,-0.517454
0.25,0.140625,0.0,-0.498127
0.25,0.14583333333333331,0.0,-0.478292
0.25,0.15104166666666666,0.0,-0.457958
0.25,0.15625,0.0,-0.437133
0.25,0.16145833333333331,0.0,-0.415829
0.25,0.16666666666666666,0.0,-0.39406
0.25,0.171875,0.0,-0.371839
0.25,0.17708333333333331,0.0,-0.349185
0.25,0.18229166666666666,0.0,-0.326116
0.25,0.1875,0.0,-0.302652
0.25,0.19270833333333331,0.0,-0.278816
0.25,0.19791666666666666,0.0,-0.254632
0.25,0.203125,0.0,-0.230125
0.25,0.20833333333333331,0.0,-0.205324
0.25,0.21354166666666666,0.0,-0.180257
0.25,0.21875,0.0,-0.154953
0.25,0.22395833333333331,0.0,-0.129446
0.25,0.22916666666666666,0.0,-0.103766
0.25,0.234375,0.0,-0.0779467
0.25,0.23958333333333331,0.0,-0.052023
0.25,0.24479166666666666,0.0,-0.0260292
0.25,0.25,0.0,-1.7348e-07
0.25,0.2552083333333333,0.0,0.0260289
0.25,0.26041666666666663,0.0,0.0520227
0.25,0.265625,0.0,0.0779464
0.25,0.2708333333333333,0.0,0.103765
0.25,0.27604166666666663,0.0,0.129445
0.25,0.28125,0.0,0.154953
0.25,0.2864583333333333,0.0,0.180256
0.25,0.29166666666666663,0.0,0.205324
0.25,0.296875,0.0,0.230125
0.25,0.3020833333333333,0.0,0.254631
0.25,0.30729166666666663,0.0,0.278815
0.25,0.3125,0.0,0.302652
0.25,0.3177083333333333,0.0,0.326115
0.25,0.32291666666666663,0.0,0.349185
0.25,0.328125,0.0,0.371839
0.25,0.3333333333333333,0.0,0.394059
0.25,0.33854166666666663,0.0,0.415829
0.25,0.34375,0.0,0.437133
0.25,0.3489583333333333,0.0,0.457957
0.25,0.35416666666666663,0.0,0.478292
0.25,0.359375,0.0,0.498126
0.25,0.3645833333333333,0.0,0.517453
0.25,0.36979166666666663,0.0,0.536266
0.25,0.375,0.0,0.554562
0.25,0.3802083333333333,0.0,0.572337
0.25,0.38541666666666663,0.0,0.58959
0.25,0.390625,0.0,0.606322
0.25,0.3958333333333333,0.0,0.622533
0.25,0.40104166666666663,0.0,0.638228
0.25,0.40625,0.0,0.65341
0.25,0.4114583333333333,0.0,0.668083
0.25,0.41666666666666663,0.0,0.682255
0.25,0.421875,0.0,0.695932
0.25,0.4270833333333333,0.0,0.709122
0.25,0.43229166666666663,0.0,0.721834
0.25,0.4375,0.0,0.734077
0.25,0.4427083333333333,0.0,0.74586
0.25,0.44791666666666663,0.0,0.757195
0.25,0.453125,0.0,0.768091
0.25,0.4583333333333333,0.0,0.778559
0.25,0.46354166666666663,0.0,0.788612
0.25,0.46875,0.0,0.79826
0.25,0.4739583333333333,0.0,0.807515
0.25,0.47916666666666663,0.0,0.816388
0.25,0.484375,0.0,0.824892
0.25,0.4895833333333333,0.0,0.833038
0.25,0.49479166666666663,0.0,0.840839
0.25,0.5,0.0,0.848305
0.22916666666666674,0.0,0.0,-0.875033
0.22916666666666674,0.005208333333333333,0.0,-0.868792
0.22916666666666674,0.010416666666666666,0.0,-0.862263
0.22916666666666674,0.015625,0.0,-0.855433
0.22916666666666674,0.020833333333333332,0.0,-0.848291
0.22916666666666674,0.026041666666666664,0.0,-0.840827
0.22916666666666674,0.03125,0.0,-0.833029
0.22916666666666674,0.03645833333333333,0.0,-0.824884
0.22916666666666674,0.041666666666666664,0.0,-0.816382
0.22916666666666674,0.046875,0.0,-0.807509
0.22916666666666674,0.05208333333333333,0.0,-0.798256
0.22916666666666674,0.057291666666666664,0.0,-0.788609
0.22916666666666674,0.0625,0.0,-0.778557
0.22916666666666674,0.06770833333333333,0.0,-0.768089
0.22916666666666674,0.07291666666666666,0.0,-0.757194
0.22916666666666674,0.078125,0.0,-0.74586
0.22916666666666674,0.08333333333333333,0.0,-0.734076
0.22916666666666674,0.08854166666666666,0.0,-0.721834
0.22916666666666674,0.09375,0.0,-0.709122
0.22916666666666674,0.09895833333333333,0.0,-0.695932
0.22916666666666674,0.10416666666666666,0.0,-0.682255
0.22916666666666674,0.109375,0.0,-0.668083
0.22916666666666674,0.11458333333333333,0.0,-0.65341
0.22916666666666674,0.11979166666666666,0.0,-0.638228
0.22916666666666674,0.125,0.0,-0.622534
0.22916666666666674,0.13020833333333331,0.0,-0.606322
0.22916666666666674,0.13541666666666666,0.0,-0.58959
0.22916666666666674,0.140625,0.0,-0.572337
0.22916666666666674,0.14583333333333331,0.0,-0.554562
0.22916666666666674,0.15104166666666666,0.0,-0.536267
0.22916666666666674,0.15625,0.0,-0.517453
0.22916666666666674,0.16145833333333331,0.0,-0.498126
0.22916666666666674,0.16666666666666666,0.0,-0.478292
0.22916666666666674,0.171875,0.0,-0.457957
0.22916666666666674,0.17708333333333331,0.0,-0.437133
0.22916666666666674,0.18229166666666666,0.0,-0.415829
0.22916666666666674,0.1875,0.0,-0.394059
0.22916666666666674,0.19270833333333331,0.0,-0.371839
0.22916666666666674,0.19791666666666666,0.0,-0.349185
0.22916666666666674,0.203125,0.0,-0.326115
0.22916666666666674,0.20833333333333331,0.0,-0.302652
0.22916666666666674,0.21354166666666666,0.0,-0.278816
0.22916666666666674,0.21875,0.0,-0.254631
0.22916666666666674,0.22395833333333331,0.0,-0.230125
0.22916666666666674,0.22916666666666666,0.0,-0.205324
0.22916666666666674,0.234375,0.0,-0.180257
0.22916666666666674,0.23958333333333331,0.0,-0.154953
0.22916666666666674,0.24479166666666666,0.0,-0.129446
0.22916666666666674,0.25,0.0,-0.103766
0.22916666666666674,0.2552083333333333,0.0,-0.0779467
0.22916666666666674,0.26041666666666663,0.0,-0.052023
0.22916666666666674,0.265625,0.0,-0.0260292
0.22916666666666674,0.2708333333333333,0.0,-1.46142e-07
0.22916666666666674,0.27604166666666663,0.0,0.0260289
0.22916666666666674,0.28125,0.0,0.0520227
0.22916666666666674,0.2864583333333333,0.0,0.0779464
0.22916666666666674,0.29166666666666663,0.0,0.103765
0.22916666666666674,0.296875,0.0,0.129445
0.22916666666666674,0.3020833333333333,0.0,0.154953
0.22916666666666674,0.30729166666666663,0.0,0.180257
0.22916666666666674,0.3125,0.0,0.205324
0.22916666666666674,0.3177083333333333,0.0,0.230125
0.22916666666666674,0.32291666666666663,0.0,0.254631
0.22916666666666674,0.328125,0.0,0.278816
0.22916666666666674,0.3333333333333333,0.0,0.302652
0.22916666666666674,0.33854166666666663,0.0,0.326115
0.22916666666666674,0.34375,0.0,0.349185
0.22916666666666674,0.3489583333333333,0.0,0.371839
0.22916666666666674,0.35416666666666663,0.0,0.394059
0.22916666666666674,0.359375,0.0,0.415829
0.22916666666666674,0.3645833333333333,0.0,0.437133
0.22916666666666674,0.36979166666666663,0.0,0.457957
0.22916666666666674,0.375,0.0,0.478292
0.22916666666666674,0.3802083333333333,0.0,0.498126
0.22916666666666674,0.38541666666666663,0.0,0.517453
0.22916666666666674,0.390625,0.0,0.536267
0.22916666666666674,0.3958333333333333,0.0,0.554562
0.22916666666666674,0.40104166666666663,0.0,0.572337
0.22916666666666674,0.40625,0.0,0.58959
0.22916666666666674,0.4114583333333333,0.0,0.606322
0.22916666666666674,0.41666666666666663,0.0,0.622534
0.22916666666666674,0.421875,0.0,0.638228
0.22916666666666674,0.4270833333333333,0.0,0.65341
0.22916666666666674,0.43229166666666663,0.0,0.668083
0.22916666666666674,0.4375,0.0,0.682255
0.22916666666666674,0.4427083333333333,0.0,0.695932
0.22916666666666674,0.44791666666666663,0.0,0.709122
0.22916666666666674,0.453125,0.0,0.721834
0.22916666666666674,0.4583333333333333,0.0,0.734077
0.22916666666666674,0.46354166666666663,0.0,0.745861
0.22916666666666674,0.46875,0.0,0.757195
0.22916666666666674,0.4739583333333333,0.0,0.768091
0.22916666666666674,0.47916666666666663,0.0,0.77856
0.22916666666666674,0.484375,0.0,0.788612
0.22916666666666674,0.4895833333333333,0.0,0.79826
0.22916666666666674,0.49479166666666663,0.0,0.807515
0.22916666666666674,0.5,0.0,0.816388
0.20833333333333337,0.0,0.0,-0.897328
0.20833333333333337,0.005208333333333333,0.0,-0.892137
0.20833333333333337,0.010416666666666666,0.0,-0.886698
0.20833333333333337,0.015625,0.0,-0.881003
0.20833333333333337,0.020833333333333332,0.0,-0.87504
0.20833333333333337,0.026041666666666664,0.0,-0.868799
0.20833333333333337,0.03125,0.0,-0.862268
0.20833333333333337,0.03645833333333333,0.0,-0.855438
0.20833333333333337,0.041666666666666664,0.0,-0.848296
0.20833333333333337,0.046875,0.0,-0.840831
0.20833333333333337,0.05208333333333333,0.0,-0.833032
0.20833333333333337,0.057291666666666664,0.0,-0.824887
0.20833333333333337,0.0625,0.0,-0.816383
0.20833333333333337,0.06770833333333333,0.0,-0.807511
0.20833333333333337,0.07291666666666666,0.0,-0.798257
0.20833333333333337,0.078125,0.0,-0.788609
0.20833333333333337,0.08333333333333333,0.0,-0.778557
0.20833333333333337,0.08854166666666666,0.0,-0.768089
0.20833333333333337,0.09375,0.0,-0.757193
0.20833333333333337,0.09895833333333333,0.0,-0.745859
0.20833333333333337,0.10416666666666666,0.0,-0.734076
0.20833333333333337,0.109375,0.0,-0.721833
0.20833333333333337,0.11458333333333333,0.0,-0.709122
0.20833333333333337,0.11979166666666666,0.0,-0.695932
0.20833333333333337,0.125,0.0,-0.682254
0.20833333333333337,0.13020833333333331,0.0,-0.668083
0.20833333333333337,0.13541666666666666,0.0,-0.653409
0.20833333333333337,0.140625,0.0,-0.638228
0.20833333333333337,0.14583333333333331,0.0,-0.622533
0.20833333333333337,0.15104166666666666,0.0,-0.606321
0.20833333333333337,0.15625,0.0,-0.58959
0.20833333333333337,0.16145833333333331,0.0,-0.572337
0.20833333333333337,0.16666666666666666,0.0,-0.554562
0.20833333333333337,0.171875,0.0,-0.536266
0.20833333333333337,0.17708333333333331,0.0,-0.517453
0.20833333333333337,0.18229166666666666,0.0,-0.498126
0.20833333333333337,0.1875,0.0,-0.478291
0.20833333333333337,0.19270833333333331,0.0,-0.457957
0.20833333333333337,0.19791666666666666,0.0,-0.437132
0.20833333333333337,0.203125,0.0,-0.415829
0.20833333333333337,0.20833333333333331,0.0,-0.394059
0.20833333333333337,0.21354166666666666,0.0,-0.371839
0.20833333333333337,0.21875,0.0,-0.349185
0.20833333333333337,0.22395833333333331,0.0,-0.326115
0.20833333333333337,0.22916666666666666,0.0,-0.302651
0.20833333333333337,0.234375,0.0,-0.278815
0.20833333333333337,0.23958333333333331,0.0,-0.254631
0.20833333333333337,0.24479166666666666,0.0,-0.230125
0.20833333333333337,0.25,0.0,-0.205324
0.20833333333333337,0.2552083333333333,0.0,-0.180257
0.20833333333333337,0.26041666666666663,0.0,-0.154953
0.20833333333333337,0.265625,0.0,-0.129446
0.20833333333333337,0.2708333333333333,0.0,-0.103766
0.20833333333333337,0.27604166666666663,0.0,-0.0779466
0.20833333333333337,0.28125,0.0,-0.052023
0.20833333333333337,0.2864583333333333,0.0,-0.0260291
0.20833333333333337,0.29166666666666663,0.0,-1.15921e-07
0.20833333333333337,0.296875,0.0,0.0260289
0.20833333333333337,0.3020833333333333,0.0,0.0520228
0.20833333333333337,0.30729166666666663,0.0,0.0779465
0.20833333333333337,0.3125,0.0,0.103765
0.20833333333333337,0.3177083333333333,0.0,0.129445
0.20833333333333337,0.32291666666666663,0.0,0.154953
0.20833333333333337,0.328125,0.0,0.180257
0.20833333333333337,0.3333333333333333,0.0,0.205324
0.20833333333333337,0.33854166666666663,0.0,0.230125
0.20833333333333337,0.34375,0.0,0.254632
0.20833333333333337,0.3489583333333333,0.0,0.278816
0.20833333333333337,0.35416666666666663,0.0,0.302652
0.20833333333333337,0.359375,0.0,0.326116
0.20833333333333337,0.3645833333333333,0.0,0.349185
0.20833333333333337,0.36979166666666663,0.0,0.371839
0.20833333333333337,0.375,0.0,0.39406
0.20833333333333337,0.3802083333333333,0.0,0.415829
0.20833333333333337,0.38541666666666663,0.0,0.437133
0.20833333333333337,0.390625,0.0,0.457957
0.20833333333333337,0.3958333333333333,0.0,0.478292
0.20833333333333337,0.40104166666666663,0.0,0.498126
0.20833333333333337,0.40625,0.0,0.517453
0.20833333333333337,0.4114583333333333,0.0,0.536267
0.20833333333333337,0.41666666666666663,0.0,0.554562
0.20833333333333337,0.421875,0.0,0.572337
0.20833333333333337,0.4270833333333333,0.0,0.58959
0.20833333333333337,0.43229166666666663,0.0,0.606322
0.20833333333333337,0.4375,0.0,0.622534
0.20833333333333337,0.4427083333333333,0.0,0.638228
0.20833333333333337,0.44791666666666663,0.0,0.65341
0.20833333333333337,0.453125,0.0,0.668083
0.20833333333333337,0.4583333333333333,0.0,0.682255
0.20833333333333337,0.46354166666666663,0.0,0.695932
0.20833333333333337,0.46875,0.0,0.709123
0.20833333333333337,0.4739583333333333,0.0,0.721834
0.20833333333333337,0.47916666666666663,0.0,0.734077
0.20833333333333337,0.484375,0.0,0.745861
0.20833333333333337,0.4895833333333333,0.0,0.757195
0.20833333333333337,0.49479166666666663,0.0,0.768091
0.20833333333333337,0.5,0.0,0.77856
0.1875,0.0,0.0,-0.915825
0.1875,0.005208333333333333,0.0,-0.911524
0.1875,0.010416666666666666,0.0,-0.907015
0.1875,0.015625,0.0,-0.902288
0.1875,0.020833333333333332,0.0,-0.897334
0.1875,0.026041666666666664,0.0,-0.892142
0.1875,0.03125,0.0,-0.886703
0.1875,0.03645833333333333,0.0,-0.881007
0.1875,0.041666666666666664,0.0,-0.875044
0.1875,0.046875,0.0,-0.868803
0.1875,0.05208333333333333,0.0,-0.862272
0.1875,0.057291666666666664,0.0,-0.855441
0.1875,0.0625,0.0,-0.848299
0.1875,0.06770833333333333,0.0,-0.840833
0.1875,0.07291666666666666,0.0,-0.833034
0.1875,0.078125,0.0,-0.824888
0.1875,0.08333333333333333,0.0,-0.816384
0.1875,0.08854166666666666,0.0,-0.807511
0.1875,0.09375,0.0,-0.798257
0.1875,0.09895833333333333,0.0,-0.788609
0.1875,0.10416666666666666,0.0,-0.778557
0.1875,0.109375,0.0,-0.768089
0.1875,0.11458333333333333,0.0,-0.757193
0.1875,0.11979166666666666,0.0,-0.745859
0.1875,0.125,0.0,-0.734076
0.1875,0.13020833333333331,0.0,-0.721833
0.1875,0.13541666666666666,0.0,-0.709121
0.1875,0.140625,0.0,-0.695931
0.1875,0.14583333333333331,0.0,-0.682254
0.1875,0.15104166666666666,0.0,-0.668082
0.1875,0.15625,0.0,-0.653409
0.1875,0.16145833333333331,0.0,-0.638227
0.1875,0.16666666666666666,0.0,-0.622533
0.1875,0.171875,0.0,-0.606321
0.1875,0.17708333333333331,0.0,-0.589589
0.1875,0.18229166666666666,0.0,-0.572336
0.1875,0.1875,0.0,-0.554561
0.1875,0.19270833333333331,0.0,-0.536266
0.1875,0.19791666666666666,0.0,-0.517452
0.1875,0.203125,0.0,-0.498125
0.1875,0.20833333333333331,0.0,-0.478291
0.1875,0.21354166666666666,0.0,-0.457957
0.1875,0.21875,0.0,-0.437132
0.1875,0.22395833333333331,0.0,-0.415828
0.1875,0.22916666666666666,0.0,-0.394059
0.1875,0.234375,0.0,-0.371839
0.1875,0.23958333333333331,0.0,-0.349184
0.1875,0.24479166666666666,0.0,-0.326115
0.1875,0.25,0.0,-0.302651
0.1875,0.2552083333333333,0.0,-0.278815
0.1875,0.26041666666666663,0.0,-0.254631
0.1875,0.265625,0.0,-0.230125
0.1875,0.2708333333333333,0.0,-0.205324
0.1875,0.27604166666666663,0.0,-0.180257
0.1875,0.28125,0.0,-0.154953
0.1875,0.2864583333333333,0.0,-0.129445
0.1875,0.29166666666666663,0.0,-0.103765
0.1875,0.296875,0.0,-0.0779466
0.1875,0.3020833333333333,0.0,-0.052023
0.1875,0.30729166666666663,0.0,-0.0260291
0.1875,0.3125,0.0,-8.32719e-08
0.1875,0.3177083333333333,0.0,0.026029
0.1875,0.32291666666666663,0.0,0.0520228
0.1875,0.328125,0.0,0.0779465
0.1875,0.3333333333333333,0.0,0.103765
0.1875,0.33854166666666663,0.0,0.129445
0.1875,0.34375,0.0,0.154953
0.1875,0.3489583333333333,0.0,0.180257
0.1875,0.35416666666666663,0.0,0.205324
0.1875,0.359375,0.0,0.230125
0.1875,0.3645833333333333,0.0,0.254632
0.1875,0.36979166666666663,0.0,0.278816
0.1875,0.375,0.0,0.302652
0.1875,0.3802083333333333,0.0,0.326116
0.1875,0.38541666666666663,0.0,0.349185
0.1875,0.390625,0.0,0.371839
0.1875,0.3958333333333333,0.0,0.39406
0.1875,0.40104166666666663,0.0,0.415829
0.1875,0.40625,0.0,0.437133
0.1875,0.4114583333333333,0.0,0.457958
0.1875,0.41666666666666663,0.0,0.478292
0.1875,0.421875,0.0,0.498126
0.1875,0.4270833333333333,0.0,0.517453
0.1875,0.43229166666666663,0.0,0.536267
0.1875,0.4375,0.0,0.554562
0.1875,0.4427083333333333,0.0,0.572337
0.1875,0.44791666666666663,0.0,0.58959
0.1875,0.453125,0.0,0.606322
0.1875,0.4583333333333333,0.0,0.622534
0.1875,0.46354166666666663,0.0,0.638228
0.1875,0.46875,0.0,0.65341
0.1875,0.4739583333333333,0.0,0.668083
0.1875,0.47916666666666663,0.0,0.682255
0.1875,0.484375,0.0,0.695932
0.1875,0.4895833333333333,0.0,0.709123
0.1875,0.49479166666666663,0.0,0.721834
0.1875,0.5,0.0,0.734077
0.16666666666666674,0.0,0.0,-0.93111
0.16666666666666674,0.005208333333333333,0.0,-0.927561
0.16666666666666674,0.010416666666666666,0.0,-0.923836
0.16666666666666674,0.015625,0.0,-0.919928
0.16666666666666674,0.020833333333333332,0.0,-0.915828
0.16666666666666674,0.026041666666666664,0.0,-0.911528
0.16666666666666674,0.03125,0.0,-0.907019
0.16666666666666674,0.03645833333333333,0.0,-0.902292
0.16666666666666674,0.041666666666666664,0.0,-0.897337
0.16666666666666674,0.046875,0.0,-0.892146
0.16666666666666674,0.05208333333333333,0.0,-0.886707
0.16666666666666674,0.057291666666666664,0.0,-0.881011
0.16666666666666674,0.0625,0.0,-0.875047
0.16666666666666674,0.06770833333333333,0.0,-0.868805
0.16666666666666674,0.07291666666666666,0.0,-0.862274
0.16666666666666674,0.078125,0.0,-0.855443
0.16666666666666674,0.08333333333333333,0.0,-0.8483
0.16666666666666674,0.08854166666666666,0.0,-0.840834
0.16666666666666674,0.09375,0.0,-0.833035
0.16666666666666674,0.09895833333333333,0.0,-0.824889
0.16666666666666674,0.10416666666666666,0.0,-0.816385
0.16666666666666674,0.109375,0.0,-0.807512
0.16666666666666674,0.11458333333333333,0.0,-0.798257
0.16666666666666674,0.11979166666666666,0.0,-0.78861
0.16666666666666674,0.125,0.0,-0.778557
0.16666666666666674,0.13020833333333331,0.0,-0.768089
0.16666666666666674,0.13541666666666666,0.0,-0.757193
0.16666666666666674,0.140625,0.0,-0.745859
0.16666666666666674,0.14583333333333331,0.0,-0.734075
0.16666666666666674,0.15104166666666666,0.0,-0.721833
0.16666666666666674,0.15625,0.0,-0.709121
0.16666666666666674,0.16145833333333331,0.0,-0.695931
0.16666666666666674,0.16666666666666666,0.0,-0.682254
0.16666666666666674,0.171875,0.0,-0.668082
0.16666666666666674,0.17708333333333331,0.0,-0.653408
0.16666666666666674,0.18229166666666666,0.0,-0.638227
0.16666666666666674,0.1875,0.0,-0.622532
0.16666666666666674,0.19270833333333331,0.0,-0.606321
0.16666666666666674,0.19791666666666666,0.0,-0.589589
0.16666666666666674,0.203125,0.0,-0.572336
0.16666666666666674,0.20833333333333331,0.0,-0.554561
0.16666666666666674,0.21354166666666666,0.0,-0.536266
0.16666666666666674,0.21875,0.0,-0.517452
0.16666666666666674,0.22395833333333331,0.0,-0.498125
0.16666666666666674,0.22916666666666666,0.0,-0.478291
0.16666666666666674,0.234375,0.0,-0.457956
0.16666666666666674,0.23958333333333331,0.0,-0.437132
0.16666666666666674,0.24479166666666666,0.0,-0.415828
0.16666666666666674,0.25,0.0,-0.394059
0.16666666666666674,0.2552083333333333,0.0,-0.371839
0.16666666666666674,0.26041666666666663,0.0,-0.349184
0.16666666666666674,0.265625,0.0,-0.326115
0.16666666666666674,0.2708333333333333,0.0,-0.302651
0.16666666666666674,0.27604166666666663,0.0,-0.278815
0.16666666666666674,0.28125,0.0,-0.254631
0.16666666666666674,0.2864583333333333,0.0,-0.230125
0.16666666666666674,0.29166666666666663,0.0,-0.205324
0.16666666666666674,0.296875,0.0,-0.180257
0.16666666666666674,0.3020833333333333,0.0,-0.154953
0.16666666666666674,0.30729166666666663,0.0,-0.129445
0.16666666666666674,0.3125,0.0,-0.103765
0.16666666666666674,0.3177083333333333,0.0,-0.0779466
0.16666666666666674,0.32291666666666663,0.0,-0.0520229
0.16666666666666674,0.328125,0.0,-0.0260291
0.16666666666666674,0.3333333333333333,0.0,-4.86463e-08
0.16666666666666674,0.33854166666666663,0.0,0.026029
0.16666666666666674,0.34375,0.0,0.0520229
0.16666666666666674,0.3489583333333333,0.0,0.0779465
0.16666666666666674,0.35416666666666663,0.0,0.103765
0.16666666666666674,0.359375,0.0,0.129446
0.16666666666666674,0.3645833333333333,0.0,0.154953
0.16666666666666674,0.36979166666666663,0.0,0.180257
0.16666666666666674,0.375,0.0,0.205324
0.16666666666666674,0.3802083333333333,0.0,0.230125
0.16666666666666674,0.38541666666666663,0.0,0.254632
0.16666666666666674,0.390625,0.0,0.278816
0.16666666666666674,0.3958333333333333,0.0,0.302652
0.16666666666666674,0.40104166666666663,0.0,0.326116
0.16666666666666674,0.40625,0.0,0.349185
0.16666666666666674,0.4114583333333333,0.0,0.371839
0.16666666666666674,0.41666666666666663,0.0,0.39406
0.16666666666666674,0.421875,0.0,0.415829
0.16666666666666674,0.4270833333333333,0.0,0.437133
0.16666666666666674,0.43229166666666663,0.0,0.457958
0.16666666666666674,0.4375,0.0,0.478292
0.16666666666666674,0.4427083333333333,0.0,0.498127
0.16666666666666674,0.44791666666666663,0.0,0.517453
0.16666666666666674,0.453125,0.0,0.536267
0.16666666666666674,0.4583333333333333,0.0,0.554562
0.16666666666666674,0.46354166666666663,0.0,0.572337
0.16666666666666674,0.46875,0.0,0.589591
0.16666666666666674,0.4739583333333333,0.0,0.606322
0.16666666666666674,0.47916666666666663,0.0,0.622534
0.16666666666666674,0.484375,0.0,0.638228
0.16666666666666674,0.4895833333333333,0.0,0.65341
0.16666666666666674,0.49479166666666663,0.0,0.668084
0.16666666666666674,0.5,0.0,0.682255
0.14583333333333337,0.0,0.0,-0.943701
0.14583333333333337,0.005208333333333333,0.0,-0.94078
0.14583333333333337,0.010416666666666666,0.0,-0.937713
0.14583333333333337,0.015625,0.0,-0.934493
0.14583333333333337,0.020833333333333332,0.0,-0.931112
0.14583333333333337,0.026041666666666664,0.0,-0.927563
0.14583333333333337,0.03125,0.0,-0.923839
0.14583333333333337,0.03645833333333333,0.0,-0.919931
0.14583333333333337,0.041666666666666664,0.0,-0.915831
0.14583333333333337,0.046875,0.0,-0.911531
0.14583333333333337,0.05208333333333333,0.0,-0.907022
0.14583333333333337,0.057291666666666664,0.0,-0.902295
0.14583333333333337,0.0625,0.0,-0.89734
0.14583333333333337,0.06770833333333333,0.0,-0.892148
0.14583333333333337,0.07291666666666666,0.0,-0.886709
0.14583333333333337,0.078125,0.0,-0.881012
0.14583333333333337,0.08333333333333333,0.0,-0.875049
0.14583333333333337,0.08854166666666666,0.0,-0.868806
0.14583333333333337,0.09375,0.0,-0.862275
0.14583333333333337,0.09895833333333333,0.0,-0.855444
0.14583333333333337,0.10416666666666666,0.0,-0.848301
0.14583333333333337,0.109375,0.0,-0.840835
0.14583333333333337,0.11458333333333333,0.0,-0.833035
0.14583333333333337,0.11979166666666666,0.0,-0.824889
0.14583333333333337,0.125,0.0,-0.816385
0.14583333333333337,0.13020833333333331,0.0,-0.807512
0.14583333333333337,0.13541666666666666,0.0,-0.798257
0.14583333333333337,0.140625,0.0,-0.78861
0.14583333333333337,0.14583333333333331,0.0,-0.778557
0.14583333333333337,0.15104166666666666,0.0,-0.768089
0.14583333333333337,0.15625,0.0,-0.757193
0.14583333333333337,0.16145833333333331,0.0,-0.745859
0.14583333333333337,0.16666666666666666,0.0,-0.734075
0.14583333333333337,0.171875,0.0,-0.721833
0.14583333333333337,0.17708333333333331,0.0,-0.709121
0.14583333333333337,0.18229166666666666,0.0,-0.695931
0.14583333333333337,0.1875,0.0,-0.682254
0.14583333333333337,0.19270833333333331,0.0,-0.668082
0.14583333333333337,0.19791666666666666,0.0,-0.653408
0.14583333333333337,0.203125,0.0,-0.638227
0.14583333333333337,0.20833333333333331,0.0,-0.622532
0.14583333333333337,0.21354166666666666,0.0,-0.60632
0.14583333333333337,0.21875,0.0,-0.589589
0.14583333333333337,0.22395833333333331,0.0,-0.572336
0.14583333333333337,0.22916666666666666,0.0,-0.554561
0.14583333333333337,0.234375,0.0,-0.536265
0.14583333333333337,0.23958333333333331,0.0,-0.517452
0.14583333333333337,0.24479166666666666,0.0,-0.498125
0.14583333333333337,0.25,0.0,-0.478291
0.14583333333333337,0.2552083333333333,0.0,-0.457956
0.14583333333333337,0.26041666666666663,0.0,-0.437132
0.14583333333333337,0.265625,0.0,-0.415828
0.14583333333333337,0.2708333333333333,0.0,-0.394059
0.14583333333333337,0.27604166666666663,0.0,-0.371839
0.14583333333333337,0.28125,0.0,-0.349184
0.14583333333333337,0.2864583333333333,0.0,-0.326115
0.14583333333333337,0.29166666666666663,0.0,-0.302651
0.14583333333333337,0.296875,0.0,-0.278815
0.14583333333333337,0.3020833333333333,0.0,-0.254631
0.14583333333333337,0.30729166666666663,0.0,-0.230125
0.14583333333333337,0.3125,0.0,-0.205324
0.14583333333333337,0.3177083333333333,0.0,-0.180257
0.14583333333333337,0.32291666666666663,0.0,-0.154953
0.14583333333333337,0.328125,0.0,-0.129445
0.14583333333333337,0.3333333333333333,0.0,-0.103765
0.14583333333333337,0.33854166666666663,0.0,-0.0779466
0.14583333333333337,0.34375,0.0,-0.0520229
0.14583333333333337,0.3489583333333333,0.0,-0.0260291
0.14583333333333337,0.35416666666666663,0.0,-1.24747e-08
0.14583333333333337,0.359375,0.0,0.026029
0.14583333333333337,0.3645833333333333,0.0,0.0520229
0.14583333333333337,0.36979166666666663,0.0,0.0779466
0.14583333333333337,0.375,0.0,0.103766
0.14583333333333337,0.3802083333333333,0.0,0.129446
0.14583333333333337,0.38541666666666663,0.0,0.154953
0.14583333333333337,0.390625,0.0,0.180257
0.14583333333333337,0.3958333333333333,0.0,0.205324
0.14583333333333337,0.40104166666666663,0.0,0.230125
0.14583333333333337,0.40625,0.0,0.254632
0.14583333333333337,0.4114583333333333,0.0,0.278816
0.14583333333333337,0.41666666666666663,0.0,0.302652
0.14583333333333337,0.421875,0.0,0.326116
0.14583333333333337,0.4270833333333333,0.0,0.349185
0.14583333333333337,0.43229166666666663,0.0,0.371839
0.14583333333333337,0.4375,0.0,0.39406
0.14583333333333337,0.4427083333333333,0.0,0.415829
0.14583333333333337,0.44791666666666663,0.0,0.437133
0.14583333333333337,0.453125,0.0,0.457958
0.14583333333333337,0.4583333333333333,0.0,0.478292
0.14583333333333337,0.46354166666666663,0.0,0.498127
0.14583333333333337,0.46875,0.0,0.517454
0.14583333333333337,0.4739583333333333,0.0,0.536267
0.14583333333333337,0.47916666666666663,0.0,0.554563
0.14583333333333337,0.484375,0.0,0.572337
0.14583333333333337,0.4895833333333333,0.0,0.589591
0.14583333333333337,0.49479166666666663,0.0,0.606322
0.14583333333333337,0.5,0.0,0.622534
0.125,0.0,0.0,-0.954045
0.125,0.005208333333333333,0.0,-0.951648
0.125,0.010416666666666666,0.0,-0.949129
0.125,0.015625,0.0,-0.946482
0.125,0.020833333333333332,0.0,-0.943702
0.125,0.026041666666666664,0.0,-0.940782
0.125,0.03125,0.0,-0.937715
0.125,0.03645833333333333,0.0,-0.934495
0.125,0.041666666666666664,0.0,-0.931114
0.125,0.046875,0.0,-0.927566
0.125,0.05208333333333333,0.0,-0.923841
0.125,0.057291666666666664,0.0,-0.919933
0.125,0.0625,0.0,-0.915834
0.125,0.06770833333333333,0.0,-0.911533
0.125,0.07291666666666666,0.0,-0.907024
0.125,0.078125,0.0,-0.902297
0.125,0.08333333333333333,0.0,-0.897342
0.125,0.08854166666666666,0.0,-0.892149
0.125,0.09375,0.0,-0.88671
0.125,0.09895833333333333,0.0,-0.881014
0.125,0.10416666666666666,0.0,-0.87505
0.125,0.109375,0.0,-0.868807
0.125,0.11458333333333333,0.0,-0.862276
0.125,0.11979166666666666,0.0,-0.855444
0.125,0.125,0.0,-0.848301
0.125,0.13020833333333331,0.0,-0.840836
0.125,0.13541666666666666,0.0,-0.833036
0.125,0.140625,0.0,-0.824889
0.125,0.14583333333333331,0.0,-0.816386
0.125,0.15104166666666666,0.0,-0.807512
0.125,0.15625,0.0,-0.798257
0.125,0.16145833333333331,0.0,-0.78861
0.125,0.16666666666666666,0.0,-0.778557
0.125,0.171875,0.0,-0.768089
0.125,0.17708333333333331,0.0,-0.757193
0.125,0.18229166666666666,0.0,-0.745859
0.125,0.1875,0.0,-0.734075
0.125,0.19270833333333331,0.0,-0.721832
0.125,0.19791666666666666,0.0,-0.709121
0.125,0.203125,0.0,-0.69593
0.125,0.20833333333333331,0.0,-0.682253
0.125,0.21354166666666666,0.0,-0.668082
0.125,0.21875,0.0,-0.653408
0.125,0.22395833333333331,0.0,-0.638227
0.125,0.22916666666666666,0.0,-0.622532
0.125,0.234375,0.0,-0.60632
0.125,0.23958333333333331,0.0,-0.589589
0.125,0.24479166666666666,0.0,-0.572336
0.125,0.25,0.0,-0.554561
0.125,0.2552083333333333,0.0,-0.536265
0.125,0.26041666666666663,0.0,-0.517452
0.125,0.265625,0.0,-0.498125
0.125,0.2708333333333333,0.0,-0.478291
0.125,0.27604166666666663,0.0,-0.457956
0.125,0.28125,0.0,-0.437132
0.125,0.2864583333333333,0.0,-0.415828
0.125,0.29166666666666663,0.0,-0.394059
0.125,0.296875,0.0,-0.371839
0.125,0.3020833333333333,0.0,-0.349184
0.125,0.30729166666666663,0.0,-0.326115
0.125,0.3125,0.0,-0.302651
0.125,0.3177083333333333,0.0,-0.278815
0.125,0.32291666666666663,0.0,-0.254631
0.125,0.328125,0.0,-0.230125
0.125,0.3333333333333333,0.0,-0.205324
0.125,0.33854166666666663,0.0,-0.180257
0.125,0.34375,0.0,-0.154953
0.125,0.3489583333333333,0.0,-0.129445
0.125,0.35416666666666663,0.0,-0.103765
0.125,0.359375,0.0,-0.0779465
0.125,0.3645833333333333,0.0,-0.0520229
0.125,0.36979166666666663,0.0,-0.026029
0.125,0.375,0.0,2.48407e-08
0.125,0.3802083333333333,0.0,0.0260291
0.125,0.38541666666666663,0.0,0.0520229
0.125,0.390625,0.0,0.0779466
0.125,0.3958333333333333,0.0,0.103766
0.125,0.40104166666666663,0.0,0.129446
0.125,0.40625,0.0,0.154954
0.125,0.4114583333333333,0.0,0.180257
0.125,0.41666666666666663,0.0,0.205324
0.125,0.421875,0.0,0.230125
0.125,0.4270833333333333,0.0,0.254632
0.125,0.43229166666666663,0.0,0.278816
0.125,0.4375,0.0,0.302652
0.125,0.4427083333333333,0.0,0.326116
0.125,0.44791666666666663,0.0,0.349185
0.125,0.453125,0.0,0.37184
0.125,0.4583333333333333,0.0,0.39406
0.125,0.46354166666666663,0.0,0.415829
0.125,0.46875,0.0,0.437133
0.125,0.4739583333333333,0.0,0.457958
0.125,0.47916666666666663,0.0,0.478292
0.125,0.484375,0.0,0.498127
0.125,0.4895833333333333,0.0,0.517454
0.125,0.49479166666666663,0.0,0.536267
0.125,0.5,0.0,0.554563
0.10416666666666674,0.0,0.0,-0.962526
0.10416666666666674,0.005208333333333333,0.0,-0.960562
0.10416666666666674,0.010416666666666666,0.0,-0.958497
0.10416666666666674,0.015625,0.0,-0.956327
0.10416666666666674,0.020833333333333332,0.0,-0.954046
0.10416666666666674,0.026041666666666664,0.0,-0.951649
0.10416666666666674,0.03125,0.0,-0.94913
0.10416666666666674,0.03645833333333333,0.0,-0.946484
0.10416666666666674,0.041666666666666664,0.0,-0.943704
0.10416666666666674,0.046875,0.0,-0.940784
0.10416666666666674,0.05208333333333333,0.0,-0.937717
0.10416666666666674,0.057291666666666664,0.0,-0.934497
0.10416666666666674,0.0625,0.0,-0.931116
0.10416666666666674,0.06770833333333333,0.0,-0.927568
0.10416666666666674,0.07291666666666666,0.0,-0.923843
0.10416666666666674,0.078125,0.0,-0.919935
0.10416666666666674,0.08333333333333333,0.0,-0.915835
0.10416666666666674,0.08854166666666666,0.0,-0.911535
0.10416666666666674,0.09375,0.0,-0.907026
0.10416666666666674,0.09895833333333333,0.0,-0.902298
0.10416666666666674,0.10416666666666666,0.0,-0.897343
0.10416666666666674,0.109375,0.0,-0.89215
0.10416666666666674,0.11458333333333333,0.0,-0.886711
0.10416666666666674,0.11979166666666666,0.0,-0.881014
0.10416666666666674,0.125,0.0,-0.87505
0.10416666666666674,0.13020833333333331,0.0,-0.868808
0.10416666666666674,0.13541666666666666,0.0,-0.862276
0.10416666666666674,0.140625,0.0,-0.855445
0.10416666666666674,0.14583333333333331,0.0,-0.848302
0.10416666666666674,0.15104166666666666,0.0,-0.840836
0.10416666666666674,0.15625,0.0,-0.833036
0.10416666666666674,0.16145833333333331,0.0,-0.82489
0.10416666666666674,0.16666666666666666,0.0,-0.816386
0.10416666666666674,0.171875,0.0,-0.807512
0.10416666666666674,0.17708333333333331,0.0,-0.798258
0.10416666666666674,0.18229166666666666,0.0,-0.78861
0.10416666666666674,0.1875,0.0,-0.778557
0.10416666666666674,0.19270833333333331,0.0,-0.768089
0.10416666666666674,0.19791666666666666,0.0,-0.757193
0.10416666666666674,0.203125,0.0,-0.745859
0.10416666666666674,0.20833333333333331,0.0,-0.734075
0.10416666666666674,0.21354166666666666,0.0,-0.721832
0.10416666666666674,0.21875,0.0,-0.709121
0.10416666666666674,0.22395833333333331,0.0,-0.69593
0.10416666666666674,0.22916666666666666,0.0,-0.682253
0.10416666666666674,0.234375,0.0,-0.668082
0.10416666666666674,0.23958333333333331,0.0,-0.653408
0.10416666666666674,0.24479166666666666,0.0,-0.638227
0.10416666666666674,0.25,0.0,-0.622532
0.10416666666666674,0.2552083333333333,0.0,-0.60632
0.10416666666666674,0.26041666666666663,0.0,-0.589589
0.10416666666666674,0.265625,0.0,-0.572336
0.10416666666666674,0.2708333333333333,0.0,-0.554561
0.10416666666666674,0.27604166666666663,0.0,-0.536265
0.10416666666666674,0.28125,0.0,-0.517452
0.10416666666666674,0.2864583333333333,0.0,-0.498125
0.10416666666666674,0.29166666666666663,0.0,-0.478291
0.10416666666666674,0.296875,0.0,-0.457956
0.10416666666666674,0.3020833333333333,0.0,-0.437132
0.10416666666666674,0.30729166666666663,0.0,-0.415828
0.10416666666666674,0.3125,0.0,-0.394059
0.10416666666666674,0.3177083333333333,0.0,-0.371839
0.10416666666666674,0.32291666666666663,0.0,-0.349184
0.10416666666666674,0.328125,0.0,-0.326115
0.10416666666666674,0.3333333333333333,0.0,-0.302651
0.10416666666666674,0.33854166666666663,0.0,-0.278815
0.10416666666666674,0.34375,0.0,-0.254631
0.10416666666666674,0.3489583333333333,0.0,-0.230125
0.10416666666666674,0.35416666666666663,0.0,-0.205324
0.10416666666666674,0.359375,0.0,-0.180257
0.10416666666666674,0.3645833333333333,0.0,-0.154953
0.10416666666666674,0.36979166666666663,0.0,-0.129445
0.10416666666666674,0.375,0.0,-0.103765
0.10416666666666674,0.3802083333333333,0.0,-0.0779465
0.10416666666666674,0.38541666666666663,0.0,-0.0520228
0.10416666666666674,0.390625,0.0,-0.026029
0.10416666666666674,0.3958333333333333,0.0,6.29308e-08
0.10416666666666674,0.40104166666666663,0.0,0.0260291
0.10416666666666674,0.40625,0.0,0.052023
0.10416666666666674,0.4114583333333333,0.0,0.0779467
0.10416666666666674,0.41666666666666663,0.0,0.103766
0.10416666666666674,0.421875,0.0,0.129446
0.10416666666666674,0.4270833333333333,0.0,0.154954
0.10416666666666674,0.43229166666666663,0.0,0.180257
0.10416666666666674,0.4375,0.0,0.205324
0.10416666666666674,0.4427083333333333,0.0,0.230126
0.10416666666666674,0.44791666666666663,0.0,0.254632
0.10416666666666674,0.453125,0.0,0.278816
0.10416666666666674,0.4583333333333333,0.0,0.302652
0.10416666666666674,0.46354166666666663,0.0,0.326116
0.10416666666666674,0.46875,0.0,0.349185
0.10416666666666674,0.4739583333333333,0.0,0.37184
0.10416666666666674,0.47916666666666663,0.0,0.39406
0.10416666666666674,0.484375,0.0,0.41583
0.10416666666666674,0.4895833333333333,0.0,0.437133
0.10416666666666674,0.49479166666666663,0.0,0.457958
0.10416666666666674,0.5,0.0,0.478292
0.08333333333333337,0.0,0.0,-0.969466
0.08333333333333337,0.005208333333333333,0.0,-0.967859
0.08333333333333337,0.010416666666666666,0.0,-0.96617
0.08333333333333337,0.015625,0.0,-0.964394
0.08333333333333337,0.020833333333333332,0.0,-0.962526
0.08333333333333337,0.026041666666666664,0.0,-0.960562
0.08333333333333337,0.03125,0.0,-0.958498
0.08333333333333337,0.03645833333333333,0.0,-0.956328
0.08333333333333337,0.041666666666666664,0.0,-0.954047
0.08333333333333337,0.046875,0.0,-0.95165
0.08333333333333337,0.05208333333333333,0.0,-0.949131
0.08333333333333337,0.057291666666666664,0.0,-0.946485
0.08333333333333337,0.0625,0.0,-0.943705
0.08333333333333337,0.06770833333333333,0.0,-0.940785
0.08333333333333337,0.07291666666666666,0.0,-0.937719
0.08333333333333337,0.078125,0.0,-0.934498
0.08333333333333337,0.08333333333333333,0.0,-0.931118
0.08333333333333337,0.08854166666666666,0.0,-0.927569
0.08333333333333337,0.09375,0.0,-0.923844
0.08333333333333337,0.09895833333333333,0.0,-0.919936
0.08333333333333337,0.10416666666666666,0.0,-0.915836
0.08333333333333337,0.109375,0.0,-0.911536
0.08333333333333337,0.11458333333333333,0.0,-0.907027
0.08333333333333337,0.11979166666666666,0.0,-0.902299
0.08333333333333337,0.125,0.0,-0.897344
0.08333333333333337,0.13020833333333331,0.0,-0.892151
0.08333333333333337,0.13541666666666666,0.0,-0.886712
0.08333333333333337,0.140625,0.0,-0.881015
0.08333333333333337,0.14583333333333331,0.0,-0.875051
0.08333333333333337,0.15104166666666666,0.0,-0.868808
0.08333333333333337,0.15625,0.0,-0.862277
0.08333333333333337,0.16145833333333331,0.0,-0.855445
0.08333333333333337,0.16666666666666666,0.0,-0.848302
0.08333333333333337,0.171875,0.0,-0.840836
0.08333333333333337,0.17708333333333331,0.0,-0.833036
0.08333333333333337,0.18229166666666666,0.0,-0.82489
0.08333333333333337,0.1875,0.0,-0.816386
0.08333333333333337,0.19270833333333331,0.0,-0.807512
0.08333333333333337,0.19791666666666666,0.0,-0.798258
0.08333333333333337,0.203125,0.0,-0.78861
0.08333333333333337,0.20833333333333331,0.0,-0.778558
0.08333333333333337,0.21354166666666666,0.0,-0.768089
0.08333333333333337,0.21875,0.0,-0.757193
0.08333333333333337,0.22395833333333331,0.0,-0.745859
0.08333333333333337,0.22916666666666666,0.0,-0.734075
0.08333333333333337,0.234375,0.0,-0.721833
0.08333333333333337,0.23958333333333331,0.0,-0.709121
0.08333333333333337,0.24479166666666666,0.0,-0.695931
0.08333333333333337,0.25,0.0,-0.682253
0.08333333333333337,0.2552083333333333,0.0,-0.668082
0.08333333333333337,0.26041666666666663,0.0,-0.653408
0.08333333333333337,0.265625,0.0,-0.638227
0.08333333333333337,0.2708333333333333,0.0,-0.622532
0.08333333333333337,0.27604166666666663,0.0,-0.60632
0.08333333333333337,0.28125,0.0,-0.589589
0.08333333333333337,0.2864583333333333,0.0,-0.572336
0.08333333333333337,0.29166666666666663,0.0,-0.554561
0.08333333333333337,0.296875,0.0,-0.536265
0.08333333333333337,0.3020833333333333,0.0,-0.517452
0.08333333333333337,0.30729166666666663,0.0,-0.498125
0.08333333333333337,0.3125,0.0,-0.478291
0.08333333333333337,0.3177083333333333,0.0,-0.457956
0.08333333333333337,0.32291666666666663,0.0,-0.437132
0.08333333333333337,0.328125,0.0,-0.415828
0.08333333333333337,0.3333333333333333,0.0,-0.394059
0.08333333333333337,0.33854166666666663,0.0,-0.371839
0.08333333333333337,0.34375,0.0,-0.349184
0.08333333333333337,0.3489583333333333,0.0,-0.326115
0.08333333333333337,0.35416666666666663,0.0,-0.302651
0.08333333333333337,0.359375,0.0,-0.278815
0.08333333333333337,0.3645833333333333,0.0,-0.254631
0.08333333333333337,0.36979166666666663,0.0,-0.230125
0.08333333333333337,0.375,0.0,-0.205324
0.08333333333333337,0.3802083333333333,0.0,-0.180257
0.08333333333333337,0.38541666666666663,0.0,-0.154953
0.08333333333333337,0.390625,0.0,-0.129445
0.08333333333333337,0.3958333333333333,0.0,-0.103765
0.08333333333333337,0.40104166666666663,0.0,-0.0779465
0.08333333333333337,0.40625,0.0,-0.0520228
0.08333333333333337,0.4114583333333333,0.0,-0.026029
0.08333333333333337,0.41666666666666663,0.0,1.01462e-07
0.08333333333333337,0.421875,0.0,0.0260292
0.08333333333333337,0.4270833333333333,0.0,0.052023
0.08333333333333337,0.43229166666666663,0.0,0.0779468
0.08333333333333337,0.4375,0.0,0.103766
0.08333333333333337,0.4427083333333333,0.0,0.129446
0.08333333333333337,0.44791666666666663,0.0,0.154954
0.08333333333333337,0.453125,0.0,0.180257
0.08333333333333337,0.4583333333333333,0.0,0.205324
0.08333333333333337,0.46354166666666663,0.0,0.230126
0.08333333333333337,0.46875,0.0,0.254632
0.08333333333333337,0.4739583333333333,0.0,0.278816
0.08333333333333337,0.47916666666666663,0.0,0.302652
0.08333333333333337,0.484375,0.0,0.326116
0.08333333333333337,0.4895833333333333,0.0,0.349185
0.08333333333333337,0.49479166666666663,0.0,0.37184
0.08333333333333337,0.5,0.0,0.39406
0.0625,0.0,0.0,-0.975137
0.0625,0.005208333333333333,0.0,-0.973825
0.0625,0.010416666666666666,0.0,-0.972445
0.0625,0.015625,0.0,-0.970993
0.0625,0.020833333333333332,0.0,-0.969466
0.0625,0.026041666666666664,0.0,-0.96786
0.0625,0.03125,0.0,-0.96617
0.0625,0.03645833333333333,0.0,-0.964394
0.0625,0.041666666666666664,0.0,-0.962527
0.0625,0.046875,0.0,-0.960563
0.0625,0.05208333333333333,0.0,-0.958499
0.0625,0.057291666666666664,0.0,-0.956329
0.0625,0.0625,0.0,-0.954048
0.0625,0.06770833333333333,0.0,-0.951651
0.0625,0.07291666666666666,0.0,-0.949133
0.0625,0.078125,0.0,-0.946486
0.0625,0.08333333333333333,0.0,-0.943706
0.0625,0.08854166666666666,0.0,-0.940786
0.0625,0.09375,0.0,-0.93772
0.0625,0.09895833333333333,0.0,-0.9345
0.0625,0.10416666666666666,0.0,-0.931119
0.0625,0.109375,0.0,-0.92757
0.0625,0.11458333333333333,0.0,-0.923845
0.0625,0.11979166666666666,0.0,-0.919937
0.0625,0.125,0.0,-0.915837
0.0625,0.13020833333333331,0.0,-0.911537
0.0625,0.13541666666666666,0.0,-0.907027
0.0625,0.140625,0.0,-0.9023
0.0625,0.14583333333333331,0.0,-0.897344
0.0625,0.15104166666666666,0.0,-0.892152
0.0625,0.15625,0.0,-0.886712
0.0625,0.16145833333333331,0.0,-0.881016
0.0625,0.16666666666666666,0.0,-0.875051
0.0625,0.171875,0.0,-0.868809
0.0625,0.17708333333333331,0.0,-0.862277
0.0625,0.18229166666666666,0.0,-0.855445
0.0625,0.1875,0.0,-0.848302
0.0625,0.19270833333333331,0.0,-0.840836
0.0625,0.19791666666666666,0.0,-0.833036
0.0625,0.203125,0.0,-0.82489
0.0625,0.20833333333333331,0.0,-0.816386
0.0625,0.21354166666666666,0.0,-0.807513
0.0625,0.21875,0.0,-0.798258
0.0625,0.22395833333333331,0.0,-0.78861
0.0625,0.22916666666666666,0.0,-0.778558
0.0625,0.234375,0.0,-0.768089
0.0625,0.23958333333333331,0.0,-0.757193
0.0625,0.24479166666666666,0.0,-0.745859
0.0625,0.25,0.0,-0.734075
0.0625,0.2552083333333333,0.0,-0.721833
0.0625,0.26041666666666663,0.0,-0.709121
0.0625,0.265625,0.0,-0.695931
0.0625,0.2708333333333333,0.0,-0.682253
0.0625,0.27604166666666663,0.0,-0.668082
0.0625,0.28125,0.0,-0.653408
0.0625,0.2864583333333333,0.0,-0.638227
0.0625,0.29166666666666663,0.0,-0.622532
0.0625,0.296875,0.0,-0.60632
0.0625,0.3020833333333333,0.0,-0.589589
0.0625,0.30729166666666663,0.0,-0.572336
0.0625,0.3125,0.0,-0.554561
0.0625,0.3177083333333333,0.0,-0.536265
0.0625,0.32291666666666663,0.0,-0.517452
0.0625,0.328125,0.0,-0.498125
0.0625,0.3333333333333333,0.0,-0.478291
0.0625,0.33854166666666663,0.0,-0.457956
0.0625,0.34375,0.0,-0.437132
0.0625,0.3489583333333333,0.0,-0.415828
0.0625,0.35416666666666663,0.0,-0.394059
0.0625,0.359375,0.0,-0.371839
0.0625,0.3645833333333333,0.0,-0.349184
0.0625,0.36979166666666663,0.0,-0.326115
0.0625,0.375,0.0,-0.302651
0.0625,0.3802083333333333,0.0,-0.278815
0.0625,0.38541666666666663,0.0,-0.254631
0.0625,0.390625,0.0,-0.230125
0.0625,0.3958333333333333,0.0,-0.205324
0.0625,0.40104166666666663,0.0,-0.180257
0.0625,0.40625,0.0,-0.154953
0.0625,0.4114583333333333,0.0,-0.129445
0.0625,0.41666666666666663,0.0,-0.103765
0.0625,0.421875,0.0,-0.0779465
0.0625,0.4270833333333333,0.0,-0.0520228
0.0625,0.43229166666666663,0.0,-0.0260289
0.0625,0.4375,0.0,1.40139e-07
0.0625,0.4427083333333333,0.0,0.0260292
0.0625,0.44791666666666663,0.0,0.0520231
0.0625,0.453125,0.0,0.0779468
0.0625,0.4583333333333333,0.0,0.103766
0.0625,0.46354166666666663,0.0,0.129446
0.0625,0.46875,0.0,0.154954
0.0625,0.4739583333333333,0.0,0.180257
0.0625,0.47916666666666663,0.0,0.205324
0.0625,0.484375,0.0,0.230126
0.0625,0.4895833333333333,0.0,0.254632
0.0625,0.49479166666666663,0.0,0.278816
0.0625,0.5,0.0,0.302652
0.04166666666666674,0.0,0.0,-0.979765
0.04166666666666674,0.005208333333333333,0.0,-0.978695
0.04166666666666674,0.010416666666666666,0.0,-0.977569
0.04166666666666674,0.015625,0.0,-0.976383
0.04166666666666674,0.020833333333333332,0.0,-0.975136
0.04166666666666674,0.026041666666666664,0.0,-0.973825
0.04166666666666674,0.03125,0.0,-0.972445
0.04166666666666674,0.03645833333333333,0.0,-0.970993
0.04166666666666674,0.041666666666666664,0.0,-0.969466
0.04166666666666674,0.046875,0.0,-0.96786
0.04166666666666674,0.05208333333333333,0.0,-0.966171
0.04166666666666674,0.057291666666666664,0.0,-0.964395
0.04166666666666674,0.0625,0.0,-0.962527
0.04166666666666674,0.06770833333333333,0.0,-0.960564
0.04166666666666674,0.07291666666666666,0.0,-0.9585
0.04166666666666674,0.078125,0.0,-0.95633
0.04166666666666674,0.08333333333333333,0.0,-0.954049
0.04166666666666674,0.08854166666666666,0.0,-0.951652
0.04166666666666674,0.09375,0.0,-0.949134
0.04166666666666674,0.09895833333333333,0.0,-0.946487
0.04166666666666674,0.10416666666666666,0.0,-0.943707
0.04166666666666674,0.109375,0.0,-0.940787
0.04166666666666674,0.11458333333333333,0.0,-0.937721
0.04166666666666674,0.11979166666666666,0.0,-0.9345
0.04166666666666674,0.125,0.0,-0.93112
0.04166666666666674,0.13020833333333331,0.0,-0.927571
0.04166666666666674,0.13541666666666666,0.0,-0.923846
0.04166666666666674,0.140625,0.0,-0.919938
0.04166666666666674,0.14583333333333331,0.0,-0.915838
0.04166666666666674,0.15104166666666666,0.0,-0.911537
0.04166666666666674,0.15625,0.0,-0.907028
0.04166666666666674,0.16145833333333331,0.0,-0.9023
0.04166666666666674,0.16666666666666666,0.0,-0.897345
0.04166666666666674,0.171875,0.0,-0.892152
0.04166666666666674,0.17708333333333331,0.0,-0.886713
0.04166666666666674,0.18229166666666666,0.0,-0.881016
0.04166666666666674,0.1875,0.0,-0.875052
0.04166666666666674,0.19270833333333331,0.0,-0.868809
0.04166666666666674,0.19791666666666666,0.0,-0.862277
0.04166666666666674,0.203125,0.0,-0.855446
0.04166666666666674,0.20833333333333331,0.0,-0.848303
0.04166666666666674,0.21354166666666666,0.0,-0.840837
0.04166666666666674,0.21875,0.0,-0.833036
0.04166666666666674,0.22395833333333331,0.0,-0.82489
0.04166666666666674,0.22916666666666666,0.0,-0.816386
0.04166666666666674,0.234375,0.0,-0.807513
0.04166666666666674,0.23958333333333331,0.0,-0.798258
0.04166666666666674,0.24479166666666666,0.0,-0.78861
0.04166666666666674,0.25,0.0,-0.778558
0.04166666666666674,0.2552083333333333,0.0,-0.768089
0.04166666666666674,0.26041666666666663,0.0,-0.757193
0.04166666666666674,0.265625,0.0,-0.745859
0.04166666666666674,0.2708333333333333,0.0,-0.734075
0.04166666666666674,0.27604166666666663,0.0,-0.721833
0.04166666666666674,0.28125,0.0,-0.709121
0.04166666666666674,0.2864583333333333,0.0,-0.695931
0.04166666666666674,0.29166666666666663,0.0,-0.682254
0.04166666666666674,0.296875,0.0,-0.668082
0.04166666666666674,0.3020833333333333,0.0,-0.653408
0.04166666666666674,0.30729166666666663,0.0,-0.638227
0.04166666666666674,0.3125,0.0,-0.622532
0.04166666666666674,0.3177083333333333,0.0,-0.606321
0.04166666666666674,0.32291666666666663,0.0,-0.589589
0.04166666666666674,0.328125,0.0,-0.572336
0.04166666666666674,0.3333333333333333,0.0,-0.554561
0.04166666666666674,0.33854166666666663,0.0,-0.536265
0.04166666666666674,0.34375,0.0,-0.517452
0.04166666666666674,0.3489583333333333,0.0,-0.498125
0.04166666666666674,0.35416666666666663,0.0,-0.478291
0.04166666666666674,0.359375,0.0,-0.457957
0.04166666666666674,0.3645833333333333,0.0,-0.437132
0.04166666666666674,0.36979166666666663,0.0,-0.415828
0.04166666666666674,0.375,0.0,-0.394059
0.04166666666666674,0.3802083333333333,0.0,-0.371839
0.04166666666666674,0.38541666666666663,0.0,-0.349184
0.04166666666666674,0.390625,0.0,-0.326115
0.04166666666666674,0.3958333333333333,0.0,-0.302651
0.04166666666666674,0.40104166666666663,0.0,-0.278815
0.04166666666666674,0.40625,0.0,-0.254631
0.04166666666666674,0.4114583333333333,0.0,-0.230125
0.04166666666666674,0.41666666666666663,0.0,-0.205324
0.04166666666666674,0.421875,0.0,-0.180257
0.04166666666666674,0.4270833333333333,0.0,-0.154953
0.04166666666666674,0.43229166666666663,0.0,-0.129445
0.04166666666666674,0.4375,0.0,-0.103765
0.04166666666666674,0.4427083333333333,0.0,-0.0779464
0.04166666666666674,0.44791666666666663,0.0,-0.0520228
0.04166666666666674,0.453125,0.0,-0.0260289
0.04166666666666674,0.4583333333333333,0.0,1.78706e-07
0.04166666666666674,0.46354166666666663,0.0,0.0260292
0.04166666666666674,0.46875,0.0,0.0520231
0.04166666666666674,0.4739583333333333,0.0,0.0779469
0.04166666666666674,0.47916666666666663,0.0,0.103766
0.04166666666666674,0.484375,0.0,0.129446
0.04166666666666674,0.4895833333333333,0.0,0.154954
0.04166666666666674,0.49479166666666663,0.0,0.180257
0.04166666666666674,0.5,0.0,0.205324
0.02083333333333337,0.0,0.0,-0.983539
0.02083333333333337,0.005208333333333333,0.0,-0.982667
0.02083333333333337,0.010416666666666666,0.0,-0.981749
0.02083333333333337,0.015625,0.0,-0.980782
0.02083333333333337,0.020833333333333332,0.0,-0.979765
0.02083333333333337,0.026041666666666664,0.0,-0.978695
0.02083333333333337,0.03125,0.0,-0.977568
0.02083333333333337,0.03645833333333333,0.0,-0.976383
0.02083333333333337,0.041666666666666664,0.0,-0.975136
0.02083333333333337,0.046875,0.0,-0.973825
0.02083333333333337,0.05208333333333333,0.0,-0.972445
0.02083333333333337,0.057291666666666664,0.0,-0.970993
0.02083333333333337,0.0625,0.0,-0.969466
0.02083333333333337,0.06770833333333333,0.0,-0.96786
0.02083333333333337,0.07291666666666666,0.0,-0.966171
0.02083333333333337,0.078125,0.0,-0.964395
0.02083333333333337,0.08333333333333333,0.0,-0.962528
0.02083333333333337,0.08854166666666666,0.0,-0.960564
0.02083333333333337,0.09375,0.0,-0.9585
0.02083333333333337,0.09895833333333333,0.0,-0.95633
0.02083333333333337,0.10416666666666666,0.0,-0.95405
0.02083333333333337,0.109375,0.0,-0.951653
0.02083333333333337,0.11458333333333333,0.0,-0.949134
0.02083333333333337,0.11979166666666666,0.0,-0.946488
0.02083333333333337,0.125,0.0,-0.943708
0.02083333333333337,0.13020833333333331,0.0,-0.940788
0.02083333333333337,0.13541666666666666,0.0,-0.937721
0.02083333333333337,0.140625,0.0,-0.934501
0.02083333333333337,0.14583333333333331,0.0,-0.93112
0.02083333333333337,0.15104166666666666,0.0,-0.927571
0.02083333333333337,0.15625,0.0,-0.923847
0.02083333333333337,0.16145833333333331,0.0,-0.919938
0.02083333333333337,0.16666666666666666,0.0,-0.915838
0.02083333333333337,0.171875,0.0,-0.911538
0.02083333333333337,0.17708333333333331,0.0,-0.907028
0.02083333333333337,0.18229166666666666,0.0,-0.9023
0.02083333333333337,0.1875,0.0,-0.897345
0.02083333333333337,0.19270833333333331,0.0,-0.892152
0.02083333333333337,0.19791666666666666,0.0,-0.886713
0.02083333333333337,0.203125,0.0,-0.881016
0.02083333333333337,0.20833333333333331,0.0,-0.875052
0.02083333333333337,0.21354166666666666,0.0,-0.868809
0.02083333333333337,0.21875,0.0,-0.862278
0.02083333333333337,0.22395833333333331,0.0,-0.855446
0.02083333333333337,0.22916666666666666,0.0,-0.848303
0.02083333333333337,0.234375,0.0,-0.840837
0.02083333333333337,0.23958333333333331,0.0,-0.833037
0.02083333333333337,0.24479166666666666,0.0,-0.82489
0.02083333333333337,0.25,0.0,-0.816386
0.02083333333333337,0.2552083333333333,0.0,-0.807513
0.02083333333333337,0.26041666666666663,0.0,-0.798258
0.02083333333333337,0.265625,0.0,-0.78861
0.02083333333333337,0.2708333333333333,0.0,-0.778558
0.02083333333333337,0.27604166666666663,0.0,-0.768089
0.02083333333333337,0.28125,0.0,-0.757193
0.02083333333333337,0.2864583333333333,0.0,-0.745859
0.02083333333333337,0.29166666666666663,0.0,-0.734075
0.02083333333333337,0.296875,0.0,-0.721833
0.02083333333333337,0.3020833333333333,0.0,-0.709121
0.02083333333333337,0.30729166666666663,0.0,-0.695931
0.02083333333333337,0.3125,0.0,-0.682254
0.02083333333333337,0.3177083333333333,0.0,-0.668082
0.02083333333333337,0.32291666666666663,0.0,-0.653408
0.02083333333333337,0.328125,0.0,-0.638227
0.02083333333333337,0.3333333333333333,0.0,-0.622532
0.02083333333333337,0.33854166666666663,0.0,-0.606321
0.02083333333333337,0.34375,0.0,-0.589589
0.02083333333333337,0.3489583333333333,0.0,-0.572336
0.02083333333333337,0.35416666666666663,0.0,-0.554561
0.02083333333333337,0.359375,0.0,-0.536266
0.02083333333333337,0.3645833333333333,0.0,-0.517452
0.02083333333333337,0.36979166666666663,0.0,-0.498125
0.02083333333333337,0.375,0.0,-0.478291
0.02083333333333337,0.3802083333333333,0.0,-0.457957
0.02083333333333337,0.38541666666666663,0.0,-0.437132
0.02083333333333337,0.390625,0.0,-0.415828
0.02083333333333337,0.3958333333333333,0.0,-0.394059
0.02083333333333337,0.40104166666666663,0.0,-0.371839
0.02083333333333337,0.40625,0.0,-0.349184
0.02083333333333337,0.4114583333333333,0.0,-0.326115
0.02083333333333337,0.41666666666666663,0.0,-0.302651
0.02083333333333337,0.421875,0.0,-0.278815
0.02083333333333337,0.4270833333333333,0.0,-0.254631
0.02083333333333337,0.43229166666666663,0.0,-0.230125
0.02083333333333337,0.4375,0.0,-0.205324
0.02083333333333337,0.4427083333333333,0.0,-0.180256
0.02083333333333337,0.44791666666666663,0.0,-0.154953
0.02083333333333337,0.453125,0.0,-0.129445
0.02083333333333337,0.4583333333333333,0.0,-0.103765
0.02083333333333337,0.46354166666666663,0.0,-0.0779464
0.02083333333333337,0.46875,0.0,-0.0520227
0.02083333333333337,0.4739583333333333,0.0,-0.0260288
0.02083333333333337,0.47916666666666663,0.0,2.16954e-07
0.02083333333333337,0.484375,0.0,0.0260293
0.02083333333333337,0.4895833333333333,0.0,0.0520232
0.02083333333333337,0.49479166666666663,0.0,0.0779469
0.02083333333333337,0.5,0.0,0.103766
0.0,0.0,0.0,-0.986614
0.0,0.005208333333333333,0.0,-0.985904
0.0,0.010416666666666666,0.0,-0.985155
0.0,0.015625,0.0,-0.984368
0.0,0.020833333333333332,0.0,-0.983539
0.0,0.026041666666666664,0.0,-0.982666
0.0,0.03125,0.0,-0.981748
0.0,0.03645833333333333,0.0,-0.980782
0.0,0.041666666666666664,0.0,-0.979765
0.0,0.046875,0.0,-0.978695
0.0,0.05208333333333333,0.0,-0.977568
0.0,0.057291666666666664,0.0,-0.976383
0.0,0.0625,0.0,-0.975137
0.0,0.06770833333333333,0.0,-0.973825
0.0,0.07291666666666666,0.0,-0.972445
0.0,0.078125,0.0,-0.970994
0.0,0.08333333333333333,0.0,-0.969467
0.0,0.08854166666666666,0.0,-0.967861
0.0,0.09375,0.0,-0.966172
0.0,0.09895833333333333,0.0,-0.964396
0.0,0.10416666666666666,0.0,-0.962528
0.0,0.109375,0.0,-0.960565
0.0,0.11458333333333333,0.0,-0.958501
0.0,0.11979166666666666,0.0,-0.956331
0.0,0.125,0.0,-0.95405
0.0,0.13020833333333331,0.0,-0.951653
0.0,0.13541666666666666,0.0,-0.949135
0.0,0.140625,0.0,-0.946489
0.0,0.14583333333333331,0.0,-0.943709
0.0,0.15104166666666666,0.0,-0.940788
0.0,0.15625,0.0,-0.937722
0.0,0.16145833333333331,0.0,-0.934501
0.0,0.16666666666666666,0.0,-0.93112
0.0,0.171875,0.0,-0.927572
0.0,0.17708333333333331,0.0,-0.923847
0.0,0.18229166666666666,0.0,-0.919939
0.0,0.1875,0.0,-0.915839
0.0,0.19270833333333331,0.0,-0.911538
0.0,0.19791666666666666,0.0,-0.907028
0.0,0.203125,0.0,-0.902301
0.0,0.20833333333333331,0.0,-0.897345
0.0,0.21354166666666666,0.0,-0.892153
0.0,0.21875,0.0,-0.886713
0.0,0.22395833333333331,0.0,-0.881016
0.0,0.22916666666666666,0.0,-0.875052
0.0,0.234375,0.0,-0.868809
0.0,0.23958333333333331,0.0,-0.862278
0.0,0.24479166666666666,0.0,-0.855446
0.0,0.25,0.0,-0.848303
0.0,0.2552083333333333,0.0,-0.840837
0.0,0.26041666666666663,0.0,-0.833037
0.0,0.265625,0.0,-0.82489
0.0,0.2708333333333333,0.0,-0.816386
0.0,0.27604166666666663,0.0,-0.807513
0.0,0.28125,0.0,-0.798258
0.0,0.2864583333333333,0.0,-0.78861
0.0,0.29166666666666663,0.0,-0.778558
0.0,0.296875,0.0,-0.768089
0.0,0.3020833333333333,0.0,-0.757193
0.0,0.30729166666666663,0.0,-0.745859
0.0,0.3125,0.0,-0.734076
0.0,0.3177083333333333,0.0,-0.721833
0.0,0.32291666666666663,0.0,-0.709121
0.0,0.328125,0.0,-0.695931
0.0,0.3333333333333333,0.0,-0.682254
0.0,0.33854166666666663,0.0,-0.668082
0.0,0.34375,0.0,-0.653408
0.0,0.3489583333333333,0.0,-0.638227
0.0,0.35416666666666663,0.0,-0.622532
0.0,0.359375,0.0,-0.606321
0.0,0.3645833333333333,0.0,-0.589589
0.0,0.36979166666666663,0.0,-0.572336
0.0,0.375,0.0,-0.554561
0.0,0.3802083333333333,0.0,-0.536266
0.0,0.38541666666666663,0.0,-0.517452
0.0,0.390625,0.0,-0.498125
0.0,0.3958333333333333,0.0,-0.478291
0.0,0.40104166666666663,0.0,-0.457957
0.0,0.40625,0.0,-0.437132
0.0,0.4114583333333333,0.0,-0.415828
0.0,0.41666666666666663,0.0,-0.394059
0.0,0.421875,0.0,-0.371839
0.0,0.4270833333333333,0.0,-0.349184
0.0,0.43229166666666663,0.0,-0.326115
0.0,0.4375,0.0,-0.302651
0.0,0.4427083333333333,0.0,-0.278815
0.0,0.44791666666666663,0.0,-0.254631
0.0,0.453125,0.0,-0.230125
0.0,0.4583333333333333,0.0,-0.205324
0.0,0.46354166666666663,0.0,-0.180256
0.0,0.46875,0.0,-0.154953
0.0,0.4739583333333333,0.0,-0.129445
0.0,0.47916666666666663,0.0,-0.103765
0.0,0.484375,0.0,-0.0779464
0.0,0.4895833333333333,0.0,-0.0520227
0.0,0.49479166666666663,0.0,-0.0260288
0.0,0.5,0.0,2.54706e-07
-0.02083333333333326,0.0,0.0,-0.989118
-0.02083333333333326,0.005208333333333333,0.0,-0.988539
-0.02083333333333326,0.010416666666666666,0.0,-0.98793
-0.02083333333333326,0.015625,0.0,-0.987289
-0.02083333333333326,0.020833333333333332,0.0,-0.986614
-0.02083333333333326,0.026041666666666664,0.0,-0.985903
-0.02083333333333326,0.03125,0.0,-0.985155
-0.02083333333333326,0.03645833333333333,0.0,-0.984368
-0.02083333333333326,0.041666666666666664,0.0,-0.983539
-0.02083333333333326,0.046875,0.0,-0.982666
-0.02083333333333326,0.05208333333333333,0.0,-0.981748
-0.02083333333333326,0.057291666666666664,0.0,-0.980782
-0.02083333333333326,0.0625,0.0,-0.979765
-0.02083333333333326,0.06770833333333333,0.0,-0.978695
-0.02083333333333326,0.07291666666666666,0.0,-0.977568
-0.02083333333333326,0.078125,0.0,-0.976384
-0.02083333333333326,0.08333333333333333,0.0,-0.975137
-0.02083333333333326,0.08854166666666666,0.0,-0.973825
-0.02083333333333326,0.09375,0.0,-0.972445
-0.02083333333333326,0.09895833333333333,0.0,-0.970994
-0.02083333333333326,0.10416666666666666,0.0,-0.969467
-0.02083333333333326,0.109375,0.0,-0.967861
-0.02083333333333326,0.11458333333333333,0.0,-0.966172
-0.02083333333333326,0.11979166666666666,0.0,-0.964396
-0.02083333333333326,0.125,0.0,-0.962529
-0.02083333333333326,0.13020833333333331,0.0,-0.960565
-0.02083333333333326,0.13541666666666666,0.0,-0.958501
-0.02083333333333326,0.140625,0.0,-0.956331
-0.02083333333333326,0.14583333333333331,0.0,-0.954051
-0.02083333333333326,0.15104166666666666,0.0,-0.951654
-0.02083333333333326,0.15625,0.0,-0.949135
-0.02083333333333326,0.16145833333333331,0.0,-0.946489
-0.02083333333333326,0.16666666666666666,0.0,-0.943709
-0.02083333333333326,0.171875,0.0,-0.940789
-0.02083333333333326,0.17708333333333331,0.0,-0.937722
-0.02083333333333326,0.18229166666666666,0.0,-0.934502
-0.02083333333333326,0.1875,0.0,-0.931121
-0.02083333333333326,0.19270833333333331,0.0,-0.927572
-0.02083333333333326,0.19791666666666666,0.0,-0.923847
-0.02083333333333326,0.203125,0.0,-0.919939
-0.02083333333333326,0.20833333333333331,0.0,-0.915839
-0.02083333333333326,0.21354166666666666,0.0,-0.911538
-0.02083333333333326,0.21875,0.0,-0.907029
-0.02083333333333326,0.22395833333333331,0.0,-0.902301
-0.02083333333333326,0.22916666666666666,0.0,-0.897345
-0.02083333333333326,0.234375,0.0,-0.892153
-0.02083333333333326,0.23958333333333331,0.0,-0.886713
-0.02083333333333326,0.24479166666666666,0.0,-0.881016
-0.02083333333333326,0.25,0.0,-0.875052
-0.02083333333333326,0.2552083333333333,0.0,-0.86881
-0.02083333333333326,0.26041666666666663,0.0,-0.862278
-0.02083333333333326,0.265625,0.0,-0.855446
-0.02083333333333326,0.2708333333333333,0.0,-0.848303
-0.02083333333333326,0.27604166666666663,0.0,-0.840837
-0.02083333333333326,0.28125,0.0,-0.833037
-0.02083333333333326,0.2864583333333333,0.0,-0.824891
-0.02083333333333326,0.29166666666666663,0.0,-0.816387
-0.02083333333333326,0.296875,0.0,-0.807513
-0.02083333333333326,0.3020833333333333,0.0,-0.798258
-0.02083333333333326,0.30729166666666663,0.0,-0.78861
-0.02083333333333326,0.3125,0.0,-0.778558
-0.02083333333333326,0.3177083333333333,0.0,-0.768089
-0.02083333333333326,0.32291666666666663,0.0,-0.757193
-0.02083333333333326,0.328125,0.0,-0.745859
-0.02083333333333326,0.3333333333333333,0.0,-0.734076
-0.02083333333333326,0.33854166666666663,0.0,-0.721833
-0.02083333333333326,0.34375,0.0,-0.709121
-0.02083333333333326,0.3489583333333333,0.0,-0.695931
-0.02083333333333326,0.35416666666666663,0.0,-0.682254
-0.02083333333333326,0.359375,0.0,-0.668082
-0.02083333333333326,0.3645833333333333,0.0,-0.653408
-0.02083333333333326,0.36979166666666663,0.0,-0.638227
-0.02083333333333326,0.375,0.0,-0.622532
-0.02083333333333326,0.3802083333333333,0.0,-0.606321
-0.02083333333333326,0.38541666666666663,0.0,-0.589589
-0.02083333333333326,0.390625,0.0,-0.572336
-0.02083333333333326,0.3958333333333333,0.0,-0.554561
-0.02083333333333326,0.40104166666666663,0.0,-0.536266
-0.02083333333333326,0.40625,0.0,-0.517452
-0.02083333333333326,0.4114583333333333,0.0,-0.498125
-0.02083333333333326,0.41666666666666663,0.0,-0.478291
-0.02083333333333326,0.421875,0.0,-0.457957
-0.02083333333333326,0.4270833333333333,0.0,-0.437132
-0.02083333333333326,0.43229166666666663,0.0,-0.415828
-0.02083333333333326,0.4375,0.0,-0.394059
-0.02083333333333326,0.4427083333333333,0.0,-0.371839
-0.02083333333333326,0.44791666666666663,0.0,-0.349184
-0.02083333333333326,0.453125,0.0,-0.326115
-0.02083333333333326,0.4583333333333333,0.0,-0.302651
-0.02083333333333326,0.46354166666666663,0.0,-0.278815
-0.02083333333333326,0.46875,0.0,-0.254631
-0.02083333333333326,0.4739583333333333,0.0,-0.230125
-0.02083333333333326,0.47916666666666663,0.0,-0.205324
-0.02083333333333326,0.484375,0.0,-0.180256
-0.02083333333333326,0.4895833333333333,0.0,-0.154953
-0.02083333333333326,0.49479166666666663,0.0,-0.129445
-0.02083333333333326,0.5,0.0,-0.103765
-0.04166666666666652,0.0,0.0,-0.991155
-0.04166666666666652,0.005208333333333333,0.0,-0.990685
-0.04166666666666652,0.010416666666666666,0.0,-0.990189
-0.04166666666666652,0.015625,0.0,-0.989667
-0.04166666666666652,0.020833333333333332,0.0,-0.989118
-0.04166666666666652,0.026041666666666664,0.0,-0.988539
-0.04166666666666652,0.03125,0.0,-0.98793
-0.04166666666666652,0.03645833333333333,0.0,-0.987289
-0.04166666666666652,0.041666666666666664,0.0,-0.986614
-0.04166666666666652,0.046875,0.0,-0.985903
-0.04166666666666652,0.05208333333333333,0.0,-0.985155
-0.04166666666666652,0.057291666666666664,0.0,-0.984367
-0.04166666666666652,0.0625,0.0,-0.983539
-0.04166666666666652,0.06770833333333333,0.0,-0.982666
-0.04166666666666652,0.07291666666666666,0.0,-0.981748
-0.04166666666666652,0.078125,0.0,-0.980782
-0.04166666666666652,0.08333333333333333,0.0,-0.979765
-0.04166666666666652,0.08854166666666666,0.0,-0.978695
-0.04166666666666652,0.09375,0.0,-0.977569
-0.04166666666666652,0.09895833333333333,0.0,-0.976384
-0.04166666666666652,0.10416666666666666,0.0,-0.975137
-0.04166666666666652,0.109375,0.0,-0.973826
-0.04166666666666652,0.11458333333333333,0.0,-0.972446
-0.04166666666666652,0.11979166666666666,0.0,-0.970994
-0.04166666666666652,0.125,0.0,-0.969467
-0.04166666666666652,0.13020833333333331,0.0,-0.967862
-0.04166666666666652,0.13541666666666666,0.0,-0.966173
-0.04166666666666652,0.140625,0.0,-0.964397
-0.04166666666666652,0.14583333333333331,0.0,-0.962529
-0.04166666666666652,0.15104166666666666,0.0,-0.960566
-0.04166666666666652,0.15625,0.0,-0.958502
-0.04166666666666652,0.16145833333333331,0.0,-0.956332
-0.04166666666666652,0.16666666666666666,0.0,-0.954051
-0.04166666666666652,0.171875,0.0,-0.951654
-0.04166666666666652,0.17708333333333331,0.0,-0.949136
-0.04166666666666652,0.18229166666666666,0.0,-0.946489
-0.04166666666666652,0.1875,0.0,-0.943709
-0.04166666666666652,0.19270833333333331,0.0,-0.940789
-0.04166666666666652,0.19791666666666666,0.0,-0.937722
-0.04166666666666652,0.203125,0.0,-0.934502
-0.04166666666666652,0.20833333333333331,0.0,-0.931121
-0.04166666666666652,0.21354166666666666,0.0,-0.927572
-0.04166666666666652,0.21875,0.0,-0.923847
-0.04166666666666652,0.22395833333333331,0.0,-0.919939
-0.04166666666666652,0.22916666666666666,0.0,-0.915839
-0.04166666666666652,0.234375,0.0,-0.911539
-0.04166666666666652,0.23958333333333331,0.0,-0.907029
-0.04166666666666652,0.24479166666666666,0.0,-0.902301
-0.04166666666666652,0.25,0.0,-0.897346
-0.04166666666666652,0.2552083333333333,0.0,-0.892153
-0.04166666666666652,0.26041666666666663,0.0,-0.886713
-0.04166666666666652,0.265625,0.0,-0.881017
-0.04166666666666652,0.2708333333333333,0.0,-0.875052
-0.04166666666666652,0.27604166666666663,0.0,-0.86881
-0.04166666666666652,0.28125,0.0,-0.862278
-0.04166666666666652,0.2864583333333333,0.0,-0.855446
-0.04166666666666652,0.29166666666666663,0.0,-0.848303
-0.04166666666666652,0.296875,0.0,-0.840837
-0.04166666666666652,0.3020833333333333,0.0,-0.833037
-0.04166666666666652,0.30729166666666663,0.0,-0.824891
-0.04166666666666652,0.3125,0.0,-0.816387
-0.04166666666666652,0.3177083333333333,0.0,-0.807513
-0.04166666666666652,0.32291666666666663,0.0,-0.798258
-0.04166666666666652,0.328125,0.0,-0.788611
-0.04166666666666652,0.3333333333333333,0.0,-0.778558
-0.04166666666666652,0.33854166666666663,0.0,-0.76809
-0.04166666666666652,0.34375,0.0,-0.757194
-0.04166666666666652,0.3489583333333333,0.0,-0.745859
-0.04166666666666652,0.35416666666666663,0.0,-0.734076
-0.04166666666666652,0.359375,0.0,-0.721833
-0.04166666666666652,0.3645833333333333,0.0,-0.709121
-0.04166666666666652,0.36979166666666663,0.0,-0.695931
-0.04166666666666652,0.375,0.0,-0.682254
-0.04166666666666652,0.3802083333333333,0.0,-0.668082
-0.04166666666666652,0.38541666666666663,0.0,-0.653408
-0.04166666666666652,0.390625,0.0,-0.638227
-0.04166666666666652,0.3958333333333333,0.0,-0.622532
-0.04166666666666652,0.40104166666666663,0.0,-0.606321
-0.04166666666666652,0.40625,0.0,-0.589589
-0.04166666666666652,0.4114583333333333,0.0,-0.572336
-0.04166666666666652,0.41666666666666663,0.0,-0.554561
-0.04166666666666652,0.421875,0.0,-0.536266
-0.04166666666666652,0.4270833333333333,0.0,-0.517452
-0.04166666666666652,0.43229166666666663,0.0,-0.498125
-0.04166666666666652,0.4375,0.0,-0.478291
-0.04166666666666652,0.4427083333333333,0.0,-0.457957
-0.04166666666666652,0.44791666666666663,0.0,-0.437132
-0.04166666666666652,0.453125,0.0,-0.415828
-0.04166666666666652,0.4583333333333333,0.0,-0.394059
-0.04166666666666652,0.46354166666666663,0.0,-0.371839
-0.04166666666666652,0.46875,0.0,-0.349185
-0.04166666666666652,0.4739583333333333,0.0,-0.326115
-0.04166666666666652,0.47916666666666663,0.0,-0.302651
-0.04166666666666652,0.484375,0.0,-0.278815
-0.04166666666666652,0.4895833333333333,0.0,-0.254631
-0.04166666666666652,0.49479166666666663,0.0,-0.230125
-0.04166666666666652,0.5,0.0,-0.205324
-0.0625,0.0,0.0,-0.992813
-0.0625,0.005208333333333333,0.0,-0.99243
-0.0625,0.010416666666666666,0.0,-0.992027
-0.0625,0.015625,0.0,-0.991602
-0.0625,0.020833333333333332,0.0,-0.991155
-0.0625,0.026041666666666664,0.0,-0.990684
-0.0625,0.03125,0.0,-0.990189
-0.0625,0.03645833333333333,0.0,-0.989667
-0.0625,0.041666666666666664,0.0,-0.989117
-0.0625,0.046875,0.0,-0.988539
-0.0625,0.05208333333333333,0.0,-0.98793
-0.0625,0.057291666666666664,0.0,-0.987288
-0.0625,0.0625,0.0,-0.986613
-0.0625,0.06770833333333333,0.0,-0.985903
-0.0625,0.07291666666666666,0.0,-0.985155
-0.0625,0.078125,0.0,-0.984367
-0.0625,0.08333333333333333,0.0,-0.983539
-0.0625,0.08854166666666666,0.0,-0.982666
-0.0625,0.09375,0.0,-0.981748
-0.0625,0.09895833333333333,0.0,-0.980782
-0.0625,0.10416666666666666,0.0,-0.979765
-0.0625,0.109375,0.0,-0.978695
-0.0625,0.11458333333333333,0.0,-0.977569
-0.0625,0.11979166666666666,0.0,-0.976384
-0.0625,0.125,0.0,-0.975137
-0.0625,0.13020833333333331,0.0,-0.973826
-0.0625,0.13541666666666666,0.0,-0.972446
-0.0625,0.140625,0.0,-0.970994
-0.0625,0.14583333333333331,0.0,-0.969468
-0.0625,0.15104166666666666,0.0,-0.967862
-0.0625,0.15625,0.0,-0.966173
-0.0625,0.16145833333333331,0.0,-0.964397
-0.0625,0.16666666666666666,0.0,-0.96253
-0.0625,0.171875,0.0,-0.960566
-0.0625,0.17708333333333331,0.0,-0.958502
-0.0625,0.18229166666666666,0.0,-0.956332
-0.0625,0.1875,0.0,-0.954051
-0.0625,0.19270833333333331,0.0,-0.951655
-0.0625,0.19791666666666666,0.0,-0.949136
-0.0625,0.203125,0.0,-0.94649
-0.0625,0.20833333333333331,0.0,-0.943709
-0.0625,0.21354166666666666,0.0,-0.940789
-0.0625,0.21875,0.0,-0.937723
-0.0625,0.22395833333333331,0.0,-0.934502
-0.0625,0.22916666666666666,0.0,-0.931121
-0.0625,0.234375,0.0,-0.927572
-0.0625,0.23958333333333331,0.0,-0.923848
-0.0625,0.24479166666666666,0.0,-0.919939
-0.0625,0.25,0.0,-0.915839
-0.0625,0.2552083333333333,0.0,-0.911539
-0.0625,0.26041666666666663,0.0,-0.907029
-0.0625,0.265625,0.0,-0.902301
-0.0625,0.2708333333333333,0.0,-0.897346
-0.0625,0.27604166666666663,0.0,-0.892153
-0.0625,0.28125,0.0,-0.886714
-0.0625,0.2864583333333333,0.0,-0.881017
-0.0625,0.29166666666666663,0.0,-0.875052
-0.0625,0.296875,0.0,-0.86881
-0.0625,0.3020833333333333,0.0,-0.862278
-0.0625,0.30729166666666663,0.0,-0.855446
-0.0625,0.3125,0.0,-0.848303
-0.0625,0.3177083333333333,0.0,-0.840837
-0.0625,0.32291666666666663,0.0,-0.833037
-0.0625,0.328125,0.0,-0.824891
-0.0625,0.3333333333333333,0.0,-0.816387
-0.0625,0.33854166666666663,0.0,-0.807513
-0.0625,0.34375,0.0,-0.798258
-0.0625,0.3489583333333333,0.0,-0.788611
-0.0625,0.35416666666666663,0.0,-0.778558
-0.0625,0.359375,0.0,-0.76809
-0.0625,0.3645833333333333,0.0,-0.757194
-0.0625,0.36979166666666663,0.0,-0.745859
-0.0625,0.375,0.0,-0.734076
-0.0625,0.3802083333333333,0.0,-0.721833
-0.0625,0.38541666666666663,0.0,-0.709121
-0.0625,0.390625,0.0,-0.695931
-0.0625,0.3958333333333333,0.0,-0.682254
-0.0625,0.40104166666666663,0.0,-0.668082
-0.0625,0.40625,0.0,-0.653409
-0.0625,0.4114583333333333,0.0,-0.638227
-0.0625,0.41666666666666663,0.0,-0.622532
-0.0625,0.421875,0.0,-0.606321
-0.0625,0.4270833333333333,0.0,-0.589589
-0.0625,0.43229166666666663,0.0,-0.572336
-0.0625,0.4375,0.0,-0.554561
-0.0625,0.4427083333333333,0.0,-0.536266
-0.0625,0.44791666666666663,0.0,-0.517452
-0.0625,0.453125,0.0,-0.498125
-0.0625,0.4583333333333333,0.0,-0.478291
-0.0625,0.46354166666666663,0.0,-0.457957
-0.0625,0.46875,0.0,-0.437132
-0.0625,0.4739583333333333,0.0,-0.415828
-0.0625,0.47916666666666663,0.0,-0.394059
-0.0625,0.484375,0.0,-0.371839
-0.0625,0.4895833333333333,0.0,-0.349185
-0.0625,0.49479166666666663,0.0,-0.326115
-0.0625,0.5,0.0,-0.302651
-0.08333333333333326,0.0,0.0,-0.994161
-0.08333333333333326,0.005208333333333333,0.0,-0.993849
-0.08333333333333326,0.010416666666666666,0.0,-0.993521
-0.08333333333333326,0.015625,0.0,-0.993176
-0.08333333333333326,0.020833333333333332,0.0,-0.992812
-0.08333333333333326,0.026041666666666664,0.0,-0.99243
-0.08333333333333326,0.03125,0.0,-0.992026
-0.08333333333333326,0.03645833333333333,0.0,-0.991602
-0.08333333333333326,0.041666666666666664,0.0,-0.991155
-0.08333333333333326,0.046875,0.0,-0.990684
-0.08333333333333326,0.05208333333333333,0.0,-0.990188
-0.08333333333333326,0.057291666666666664,0.0,-0.989667
-0.08333333333333326,0.0625,0.0,-0.989117
-0.08333333333333326,0.06770833333333333,0.0,-0.988539
-0.08333333333333326,0.07291666666666666,0.0,-0.98793
-0.08333333333333326,0.078125,0.0,-0.987288
-0.08333333333333326,0.08333333333333333,0.0,-0.986613
-0.08333333333333326,0.08854166666666666,0.0,-0.985903
-0.08333333333333326,0.09375,0.0,-0.985155
-0.08333333333333326,0.09895833333333333,0.0,-0.984367
-0.08333333333333326,0.10416666666666666,0.0,-0.983539
-0.08333333333333326,0.109375,0.0,-0.982666
-0.08333333333333326,0.11458333333333333,0.0,-0.981748
-0.08333333333333326,0.11979166666666666,0.0,-0.980782
-0.08333333333333326,0.125,0.0,-0.979765
-0.08333333333333326,0.13020833333333331,0.0,-0.978695
-0.08333333333333326,0.13541666666666666,0.0,-0.977569
-0.08333333333333326,0.140625,0.0,-0.976384
-0.08333333333333326,0.14583333333333331,0.0,-0.975138
-0.08333333333333326,0.15104166666666666,0.0,-0.973826
-0.08333333333333326,0.15625,0.0,-0.972446
-0.08333333333333326,0.16145833333333331,0.0,-0.970995
-0.08333333333333326,0.16666666666666666,0.0,-0.969468
-0.08333333333333326,0.171875,0.0,-0.967862
-0.08333333333333326,0.17708333333333331,0.0,-0.966173
-0.08333333333333326,0.18229166666666666,0.0,-0.964397
-0.08333333333333326,0.1875,0.0,-0.96253
-0.08333333333333326,0.19270833333333331,0.0,-0.960566
-0.08333333333333326,0.19791666666666666,0.0,-0.958502
-0.08333333333333326,0.203125,0.0,-0.956332
-0.08333333333333326,0.20833333333333331,0.0,-0.954052
-0.08333333333333326,0.21354166666666666,0.0,-0.951655
-0.08333333333333326,0.21875,0.0,-0.949136
-0.08333333333333326,0.22395833333333331,0.0,-0.94649
-0.08333333333333326,0.22916666666666666,0.0,-0.94371
-0.08333333333333326,0.234375,0.0,-0.94079
-0.08333333333333326,0.23958333333333331,0.0,-0.937723
-0.08333333333333326,0.24479166666666666,0.0,-0.934502
-0.08333333333333326,0.25,0.0,-0.931121
-0.08333333333333326,0.2552083333333333,0.0,-0.927572
-0.08333333333333326,0.26041666666666663,0.0,-0.923848
-0.08333333333333326,0.265625,0.0,-0.91994
-0.08333333333333326,0.2708333333333333,0.0,-0.915839
-0.08333333333333326,0.27604166666666663,0.0,-0.911539
-0.08333333333333326,0.28125,0.0,-0.907029
-0.08333333333333326,0.2864583333333333,0.0,-0.902301
-0.08333333333333326,0.29166666666666663,0.0,-0.897346
-0.08333333333333326,0.296875,0.0,-0.892153
-0.08333333333333326,0.3020833333333333,0.0,-0.886714
-0.08333333333333326,0.30729166666666663,0.0,-0.881017
-0.08333333333333326,0.3125,0.0,-0.875053
-0.08333333333333326,0.3177083333333333,0.0,-0.86881
-0.08333333333333326,0.32291666666666663,0.0,-0.862278
-0.08333333333333326,0.328125,0.0,-0.855447
-0.08333333333333326,0.3333333333333333,0.0,-0.848303
-0.08333333333333326,0.33854166666666663,0.0,-0.840837
-0.08333333333333326,0.34375,0.0,-0.833037
-0.08333333333333326,0.3489583333333333,0.0,-0.824891
-0.08333333333333326,0.35416666666666663,0.0,-0.816387
-0.08333333333333326,0.359375,0.0,-0.807513
-0.08333333333333326,0.3645833333333333,0.0,-0.798259
-0.08333333333333326,0.36979166666666663,0.0,-0.788611
-0.08333333333333326,0.375,0.0,-0.778558
-0.08333333333333326,0.3802083333333333,0.0,-0.76809
-0.08333333333333326,0.38541666666666663,0.0,-0.757194
-0.08333333333333326,0.390625,0.0,-0.745859
-0.08333333333333326,0.3958333333333333,0.0,-0.734076
-0.08333333333333326,0.40104166666666663,0.0,-0.721833
-0.08333333333333326,0.40625,0.0,-0.709121
-0.08333333333333326,0.4114583333333333,0.0,-0.695931
-0.08333333333333326,0.41666666666666663,0.0,-0.682254
-0.08333333333333326,0.421875,0.0,-0.668082
-0.08333333333333326,0.4270833333333333,0.0,-0.653409
-0.08333333333333326,0.43229166666666663,0.0,-0.638227
-0.08333333333333326,0.4375,0.0,-0.622533
-0.08333333333333326,0.4427083333333333,0.0,-0.606321
-0.08333333333333326,0.44791666666666663,0.0,-0.589589
-0.08333333333333326,0.453125,0.0,-0.572336
-0.08333333333333326,0.4583333333333333,0.0,-0.554561
-0.08333333333333326,0.46354166666666663,0.0,-0.536266
-0.08333333333333326,0.46875,0.0,-0.517452
-0.08333333333333326,0.4739583333333333,0.0,-0.498125
-0.08333333333333326,0.47916666666666663,0.0,-0.478291
-0.08333333333333326,0.484375,0.0,-0.457957
-0.08333333333333326,0.4895833333333333,0.0,-0.437132
-0.08333333333333326,0.49479166666666663,0.0,-0.415828
-0.08333333333333326,0.5,0.0,-0.394059
-0.10416666666666652,0.0,0.0,-0.995256
-0.10416666666666652,0.005208333333333333,0.0,-0.995003
-0.10416666666666652,0.010416666666666666,0.0,-0.994737
-0.10416666666666652,0.015625,0.0,-0.994456
-0.10416666666666652,0.020833333333333332,0.0,-0.99416
-0.10416666666666652,0.026041666666666664,0.0,-0.993849
-0.10416666666666652,0.03125,0.0,-0.993521
-0.10416666666666652,0.03645833333333333,0.0,-0.993176
-0.10416666666666652,0.041666666666666664,0.0,-0.992812
-0.10416666666666652,0.046875,0.0,-0.992429
-0.10416666666666652,0.05208333333333333,0.0,-0.992026
-0.10416666666666652,0.057291666666666664,0.0,-0.991602
-0.10416666666666652,0.0625,0.0,-0.991155
-0.10416666666666652,0.06770833333333333,0.0,-0.990684
-0.10416666666666652,0.07291666666666666,0.0,-0.990188
-0.10416666666666652,0.078125,0.0,-0.989666
-0.10416666666666652,0.08333333333333333,0.0,-0.989117
-0.10416666666666652,0.08854166666666666,0.0,-0.988539
-0.10416666666666652,0.09375,0.0,-0.98793
-0.10416666666666652,0.09895833333333333,0.0,-0.987288
-0.10416666666666652,0.10416666666666666,0.0,-0.986613
-0.10416666666666652,0.109375,0.0,-0.985903
-0.10416666666666652,0.11458333333333333,0.0,-0.985155
-0.10416666666666652,0.11979166666666666,0.0,-0.984368
-0.10416666666666652,0.125,0.0,-0.983539
-0.10416666666666652,0.13020833333333331,0.0,-0.982666
-0.10416666666666652,0.13541666666666666,0.0,-0.981748
-0.10416666666666652,0.140625,0.0,-0.980782
-0.10416666666666652,0.14583333333333331,0.0,-0.979765
-0.10416666666666652,0.15104166666666666,0.0,-0.978695
-0.10416666666666652,0.15625,0.0,-0.977569
-0.10416666666666652,0.16145833333333331,0.0,-0.976384
-0.10416666666666652,0.16666666666666666,0.0,-0.975138
-0.10416666666666652,0.171875,0.0,-0.973826
-0.10416666666666652,0.17708333333333331,0.0,-0.972446
-0.10416666666666652,0.18229166666666666,0.0,-0.970995
-0.10416666666666652,0.1875,0.0,-0.969468
-0.10416666666666652,0.19270833333333331,0.0,-0.967862
-0.10416666666666652,0.19791666666666666,0.0,-0.966173
-0.10416666666666652,0.203125,0.0,-0.964397
-0.10416666666666652,0.20833333333333331,0.0,-0.96253
-0.10416666666666652,0.21354166666666666,0.0,-0.960567
-0.10416666666666652,0.21875,0.0,-0.958502
-0.10416666666666652,0.22395833333333331,0.0,-0.956332
-0.10416666666666652,0.22916666666666666,0.0,-0.954052
-0.10416666666666652,0.234375,0.0,-0.951655
-0.10416666666666652,0.23958333333333331,0.0,-0.949136
-0.10416666666666652,0.24479166666666666,0.0,-0.94649
-0.10416666666666652,0.25,0.0,-0.94371
-0.10416666666666652,0.2552083333333333,0.0,-0.94079
-0.10416666666666652,0.26041666666666663,0.0,-0.937723
-0.10416666666666652,0.265625,0.0,-0.934503
-0.10416666666666652,0.2708333333333333,0.0,-0.931122
-0.10416666666666652,0.27604166666666663,0.0,-0.927573
-0.10416666666666652,0.28125,0.0,-0.923848
-0.10416666666666652,0.2864583333333333,0.0,-0.91994
-0.10416666666666652,0.29166666666666663,0.0,-0.915839
-0.10416666666666652,0.296875,0.0,-0.911539
-0.10416666666666652,0.3020833333333333,0.0,-0.907029
-0.10416666666666652,0.30729166666666663,0.0,-0.902301
-0.10416666666666652,0.3125,0.0,-0.897346
-0.10416666666666652,0.3177083333333333,0.0,-0.892153
-0.10416666666666652,0.32291666666666663,0.0,-0.886714
-0.10416666666666652,0.328125,0.0,-0.881017
-0.10416666666666652,0.3333333333333333,0.0,-0.875053
-0.10416666666666652,0.33854166666666663,0.0,-0.86881
-0.10416666666666652,0.34375,0.0,-0.862278
-0.10416666666666652,0.3489583333333333,0.0,-0.855447
-0.10416666666666652,0.35416666666666663,0.0,-0.848303
-0.10416666666666652,0.359375,0.0,-0.840838
-0.10416666666666652,0.3645833333333333,0.0,-0.833037
-0.10416666666666652,0.36979166666666663,0.0,-0.824891
-0.10416666666666652,0.375,0.0,-0.816387
-0.10416666666666652,0.3802083333333333,0.0,-0.807513
-0.10416666666666652,0.38541666666666663,0.0,-0.798259
-0.10416666666666652,0.390625,0.0,-0.788611
-0.10416666666666652,0.3958333333333333,0.0,-0.778558
-0.10416666666666652,0.40104166666666663,0.0,-0.76809
-0.10416666666666652,0.40625,0.0,-0.757194
-0.10416666666666652,0.4114583333333333,0.0,-0.745859
-0.10416666666666652,0.41666666666666663,0.0,-0.734076
-0.10416666666666652,0.421875,0.0,-0.721833
-0.10416666666666652,0.4270833333333333,0.0,-0.709121
-0.10416666666666652,0.43229166666666663,0.0,-0.695931
-0.10416666666666652,0.4375,0.0,-0.682254
-0.10416666666666652,0.4427083333333333,0.0,-0.668082
-0.10416666666666652,0.44791666666666663,0.0,-0.653409
-0.10416666666666652,0.453125,0.0,-0.638227
-0.10416666666666652,0.4583333333333333,0.0,-0.622533
-0.10416666666666652,0.46354166666666663,0.0,-0.606321
-0.10416666666666652,0.46875,0.0,-0.589589
-0.10416666666666652,0.4739583333333333,0.0,-0.572336
-0.10416666666666652,0.47916666666666663,0.0,-0.554561
-0.10416666666666652,0.484375,0.0,-0.536266
-0.10416666666666652,0.4895833333333333,0.0,-0.517452
-0.10416666666666652,0.49479166666666663,0.0,-0.498126
-0.10416666666666652,0.5,0.0,-0.478291
-0.125,0.0,0.0,-0.996147
-0.125,0.005208333333333333,0.0,-0.995941
-0.125,0.010416666666666666,0.0,-0.995724
-0.125,0.015625,0.0,-0.995496
-0.125,0.020833333333333332,0.0,-0.995256
-0.125,0.026041666666666664,0.0,-0.995003
-0.125,0.03125,0.0,-0.994736
-0.125,0.03645833333333333,0.0,-0.994456
-0.125,0.041666666666666664,0.0,-0.99416
-0.125,0.046875,0.0,-0.993849
-0.125,0.05208333333333333,0.0,-0.993521
-0.125,0.057291666666666664,0.0,-0.993176
-0.125,0.0625,0.0,-0.992812
-0.125,0.06770833333333333,0.0,-0.992429
-0.125,0.07291666666666666,0.0,-0.992026
-0.125,0.078125,0.0,-0.991601
-0.125,0.08333333333333333,0.0,-0.991154
-0.125,0.08854166666666666,0.0,-0.990684
-0.125,0.09375,0.0,-0.990188
-0.125,0.09895833333333333,0.0,-0.989666
-0.125,0.10416666666666666,0.0,-0.989117
-0.125,0.109375,0.0,-0.988538
-0.125,0.11458333333333333,0.0,-0.987929
-0.125,0.11979166666666666,0.0,-0.987288
-0.125,0.125,0.0,-0.986613
-0.125,0.13020833333333331,0.0,-0.985903
-0.125,0.13541666666666666,0.0,-0.985155
-0.125,0.140625,0.0,-0.984368
-0.125,0.14583333333333331,0.0,-0.983539
-0.125,0.15104166666666666,0.0,-0.982667
-0.125,0.15625,0.0,-0.981748
-0.125,0.16145833333333331,0.0,-0.980782
-0.125,0.16666666666666666,0.0,-0.979765
-0.125,0.171875,0.0,-0.978695
-0.125,0.17708333333333331,0.0,-0.977569
-0.125,0.18229166666666666,0.0,-0.976385
-0.125,0.1875,0.0,-0.975138
-0.125,0.19270833333333331,0.0,-0.973826
-0.125,0.19791666666666666,0.0,-0.972447
-0.125,0.203125,0.0,-0.970995
-0.125,0.20833333333333331,0.0,-0.969468
-0.125,0.21354166666666666,0.0,-0.967862
-0.125,0.21875,0.0,-0.966174
-0.125,0.22395833333333331,0.0,-0.964398
-0.125,0.22916666666666666,0.0,-0.96253
-0.125,0.234375,0.0,-0.960567
-0.125,0.23958333333333331,0.0,-0.958502
-0.125,0.24479166666666666,0.0,-0.956333
-0.125,0.25,0.0,-0.954052
-0.125,0.2552083333333333,0.0,-0.951655
-0.125,0.26041666666666663,0.0,-0.949136
-0.125,0.265625,0.0,-0.94649
-0.125,0.2708333333333333,0.0,-0.94371
-0.125,0.27604166666666663,0.0,-0.94079
-0.125,0.28125,0.0,-0.937723
-0.125,0.2864583333333333,0.0,-0.934503
-0.125,0.29166666666666663,0.0,-0.931122
-0.125,0.296875,0.0,-0.927573
-0.125,0.3020833333333333,0.0,-0.923848
-0.125,0.30729166666666663,0.0,-0.91994
-0.125,0.3125,0.0,-0.91584
-0.125,0.3177083333333333,0.0,-0.911539
-0.125,0.32291666666666663,0.0,-0.907029
-0.125,0.328125,0.0,-0.902302
-0.125,0.3333333333333333,0.0,-0.897346
-0.125,0.33854166666666663,0.0,-0.892154
-0.125,0.34375,0.0,-0.886714
-0.125,0.3489583333333333,0.0,-0.881017
-0.125,0.35416666666666663,0.0,-0.875053
-0.125,0.359375,0.0,-0.86881
-0.125,0.3645833333333333,0.0,-0.862278
-0.125,0.36979166666666663,0.0,-0.855447
-0.125,0.375,0.0,-0.848304
-0.125,0.3802083333333333,0.0,-0.840838
-0.125,0.38541666666666663,0.0,-0.833037
-0.125,0.390625,0.0,-0.824891
-0.125,0.3958333333333333,0.0,-0.816387
-0.125,0.40104166666666663,0.0,-0.807514
-0.125,0.40625,0.0,-0.798259
-0.125,0.4114583333333333,0.0,-0.788611
-0.125,0.41666666666666663,0.0,-0.778558
-0.125,0.421875,0.0,-0.76809
-0.125,0.4270833333333333,0.0,-0.757194
-0.125,0.43229166666666663,0.0,-0.745859
-0.125,0.4375,0.0,-0.734076
-0.125,0.4427083333333333,0.0,-0.721833
-0.125,0.44791666666666663,0.0,-0.709121
-0.125,0.453125,0.0,-0.695931
-0.125,0.4583333333333333,0.0,-0.682254
-0.125,0.46354166666666663,0.0,-0.668082
-0.125,0.46875,0.0,-0.653409
-0.125,0.4739583333333333,0.0,-0.638227
-0.125,0.47916666666666663,0.0,-0.622533
-0.125,0.484375,0.0,-0.606321
-0.125,0.4895833333333333,0.0,-0.589589
-0.125,0.49479166666666663,0.0,-0.572336
-0.125,0.5,0.0,-0.554561
-0.14583333333333326,0.0,0.0,-0.99687
-0.14583333333333326,0.005208333333333333,0.0,-0.996703
-0.14583333333333326,0.010416666666666666,0.0,-0.996527
-0.14583333333333326,0.015625,0.0,-0.996342
-0.14583333333333326,0.020833333333333332,0.0,-0.996146
-0.14583333333333326,0.026041666666666664,0.0,-0.995941
-0.14583333333333326,0.03125,0.0,-0.995724
-0.14583333333333326,0.03645833333333333,0.0,-0.995496
-0.14583333333333326,0.041666666666666664,0.0,-0.995256
-0.14583333333333326,0.046875,0.0,-0.995003
-0.14583333333333326,0.05208333333333333,0.0,-0.994736
-0.14583333333333326,0.057291666666666664,0.0,-0.994455
-0.14583333333333326,0.0625,0.0,-0.99416
-0.14583333333333326,0.06770833333333333,0.0,-0.993849
-0.14583333333333326,0.07291666666666666,0.0,-0.993521
-0.14583333333333326,0.078125,0.0,-0.993175
-0.14583333333333326,0.08333333333333333,0.0,-0.992812
-0.14583333333333326,0.08854166666666666,0.0,-0.992429
-0.14583333333333326,0.09375,0.0,-0.992026
-0.14583333333333326,0.09895833333333333,0.0,-0.991601
-0.14583333333333326,0.10416666666666666,0.0,-0.991154
-0.14583333333333326,0.109375,0.0,-0.990684
-0.14583333333333326,0.11458333333333333,0.0,-0.990188
-0.14583333333333326,0.11979166666666666,0.0,-0.989666
-0.14583333333333326,0.125,0.0,-0.989117
-0.14583333333333326,0.13020833333333331,0.0,-0.988538
-0.14583333333333326,0.13541666666666666,0.0,-0.987929
-0.14583333333333326,0.140625,0.0,-0.987288
-0.14583333333333326,0.14583333333333331,0.0,-0.986613
-0.14583333333333326,0.15104166666666666,0.0,-0.985903
-0.14583333333333326,0.15625,0.0,-0.985155
-0.14583333333333326,0.16145833333333331,0.0,-0.984368
-0.14583333333333326,0.16666666666666666,0.0,-0.983539
-0.14583333333333326,0.171875,0.0,-0.982667
-0.14583333333333326,0.17708333333333331,0.0,-0.981749
-0.14583333333333326,0.18229166666666666,0.0,-0.980782
-0.14583333333333326,0.1875,0.0,-0.979766
-0.14583333333333326,0.19270833333333331,0.0,-0.978695
-0.14583333333333326,0.19791666666666666,0.0,-0.977569
-0.14583333333333326,0.203125,0.0,-0.976385
-0.14583333333333326,0.20833333333333331,0.0,-0.975138
-0.14583333333333326,0.21354166666666666,0.0,-0.973826
-0.14583333333333326,0.21875,0.0,-0.972447
-0.14583333333333326,0.22395833333333331,0.0,-0.970995
-0.14583333333333326,0.22916666666666666,0.0,-0.969468
-0.14583333333333326,0.234375,0.0,-0.967863
-0.14583333333333326,0.23958333333333331,0.0,-0.966174
-0.14583333333333326,0.24479166666666666,0.0,-0.964398
-0.14583333333333326,0.25,0.0,-0.96253
-0.14583333333333326,0.2552083333333333,0.0,-0.960567
-0.14583333333333326,0.26041666666666663,0.0,-0.958503
-0.14583333333333326,0.265625,0.0,-0.956333
-0.14583333333333326,0.2708333333333333,0.0,-0.954052
-0.14583333333333326,0.27604166666666663,0.0,-0.951655
-0.14583333333333326,0.28125,0.0,-0.949136
-0.14583333333333326,0.2864583333333333,0.0,-0.94649
-0.14583333333333326,0.29166666666666663,0.0,-0.94371
-0.14583333333333326,0.296875,0.0,-0.94079
-0.14583333333333326,0.3020833333333333,0.0,-0.937723
-0.14583333333333326,0.30729166666666663,0.0,-0.934503
-0.14583333333333326,0.3125,0.0,-0.931122
-0.14583333333333326,0.3177083333333333,0.0,-0.927573
-0.14583333333333326,0.32291666666666663,0.0,-0.923848
-0.14583333333333326,0.328125,0.0,-0.91994
-0.14583333333333326,0.3333333333333333,0.0,-0.91584
-0.14583333333333326,0.33854166666666663,0.0,-0.911539
-0.14583333333333326,0.34375,0.0,-0.907029
-0.14583333333333326,0.3489583333333333,0.0,-0.902302
-0.14583333333333326,0.35416666666666663,0.0,-0.897346
-0.14583333333333326,0.359375,0.0,-0.892154
-0.14583333333333326,0.3645833333333333,0.0,-0.886714
-0.14583333333333326,0.36979166666666663,0.0,-0.881017
-0.14583333333333326,0.375,0.0,-0.875053
-0.14583333333333326,0.3802083333333333,0.0,-0.86881
-0.14583333333333326,0.38541666666666663,0.0,-0.862279
-0.14583333333333326,0.390625,0.0,-0.855447
-0.14583333333333326,0.3958333333333333,0.0,-0.848304
-0.14583333333333326,0.40104166666666663,0.0,-0.840838
-0.14583333333333326,0.40625,0.0,-0.833037
-0.14583333333333326,0.4114583333333333,0.0,-0.824891
-0.14583333333333326,0.41666666666666663,0.0,-0.816387
-0.14583333333333326,0.421875,0.0,-0.807514
-0.14583333333333326,0.4270833333333333,0.0,-0.798259
-0.14583333333333326,0.43229166666666663,0.0,-0.788611
-0.14583333333333326,0.4375,0.0,-0.778559
-0.14583333333333326,0.4427083333333333,0.0,-0.76809
-0.14583333333333326,0.44791666666666663,0.0,-0.757194
-0.14583333333333326,0.453125,0.0,-0.74586
-0.14583333333333326,0.4583333333333333,0.0,-0.734076
-0.14583333333333326,0.46354166666666663,0.0,-0.721833
-0.14583333333333326,0.46875,0.0,-0.709121
-0.14583333333333326,0.4739583333333333,0.0,-0.695931
-0.14583333333333326,0.47916666666666663,0.0,-0.682254
-0.14583333333333326,0.484375,0.0,-0.668082
-0.14583333333333326,0.4895833333333333,0.0,-0.653409
-0.14583333333333326,0.49479166666666663,0.0,-0.638227
-0.14583333333333326,0.5,0.0,-0.622533
-0.16666666666666652,0.0,0.0,-0.997458
-0.16666666666666652,0.005208333333333333,0.0,-0.997322
-0.16666666666666652,0.010416666666666666,0.0,-0.997179
-0.16666666666666652,0.015625,0.0,-0.997029
-0.16666666666666652,0.020833333333333332,0.0,-0.99687
-0.16666666666666652,0.026041666666666664,0.0,-0.996703
-0.16666666666666652,0.03125,0.0,-0.996527
-0.16666666666666652,0.03645833333333333,0.0,-0.996341
-0.16666666666666652,0.041666666666666664,0.0,-0.996146
-0.16666666666666652,0.046875,0.0,-0.995941
-0.16666666666666652,0.05208333333333333,0.0,-0.995724
-0.16666666666666652,0.057291666666666664,0.0,-0.995496
-0.16666666666666652,0.0625,0.0,-0.995255
-0.16666666666666652,0.06770833333333333,0.0,-0.995002
-0.16666666666666652,0.07291666666666666,0.0,-0.994736
-0.16666666666666652,0.078125,0.0,-0.994455
-0.16666666666666652,0.08333333333333333,0.0,-0.99416
-0.16666666666666652,0.08854166666666666,0.0,-0.993848
-0.16666666666666652,0.09375,0.0,-0.993521
-0.16666666666666652,0.09895833333333333,0.0,-0.993175
-0.16666666666666652,0.10416666666666666,0.0,-0.992812
-0.16666666666666652,0.109375,0.0,-0.992429
-0.16666666666666652,0.11458333333333333,0.0,-0.992026
-0.16666666666666652,0.11979166666666666,0.0,-0.991601
-0.16666666666666652,0.125,0.0,-0.991154
-0.16666666666666652,0.13020833333333331,0.0,-0.990684
-0.16666666666666652,0.13541666666666666,0.0,-0.990188
-0.16666666666666652,0.140625,0.0,-0.989666
-0.16666666666666652,0.14583333333333331,0.0,-0.989117
-0.16666666666666652,0.15104166666666666,0.0,-0.988538
-0.16666666666666652,0.15625,0.0,-0.987929
-0.16666666666666652,0.16145833333333331,0.0,-0.987288
-0.16666666666666652,0.16666666666666666,0.0,-0.986613
-0.16666666666666652,0.171875,0.0,-0.985903
-0.16666666666666652,0.17708333333333331,0.0,-0.985155
-0.16666666666666652,0.18229166666666666,0.0,-0.984368
-0.16666666666666652,0.1875,0.0,-0.983539
-0.16666666666666652,0.19270833333333331,0.0,-0.982667
-0.16666666666666652,0.19791666666666666,0.0,-0.981749
-0.16666666666666652,0.203125,0.0,-0.980782
-0.16666666666666652,0.20833333333333331,0.0,-0.979766
-0.16666666666666652,0.21354166666666666,0.0,-0.978696
-0.16666666666666652,0.21875,0.0,-0.97757
-0.16666666666666652,0.22395833333333331,0.0,-0.976385
-0.16666666666666652,0.22916666666666666,0.0,-0.975138
-0.16666666666666652,0.234375,0.0,-0.973827
-0.16666666666666652,0.23958333333333331,0.0,-0.972447
-0.16666666666666652,0.24479166666666666,0.0,-0.970995
-0.16666666666666652,0.25,0.0,-0.969469
-0.16666666666666652,0.2552083333333333,0.0,-0.967863
-0.16666666666666652,0.26041666666666663,0.0,-0.966174
-0.16666666666666652,0.265625,0.0,-0.964398
-0.16666666666666652,0.2708333333333333,0.0,-0.96253
-0.16666666666666652,0.27604166666666663,0.0,-0.960567
-0.16666666666666652,0.28125,0.0,-0.958503
-0.16666666666666652,0.2864583333333333,0.0,-0.956333
-0.16666666666666652,0.29166666666666663,0.0,-0.954052
-0.16666666666666652,0.296875,0.0,-0.951655
-0.16666666666666652,0.3020833333333333,0.0,-0.949137
-0.16666666666666652,0.30729166666666663,0.0,-0.94649
-0.16666666666666652,0.3125,0.0,-0.94371
-0.16666666666666652,0.3177083333333333,0.0,-0.94079
-0.16666666666666652,0.32291666666666663,0.0,-0.937723
-0.16666666666666652,0.328125,0.0,-0.934503
-0.16666666666666652,0.3333333333333333,0.0,-0.931122
-0.16666666666666652,0.33854166666666663,0.0,-0.927573
-0.16666666666666652,0.34375,0.0,-0.923848
-0.16666666666666652,0.3489583333333333,0.0,-0.91994
-0.16666666666666652,0.35416666666666663,0.0,-0.91584
-0.16666666666666652,0.359375,0.0,-0.911539
-0.16666666666666652,0.3645833333333333,0.0,-0.90703
-0.16666666666666652,0.36979166666666663,0.0,-0.902302
-0.16666666666666652,0.375,0.0,-0.897346
-0.16666666666666652,0.3802083333333333,0.0,-0.892154
-0.16666666666666652,0.38541666666666663,0.0,-0.886714
-0.16666666666666652,0.390625,0.0,-0.881017
-0.16666666666666652,0.3958333333333333,0.0,-0.875053
-0.16666666666666652,0.40104166666666663,0.0,-0.86881
-0.16666666666666652,0.40625,0.0,-0.862279
-0.16666666666666652,0.4114583333333333,0.0,-0.855447
-0.16666666666666652,0.41666666666666663,0.0,-0.848304
-0.16666666666666652,0.421875,0.0,-0.840838
-0.16666666666666652,0.4270833333333333,0.0,-0.833037
-0.16666666666666652,0.43229166666666663,0.0,-0.824891
-0.16666666666666652,0.4375,0.0,-0.816387
-0.16666666666666652,0.4427083333333333,0.0,-0.807514
-0.16666666666666652,0.44791666666666663,0.0,-0.798259
-0.16666666666666652,0.453125,0.0,-0.788611
-0.16666666666666652,0.4583333333333333,0.0,-0.778559
-0.16666666666666652,0.46354166666666663,0.0,-0.76809
-0.16666666666666652,0.46875,0.0,-0.757194
-0.16666666666666652,0.4739583333333333,0.0,-0.74586
-0.16666666666666652,0.47916666666666663,0.0,-0.734076
-0.16666666666666652,0.484375,0.0,-0.721833
-0.16666666666666652,0.4895833333333333,0.0,-0.709122
-0.16666666666666652,0.49479166666666663,0.0,-0.695931
-0.16666666666666652,0.5,0.0,-0.682254
-0.1875,0.0,0.0,-0.997936
-0.1875,0.005208333333333333,0.0,-0.997825
-0.1875,0.010416666666666666,0.0,-0.997709
-0.1875,0.015625,0.0,-0.997587
-0.1875,0.020833333333333332,0.0,-0.997458
-0.1875,0.026041666666666664,0.0,-0.997322
-0.1875,0.03125,0.0,-0.997179
-0.1875,0.03645833333333333,0.0,-0.997028
-0.1875,0.041666666666666664,0.0,-0.99687
-0.1875,0.046875,0.0,-0.996703
-0.1875,0.05208333333333333,0.0,-0.996527
-0.1875,0.057291666666666664,0.0,-0.996341
-0.1875,0.0625,0.0,-0.996146
-0.1875,0.06770833333333333,0.0,-0.99594
-0.1875,0.07291666666666666,0.0,-0.995724
-0.1875,0.078125,0.0,-0.995496
-0.1875,0.08333333333333333,0.0,-0.995255
-0.1875,0.08854166666666666,0.0,-0.995002
-0.1875,0.09375,0.0,-0.994736
-0.1875,0.09895833333333333,0.0,-0.994455
-0.1875,0.10416666666666666,0.0,-0.99416
-0.1875,0.109375,0.0,-0.993848
-0.1875,0.11458333333333333,0.0,-0.99352
-0.1875,0.11979166666666666,0.0,-0.993175
-0.1875,0.125,0.0,-0.992812
-0.1875,0.13020833333333331,0.0,-0.992429
-0.1875,0.13541666666666666,0.0,-0.992026
-0.1875,0.140625,0.0,-0.991601
-0.1875,0.14583333333333331,0.0,-0.991154
-0.1875,0.15104166666666666,0.0,-0.990684
-0.1875,0.15625,0.0,-0.990188
-0.1875,0.16145833333333331,0.0,-0.989666
-0.1875,0.16666666666666666,0.0,-0.989117
-0.1875,0.171875,0.0,-0.988538
-0.1875,0.17708333333333331,0.0,-0.98793
-0.1875,0.18229166666666666,0.0,-0.987288
-0.1875,0.1875,0.0,-0.986613
-0.1875,0.19270833333333331,0.0,-0.985903
-0.1875,0.19791666666666666,0.0,-0.985155
-0.1875,0.203125,0.0,-0.984368
-0.1875,0.20833333333333331,0.0,-0.983539
-0.1875,0.21354166666666666,0.0,-0.982667
-0.1875,0.21875,0.0,-0.981749
-0.1875,0.22395833333333331,0.0,-0.980783
-0.1875,0.22916666666666666,0.0,-0.979766
-0.1875,0.234375,0.0,-0.978696
-0.1875,0.23958333333333331,0.0,-0.97757
-0.1875,0.24479166666666666,0.0,-0.976385
-0.1875,0.25,0.0,-0.975138
-0.1875,0.2552083333333333,0.0,-0.973827
-0.1875,0.26041666666666663,0.0,-0.972447
-0.1875,0.265625,0.0,-0.970995
-0.1875,0.2708333333333333,0.0,-0.969469
-0.1875,0.27604166666666663,0.0,-0.967863
-0.1875,0.28125,0.0,-0.966174
-0.1875,0.2864583333333333,0.0,-0.964398
-0.1875,0.29166666666666663,0.0,-0.96253
-0.1875,0.296875,0.0,-0.960567
-0.1875,0.3020833333333333,0.0,-0.958503
-0.1875,0.30729166666666663,0.0,-0.956333
-0.1875,0.3125,0.0,-0.954052
-0.1875,0.3177083333333333,0.0,-0.951655
-0.1875,0.32291666666666663,0.0,-0.949137
-0.1875,0.328125,0.0,-0.94649
-0.1875,0.3333333333333333,0.0,-0.94371
-0.1875,0.33854166666666663,0.0,-0.94079
-0.1875,0.34375,0.0,-0.937723
-0.1875,0.3489583333333333,0.0,-0.934503
-0.1875,0.35416666666666663,0.0,-0.931122
-0.1875,0.359375,0.0,-0.927573
-0.1875,0.3645833333333333,0.0,-0.923848
-0.1875,0.36979166666666663,0.0,-0.91994
-0.1875,0.375,0.0,-0.91584
-0.1875,0.3802083333333333,0.0,-0.911539
-0.1875,0.38541666666666663,0.0,-0.90703
-0.1875,0.390625,0.0,-0.902302
-0.1875,0.3958333333333333,0.0,-0.897346
-0.1875,0.40104166666666663,0.0,-0.892154
-0.1875,0.40625,0.0,-0.886714
-0.1875,0.4114583333333333,0.0,-0.881017
-0.1875,0.41666666666666663,0.0,-0.875053
-0.1875,0.421875,0.0,-0.86881
-0.1875,0.4270833333333333,0.0,-0.862279
-0.1875,0.43229166666666663,0.0,-0.855447
-0.1875,0.4375,0.0,-0.848304
-0.1875,0.4427083333333333,0.0,-0.840838
-0.1875,0.44791666666666663,0.0,-0.833038
-0.1875,0.453125,0.0,-0.824891
-0.1875,0.4583333333333333,0.0,-0.816387
-0.1875,0.46354166666666663,0.0,-0.807514
-0.1875,0.46875,0.0,-0.798259
-0.1875,0.4739583333333333,0.0,-0.788611
-0.1875,0.47916666666666663,0.0,-0.778559
-0.1875,0.484375,0.0,-0.76809
-0.1875,0.4895833333333333,0.0,-0.757194
-0.1875,0.49479166666666663,0.0,-0.74586
-0.1875,0.5,0.0,-0.734076
-0.20833333333333326,0.0,0.0,-0.998323
-0.20833333333333326,0.005208333333333333,0.0,-0.998234
-0.20833333333333326,0.010416666666666666,0.0,-0.99814
-0.20833333333333326,0.015625,0.0,-0.99804
-0.20833333333333326,0.020833333333333332,0.0,-0.997935
-0.20833333333333326,0.026041666666666664,0.0,-0.997825
-0.20833333333333326,0.03125,0.0,-0.997709
-0.20833333333333326,0.03645833333333333,0.0,-0.997587
-0.20833333333333326,0.041666666666666664,0.0,-0.997458
-0.20833333333333326,0.046875,0.0,-0.997322
-0.20833333333333326,0.05208333333333333,0.0,-0.997179
-0.20833333333333326,0.057291666666666664,0.0,-0.997028
-0.20833333333333326,0.0625,0.0,-0.99687
-0.20833333333333326,0.06770833333333333,0.0,-0.996703
-0.20833333333333326,0.07291666666666666,0.0,-0.996527
-0.20833333333333326,0.078125,0.0,-0.996341
-0.20833333333333326,0.08333333333333333,0.0,-0.996146
-0.20833333333333326,0.08854166666666666,0.0,-0.99594
-0.20833333333333326,0.09375,0.0,-0.995724
-0.20833333333333326,0.09895833333333333,0.0,-0.995495
-0.20833333333333326,0.10416666666666666,0.0,-0.995255
-0.20833333333333326,0.109375,0.0,-0.995002
-0.20833333333333326,0.11458333333333333,0.0,-0.994736
-0.20833333333333326,0.11979166666666666,0.0,-0.994455
-0.20833333333333326,0.125,0.0,-0.994159
-0.20833333333333326,0.13020833333333331,0.0,-0.993848
-0.20833333333333326,0.13541666666666666,0.0,-0.99352
-0.20833333333333326,0.140625,0.0,-0.993175
-0.20833333333333326,0.14583333333333331,0.0,-0.992812
-0.20833333333333326,0.15104166666666666,0.0,-0.992429
-0.20833333333333326,0.15625,0.0,-0.992026
-0.20833333333333326,0.16145833333333331,0.0,-0.991601
-0.20833333333333326,0.16666666666666666,0.0,-0.991154
-0.20833333333333326,0.171875,0.0,-0.990684
-0.20833333333333326,0.17708333333333331,0.0,-0.990188
-0.20833333333333326,0.18229166666666666,0.0,-0.989666
-0.20833333333333326,0.1875,0.0,-0.989117
-0.20833333333333326,0.19270833333333331,0.0,-0.988538
-0.20833333333333326,0.19791666666666666,0.0,-0.98793
-0.20833333333333326,0.203125,0.0,-0.987288
-0.20833333333333326,0.20833333333333331,0.0,-0.986614
-0.20833333333333326,0.21354166666666666,0.0,-0.985903
-0.20833333333333326,0.21875,0.0,-0.985155
-0.20833333333333326,0.22395833333333331,0.0,-0.984368
-0.20833333333333326,0.22916666666666666,0.0,-0.983539
-0.20833333333333326,0.234375,0.0,-0.982667
-0.20833333333333326,0.23958333333333331,0.0,-0.981749
-0.20833333333333326,0.24479166666666666,0.0,-0.980783
-0.20833333333333326,0.25,0.0,-0.979766
-0.20833333333333326,0.2552083333333333,0.0,-0.978696
-0.20833333333333326,0.26041666666666663,0.0,-0.97757
-0.20833333333333326,0.265625,0.0,-0.976385
-0.20833333333333326,0.2708333333333333,0.0,-0.975138
-0.20833333333333326,0.27604166666666663,0.0,-0.973827
-0.20833333333333326,0.28125,0.0,-0.972447
-0.20833333333333326,0.2864583333333333,0.0,-0.970995
-0.20833333333333326,0.29166666666666663,0.0,-0.969469
-0.20833333333333326,0.296875,0.0,-0.967863
-0.20833333333333326,0.3020833333333333,0.0,-0.966174
-0.20833333333333326,0.30729166666666663,0.0,-0.964398
-0.20833333333333326,0.3125,0.0,-0.962531
-0.20833333333333326,0.3177083333333333,0.0,-0.960567
-0.20833333333333326,0.32291666666666663,0.0,-0.958503
-0.20833333333333326,0.328125,0.0,-0.956333
-0.20833333333333326,0.3333333333333333,0.0,-0.954052
-0.20833333333333326,0.33854166666666663,0.0,-0.951655
-0.20833333333333326,0.34375,0.0,-0.949137
-0.20833333333333326,0.3489583333333333,0.0,-0.94649
-0.20833333333333326,0.35416666666666663,0.0,-0.94371
-0.20833333333333326,0.359375,0.0,-0.94079
-0.20833333333333326,0.3645833333333333,0.0,-0.937723
-0.20833333333333326,0.36979166666666663,0.0,-0.934503
-0.20833333333333326,0.375,0.0,-0.931122
-0.20833333333333326,0.3802083333333333,0.0,-0.927573
-0.20833333333333326,0.38541666666666663,0.0,-0.923848
-0.20833333333333326,0.390625,0.0,-0.91994
-0.20833333333333326,0.3958333333333333,0.0,-0.91584
-0.20833333333333326,0.40104166666666663,0.0,-0.911539
-0.20833333333333326,0.40625,0.0,-0.90703
-0.20833333333333326,0.4114583333333333,0.0,-0.902302
-0.20833333333333326,0.41666666666666663,0.0,-0.897346
-0.20833333333333326,0.421875,0.0,-0.892154
-0.20833333333333326,0.4270833333333333,0.0,-0.886714
-0.20833333333333326,0.43229166666666663,0.0,-0.881017
-0.20833333333333326,0.4375,0.0,-0.875053
-0.20833333333333326,0.4427083333333333,0.0,-0.86881
-0.20833333333333326,0.44791666666666663,0.0,-0.862279
-0.20833333333333326,0.453125,0.0,-0.855447
-0.20833333333333326,0.4583333333333333,0.0,-0.848304
-0.20833333333333326,0.46354166666666663,0.0,-0.840838
-0.20833333333333326,0.46875,0.0,-0.833038
-0.20833333333333326,0.4739583333333333,0.0,-0.824891
-0.20833333333333326,0.47916666666666663,0.0,-0.816387
-0.20833333333333326,0.484375,0.0,-0.807514
-0.20833333333333326,0.4895833333333333,0.0,-0.798259
-0.20833333333333326,0.49479166666666663,0.0,-0.788611
-0.20833333333333326,0.5,0.0,-0.778559
-0.22916666666666652,0.0,0.0,-0.998639
-0.22916666666666652,0.005208333333333333,0.0,-0.998566
-0.22916666666666652,0.010416666666666666,0.0,-0.998489
-0.22916666666666652,0.015625,0.0,-0.998408
-0.22916666666666652,0.020833333333333332,0.0,-0.998323
-0.22916666666666652,0.026041666666666664,0.0,-0.998234
-0.22916666666666652,0.03125,0.0,-0.998139
-0.22916666666666652,0.03645833333333333,0.0,-0.99804
-0.22916666666666652,0.041666666666666664,0.0,-0.997935
-0.22916666666666652,0.046875,0.0,-0.997825
-0.22916666666666652,0.05208333333333333,0.0,-0.997709
-0.22916666666666652,0.057291666666666664,0.0,-0.997586
-0.22916666666666652,0.0625,0.0,-0.997458
-0.22916666666666652,0.06770833333333333,0.0,-0.997322
-0.22916666666666652,0.07291666666666666,0.0,-0.997179
-0.22916666666666652,0.078125,0.0,-0.997028
-0.22916666666666652,0.08333333333333333,0.0,-0.99687
-0.22916666666666652,0.08854166666666666,0.0,-0.996702
-0.22916666666666652,0.09375,0.0,-0.996526
-0.22916666666666652,0.09895833333333333,0.0,-0.996341
-0.22916666666666652,0.10416666666666666,0.0,-0.996146
-0.22916666666666652,0.109375,0.0,-0.99594
-0.22916666666666652,0.11458333333333333,0.0,-0.995724
-0.22916666666666652,0.11979166666666666,0.0,-0.995495
-0.22916666666666652,0.125,0.0,-0.995255
-0.22916666666666652,0.13020833333333331,0.0,-0.995002
-0.22916666666666652,0.13541666666666666,0.0,-0.994736
-0.22916666666666652,0.140625,0.0,-0.994455
-0.22916666666666652,0.14583333333333331,0.0,-0.994159
-0.22916666666666652,0.15104166666666666,0.0,-0.993848
-0.22916666666666652,0.15625,0.0,-0.99352
-0.22916666666666652,0.16145833333333331,0.0,-0.993175
-0.22916666666666652,0.16666666666666666,0.0,-0.992812
-0.22916666666666652,0.171875,0.0,-0.992429
-0.22916666666666652,0.17708333333333331,0.0,-0.992026
-0.22916666666666652,0.18229166666666666,0.0,-0.991601
-0.22916666666666652,0.1875,0.0,-0.991154
-0.22916666666666652,0.19270833333333331,0.0,-0.990684
-0.22916666666666652,0.19791666666666666,0.0,-0.990188
-0.22916666666666652,0.203125,0.0,-0.989666
-0.22916666666666652,0.20833333333333331,0.0,-0.989117
-0.22916666666666652,0.21354166666666666,0.0,-0.988539
-0.22916666666666652,0.21875,0.0,-0.98793
-0.22916666666666652,0.22395833333333331,0.0,-0.987288
-0.22916666666666652,0.22916666666666666,0.0,-0.986614
-0.22916666666666652,0.234375,0.0,-0.985903
-0.22916666666666652,0.23958333333333331,0.0,-0.985155
-0.22916666666666652,0.24479166666666666,0.0,-0.984368
-0.22916666666666652,0.25,0.0,-0.983539
-0.22916666666666652,0.2552083333333333,0.0,-0.982667
-0.22916666666666652,0.26041666666666663,0.0,-0.981749
-0.22916666666666652,0.265625,0.0,-0.980783
-0.22916666666666652,0.2708333333333333,0.0,-0.979766
-0.22916666666666652,0.27604166666666663,0.0,-0.978696
-0.22916666666666652,0.28125,0.0,-0.97757
-0.22916666666666652,0.2864583333333333,0.0,-0.976385
-0.22916666666666652,0.29166666666666663,0.0,-0.975138
-0.22916666666666652,0.296875,0.0,-0.973827
-0.22916666666666652,0.3020833333333333,0.0,-0.972447
-0.22916666666666652,0.30729166666666663,0.0,-0.970995
-0.22916666666666652,0.3125,0.0,-0.969469
-0.22916666666666652,0.3177083333333333,0.0,-0.967863
-0.22916666666666652,0.32291666666666663,0.0,-0.966174
-0.22916666666666652,0.328125,0.0,-0.964398
-0.22916666666666652,0.3333333333333333,0.0,-0.962531
-0.22916666666666652,0.33854166666666663,0.0,-0.960567
-0.22916666666666652,0.34375,0.0,-0.958503
-0.22916666666666652,0.3489583333333333,0.0,-0.956333
-0.22916666666666652,0.35416666666666663,0.0,-0.954052
-0.22916666666666652,0.359375,0.0,-0.951655
-0.22916666666666652,0.3645833333333333,0.0,-0.949137
-0.22916666666666652,0.36979166666666663,0.0,-0.94649
-0.22916666666666652,0.375,0.0,-0.94371
-0.22916666666666652,0.3802083333333333,0.0,-0.94079
-0.22916666666666652,0.38541666666666663,0.0,-0.937723
-0.22916666666666652,0.390625,0.0,-0.934503
-0.22916666666666652,0.3958333333333333,0.0,-0.931122
-0.22916666666666652,0.40104166666666663,0.0,-0.927573
-0.22916666666666652,0.40625,0.0,-0.923848
-0.22916666666666652,0.4114583333333333,0.0,-0.91994
-0.22916666666666652,0.41666666666666663,0.0,-0.91584
-0.22916666666666652,0.421875,0.0,-0.911539
-0.22916666666666652,0.4270833333333333,0.0,-0.90703
-0.22916666666666652,0.43229166666666663,0.0,-0.902302
-0.22916666666666652,0.4375,0.0,-0.897346
-0.22916666666666652,0.4427083333333333,0.0,-0.892154
-0.22916666666666652,0.44791666666666663,0.0,-0.886714
-0.22916666666666652,0.453125,0.0,-0.881017
-0.22916666666666652,0.4583333333333333,0.0,-0.875053
-0.22916666666666652,0.46354166666666663,0.0,-0.86881
-0.22916666666666652,0.46875,0.0,-0.862279
-0.22916666666666652,0.4739583333333333,0.0,-0.855447
-0.22916666666666652,0.47916666666666663,0.0,-0.848304
-0.22916666666666652,0.484375,0.0,-0.840838
-0.22916666666666652,0.4895833333333333,0.0,-0.833038
-0.22916666666666652,0.49479166666666663,0.0,-0.824891
-0.22916666666666652,0.5,0.0,-0.816387
-0.25,0.0,0.0,-0.998894
-0.25,0.005208333333333333,0.0,-0.998835
-0.25,0.010416666666666666,0.0,-0.998773
-0.25,0.015625,0.0,-0.998708
-0.25,0.020833333333333332,0.0,-0.998638
-0.25,0.026041666666666664,0.0,-0.998566
-0.25,0.03125,0.0,-0.998489
-0.25,0.03645833333333333,0.0,-0.998408
-0.25,0.041666666666666664,0.0,-0.998323
-0.25,0.046875,0.0,-0.998234
-0.25,0.05208333333333333,0.0,-0.998139
-0.25,0.057291666666666664,0.0,-0.99804
-0.25,0.0625,0.0,-0.997935
-0.25,0.06770833333333333,0.0,-0.997825
-0.25,0.07291666666666666,0.0,-0.997709
-0.25,0.078125,0.0,-0.997586
-0.25,0.08333333333333333,0.0,-0.997457
-0.25,0.08854166666666666,0.0,-0.997322
-0.25,0.09375,0.0,-0.997179
-0.25,0.09895833333333333,0.0,-0.997028
-0.25,0.10416666666666666,0.0,-0.996869
-0.25,0.109375,0.0,-0.996702
-0.25,0.11458333333333333,0.0,-0.996526
-0.25,0.11979166666666666,0.0,-0.996341
-0.25,0.125,0.0,-0.996146
-0.25,0.13020833333333331,0.0,-0.99594
-0.25,0.13541666666666666,0.0,-0.995723
-0.25,0.140625,0.0,-0.995495
-0.25,0.14583333333333331,0.0,-0.995255
-0.25,0.15104166666666666,0.0,-0.995002
-0.25,0.15625,0.0,-0.994736
-0.25,0.16145833333333331,0.0,-0.994455
-0.25,0.16666666666666666,0.0,-0.994159
-0.25,0.171875,0.0,-0.993848
-0.25,0.17708333333333331,0.0,-0.99352
-0.25,0.18229166666666666,0.0,-0.993175
-0.25,0.1875,0.0,-0.992812
-0.25,0.19270833333333331,0.0,-0.992429
-0.25,0.19791666666666666,0.0,-0.992026
-0.25,0.203125,0.0,-0.991601
-0.25,0.20833333333333331,0.0,-0.991154
-0.25,0.21354166666666666,0.0,-0.990684
-0.25,0.21875,0.0,-0.990188
-0.25,0.22395833333333331,0.0,-0.989666
-0.25,0.22916666666666666,0.0,-0.989117
-0.25,0.234375,0.0,-0.988539
-0.25,0.23958333333333331,0.0,-0.98793
-0.25,0.24479166666666666,0.0,-0.987288
-0.25,0.25,0.0,-0.986614
-0.25,0.2552083333333333,0.0,-0.985903
-0.25,0.26041666666666663,0.0,-0.985155
-0.25,0.265625,0.0,-0.984368
-0.25,0.2708333333333333,0.0,-0.983539
-0.25,0.27604166666666663,0.0,-0.982667
-0.25,0.28125,0.0,-0.981749
-0.25,0.2864583333333333,0.0,-0.980783
-0.25,0.29166666666666663,0.0,-0.979766
-0.25,0.296875,0.0,-0.978696
-0.25,0.3020833333333333,0.0,-0.97757
-0.25,0.30729166666666663,0.0,-0.976385
-0.25,0.3125,0.0,-0.975138
-0.25,0.3177083333333333,0.0,-0.973827
-0.25,0.32291666666666663,0.0,-0.972447
-0.25,0.328125,0.0,-0.970996
-0.25,0.3333333333333333,0.0,-0.969469
-0.25,0.33854166666666663,0.0,-0.967863
-0.25,0.34375,0.0,-0.966174
-0.25,0.3489583333333333,0.0,-0.964398
-0.25,0.35416666666666663,0.0,-0.962531
-0.25,0.359375,0.0,-0.960567
-0.25,0.3645833333333333,0.0,-0.958503
-0.25,0.36979166666666663,0.0,-0.956333
-0.25,0.375,0.0,-0.954052
-0.25,0.3802083333333333,0.0,-0.951655
-0.25,0.38541666666666663,0.0,-0.949137
-0.25,0.390625,0.0,-0.94649
-0.25,0.3958333333333333,0.0,-0.94371
-0.25,0.40104166666666663,0.0,-0.94079
-0.25,0.40625,0.0,-0.937723
-0.25,0.4114583333333333,0.0,-0.934503
-0.25,0.41666666666666663,0.0,-0.931122
-0.25,0.421875,0.0,-0.927573
-0.25,0.4270833333333333,0.0,-0.923848
-0.25,0.43229166666666663,0.0,-0.91994
-0.25,0.4375,0.0,-0.91584
-0.25,0.4427083333333333,0.0,-0.911539
-0.25,0.44791666666666663,0.0,-0.90703
-0.25,0.453125,0.0,-0.902302
-0.25,0.4583333333333333,0.0,-0.897346
-0.25,0.46354166666666663,0.0,-0.892154
-0.25,0.46875,0.0,-0.886714
-0.25,0.4739583333333333,0.0,-0.881017
-0.25,0.47916666666666663,0.0,-0.875053
-0.25,0.484375,0.0,-0.86881
-0.25,0.4895833333333333,0.0,-0.862279
-0.25,0.49479166666666663,0.0,-0.855447
-0.25,0.5,0.0,-0.848304
-0.27083333333333326,0.0,0.0,-0.999102
-0.27083333333333326,0.005208333333333333,0.0,-0.999054
-0.27083333333333326,0.010416666666666666,0.0,-0.999004
-0.27083333333333326,0.015625,0.0,-0.99895
-0.27083333333333326,0.020833333333333332,0.0,-0.998894
-0.27083333333333326,0.026041666666666664,0.0,-0.998835
-0.27083333333333326,0.03125,0.0,-0.998773
-0.27083333333333326,0.03645833333333333,0.0,-0.998707
-0.27083333333333326,0.041666666666666664,0.0,-0.998638
-0.27083333333333326,0.046875,0.0,-0.998566
-0.27083333333333326,0.05208333333333333,0.0,-0.998489
-0.27083333333333326,0.057291666666666664,0.0,-0.998408
-0.27083333333333326,0.0625,0.0,-0.998323
-0.27083333333333326,0.06770833333333333,0.0,-0.998234
-0.27083333333333326,0.07291666666666666,0.0,-0.998139
-0.27083333333333326,0.078125,0.0,-0.99804
-0.27083333333333326,0.08333333333333333,0.0,-0.997935
-0.27083333333333326,0.08854166666666666,0.0,-0.997825
-0.27083333333333326,0.09375,0.0,-0.997709
-0.27083333333333326,0.09895833333333333,0.0,-0.997586
-0.27083333333333326,0.10416666666666666,0.0,-0.997457
-0.27083333333333326,0.109375,0.0,-0.997322
-0.27083333333333326,0.11458333333333333,0.0,-0.997179
-0.27083333333333326,0.11979166666666666,0.0,-0.997028
-0.27083333333333326,0.125,0.0,-0.996869
-0.27083333333333326,0.13020833333333331,0.0,-0.996702
-0.27083333333333326,0.13541666666666666,0.0,-0.996526
-0.27083333333333326,0.140625,0.0,-0.996341
-0.27083333333333326,0.14583333333333331,0.0,-0.996146
-0.27083333333333326,0.15104166666666666,0.0,-0.99594
-0.27083333333333326,0.15625,0.0,-0.995723
-0.27083333333333326,0.16145833333333331,0.0,-0.995495
-0.27083333333333326,0.16666666666666666,0.0,-0.995255
-0.27083333333333326,0.171875,0.0,-0.995002
-0.27083333333333326,0.17708333333333331,0.0,-0.994736
-0.27083333333333326,0.18229166666666666,0.0,-0.994455
-0.27083333333333326,0.1875,0.0,-0.994159
-0.27083333333333326,0.19270833333333331,0.0,-0.993848
-0.27083333333333326,0.19791666666666666,0.0,-0.99352
-0.27083333333333326,0.203125,0.0,-0.993175
-0.27083333333333326,0.20833333333333331,0.0,-0.992812
-0.27083333333333326,0.21354166666666666,0.0,-0.992429
-0.27083333333333326,0.21875,0.0,-0.992026
-0.27083333333333326,0.22395833333333331,0.0,-0.991601
-0.27083333333333326,0.22916666666666666,0.0,-0.991154
-0.27083333333333326,0.234375,0.0,-0.990684
-0.27083333333333326,0.23958333333333331,0.0,-0.990188
-0.27083333333333326,0.24479166666666666,0.0,-0.989666
-0.27083333333333326,0.25,0.0,-0.989117
-0.27083333333333326,0.2552083333333333,0.0,-0.988539
-0.27083333333333326,0.26041666666666663,0.0,-0.98793
-0.27083333333333326,0.265625,0.0,-0.987288
-0.27083333333333326,0.2708333333333333,0.0,-0.986614
-0.27083333333333326,0.27604166666666663,0.0,-0.985903
-0.27083333333333326,0.28125,0.0,-0.985155
-0.27083333333333326,0.2864583333333333,0.0,-0.984368
-0.27083333333333326,0.29166666666666663,0.0,-0.983539
-0.27083333333333326,0.296875,0.0,-0.982667
-0.27083333333333326,0.3020833333333333,0.0,-0.981749
-0.27083333333333326,0.30729166666666663,0.0,-0.980783
-0.27083333333333326,0.3125,0.0,-0.979766
-0.27083333333333326,0.3177083333333333,0.0,-0.978696
-0.27083333333333326,0.32291666666666663,0.0,-0.97757
-0.27083333333333326,0.328125,0.0,-0.976385
-0.27083333333333326,0.3333333333333333,0.0,-0.975138
-0.27083333333333326,0.33854166666666663,0.0,-0.973827
-0.27083333333333326,0.34375,0.0,-0.972447
-0.27083333333333326,0.3489583333333333,0.0,-0.970996
-0.27083333333333326,0.35416666666666663,0.0,-0.969469
-0.27083333333333326,0.359375,0.0,-0.967863
-0.27083333333333326,0.3645833333333333,0.0,-0.966174
-0.27083333333333326,0.36979166666666663,0.0,-0.964398
-0.27083333333333326,0.375,0.0,-0.962531
-0.27083333333333326,0.3802083333333333,0.0,-0.960567
-0.27083333333333326,0.38541666666666663,0.0,-0.958503
-0.27083333333333326,0.390625,0.0,-0.956333
-0.27083333333333326,0.3958333333333333,0.0,-0.954052
-0.27083333333333326,0.40104166666666663,0.0,-0.951656
-0.27083333333333326,0.40625,0.0,-0.949137
-0.27083333333333326,0.4114583333333333,0.0,-0.94649
-0.27083333333333326,0.41666666666666663,0.0,-0.94371
-0.27083333333333326,0.421875,0.0,-0.94079
-0.27083333333333326,0.4270833333333333,0.0,-0.937723
-0.27083333333333326,0.43229166666666663,0.0,-0.934503
-0.27083333333333326,0.4375,0.0,-0.931122
-0.27083333333333326,0.4427083333333333,0.0,-0.927573
-0.27083333333333326,0.44791666666666663,0.0,-0.923849
-0.27083333333333326,0.453125,0.0,-0.91994
-0.27083333333333326,0.4583333333333333,0.0,-0.91584
-0.27083333333333326,0.46354166666666663,0.0,-0.91154
-0.27083333333333326,0.46875,0.0,-0.90703
-0.27083333333333326,0.4739583333333333,0.0,-0.902302
-0.27083333333333326,0.47916666666666663,0.0,-0.897347
-0.27083333333333326,0.484375,0.0,-0.892154
-0.27083333333333326,0.4895833333333333,0.0,-0.886714
-0.27083333333333326,0.49479166666666663,0.0,-0.881018
-0.27083333333333326,0.5,0.0,-0.875053
-0.2916666666666665,0.0,0.0,-0.999271
-0.2916666666666665,0.005208333333333333,0.0,-0.999232
-0.2916666666666665,0.010416666666666666,0.0,-0.999191
-0.2916666666666665,0.015625,0.0,-0.999148
-0.2916666666666665,0.020833333333333332,0.0,-0.999102
-0.2916666666666665,0.026041666666666664,0.0,-0.999054
-0.2916666666666665,0.03125,0.0,-0.999004
-0.2916666666666665,0.03645833333333333,0.0,-0.99895
-0.2916666666666665,0.041666666666666664,0.0,-0.998894
-0.2916666666666665,0.046875,0.0,-0.998835
-0.2916666666666665,0.05208333333333333,0.0,-0.998773
-0.2916666666666665,0.057291666666666664,0.0,-0.998707
-0.2916666666666665,0.0625,0.0,-0.998638
-0.2916666666666665,0.06770833333333333,0.0,-0.998566
-0.2916666666666665,0.07291666666666666,0.0,-0.998489
-0.2916666666666665,0.078125,0.0,-0.998408
-0.2916666666666665,0.08333333333333333,0.0,-0.998323
-0.2916666666666665,0.08854166666666666,0.0,-0.998234
-0.2916666666666665,0.09375,0.0,-0.998139
-0.2916666666666665,0.09895833333333333,0.0,-0.99804
-0.2916666666666665,0.10416666666666666,0.0,-0.997935
-0.2916666666666665,0.109375,0.0,-0.997825
-0.2916666666666665,0.11458333333333333,0.0,-0.997709
-0.2916666666666665,0.11979166666666666,0.0,-0.997586
-0.2916666666666665,0.125,0.0,-0.997457
-0.2916666666666665,0.13020833333333331,0.0,-0.997322
-0.2916666666666665,0.13541666666666666,0.0,-0.997179
-0.2916666666666665,0.140625,0.0,-0.997028
-0.2916666666666665,0.14583333333333331,0.0,-0.996869
-0.2916666666666665,0.15104166666666666,0.0,-0.996702
-0.2916666666666665,0.15625,0.0,-0.996526
-0.2916666666666665,0.16145833333333331,0.0,-0.996341
-0.2916666666666665,0.16666666666666666,0.0,-0.996146
-0.2916666666666665,0.171875,0.0,-0.99594
-0.2916666666666665,0.17708333333333331,0.0,-0.995723
-0.2916666666666665,0.18229166666666666,0.0,-0.995495
-0.2916666666666665,0.1875,0.0,-0.995255
-0.2916666666666665,0.19270833333333331,0.0,-0.995002
-0.2916666666666665,0.19791666666666666,0.0,-0.994735
-0.2916666666666665,0.203125,0.0,-0.994455
-0.2916666666666665,0.20833333333333331,0.0,-0.994159
-0.2916666666666665,0.21354166666666666,0.0,-0.993848
-0.2916666666666665,0.21875,0.0,-0.99352
-0.2916666666666665,0.22395833333333331,0.0,-0.993175
-0.2916666666666665,0.22916666666666666,0.0,-0.992812
-0.2916666666666665,0.234375,0.0,-0.992429
-0.2916666666666665,0.23958333333333331,0.0,-0.992026
-0.2916666666666665,0.24479166666666666,0.0,-0.991601
-0.2916666666666665,0.25,0.0,-0.991154
-0.2916666666666665,0.2552083333333333,0.0,-0.990684
-0.2916666666666665,0.26041666666666663,0.0,-0.990188
-0.2916666666666665,0.265625,0.0,-0.989666
-0.2916666666666665,0.2708333333333333,0.0,-0.989117
-0.2916666666666665,0.27604166666666663,0.0,-0.988539
-0.2916666666666665,0.28125,0.0,-0.98793
-0.2916666666666665,0.2864583333333333,0.0,-0.987289
-0.2916666666666665,0.29166666666666663,0.0,-0.986614
-0.2916666666666665,0.296875,0.0,-0.985903
-0.2916666666666665,0.3020833333333333,0.0,-0.985155
-0.2916666666666665,0.30729166666666663,0.0,-0.984368
-0.2916666666666665,0.3125,0.0,-0.983539
-0.2916666666666665,0.3177083333333333,0.0,-0.982667
-0.2916666666666665,0.32291666666666663,0.0,-0.981749
-0.2916666666666665,0.328125,0.0,-0.980783
-0.2916666666666665,0.3333333333333333,0.0,-0.979766
-0.2916666666666665,0.33854166666666663,0.0,-0.978696
-0.2916666666666665,0.34375,0.0,-0.97757
-0.2916666666666665,0.3489583333333333,0.0,-0.976385
-0.2916666666666665,0.35416666666666663,0.0,-0.975138
-0.2916666666666665,0.359375,0.0,-0.973827
-0.2916666666666665,0.3645833333333333,0.0,-0.972447
-0.2916666666666665,0.36979166666666663,0.0,-0.970996
-0.2916666666666665,0.375,0.0,-0.969469
-0.2916666666666665,0.3802083333333333,0.0,-0.967863
-0.2916666666666665,0.38541666666666663,0.0,-0.966174
-0.2916666666666665,0.390625,0.0,-0.964398
-0.2916666666666665,0.3958333333333333,0.0,-0.962531
-0.2916666666666665,0.40104166666666663,0.0,-0.960567
-0.2916666666666665,0.40625,0.0,-0.958503
-0.2916666666666665,0.4114583333333333,0.0,-0.956333
-0.2916666666666665,0.41666666666666663,0.0,-0.954052
-0.2916666666666665,0.421875,0.0,-0.951656
-0.2916666666666665,0.4270833333333333,0.0,-0.949137
-0.2916666666666665,0.43229166666666663,0.0,-0.946491
-0.2916666666666665,0.4375,0.0,-0.94371
-0.2916666666666665,0.4427083333333333,0.0,-0.94079
-0.2916666666666665,0.44791666666666663,0.0,-0.937724
-0.2916666666666665,0.453125,0.0,-0.934503
-0.2916666666666665,0.4583333333333333,0.0,-0.931122
-0.2916666666666665,0.46354166666666663,0.0,-0.927573
-0.2916666666666665,0.46875,0.0,-0.923849
-0.2916666666666665,0.4739583333333333,0.0,-0.91994
-0.2916666666666665,0.47916666666666663,0.0,-0.91584
-0.2916666666666665,0.484375,0.0,-0.91154
-0.2916666666666665,0.4895833333333333,0.0,-0.90703
-0.2916666666666665,0.49479166666666663,0.0,-0.902302
-0.2916666666666665,0.5,0.0,-0.897347
-0.3125,0.0,0.0,-0.999408
-0.3125,0.005208333333333333,0.0,-0.999376
-0.3125,0.010416666666666666,0.0,-0.999343
-0.3125,0.015625,0.0,-0.999308
-0.3125,0.020833333333333332,0.0,-0.999271
-0.3125,0.026041666666666664,0.0,-0.999232
-0.3125,0.03125,0.0,-0.999191
-0.3125,0.03645833333333333,0.0,-0.999148
-0.3125,0.041666666666666664,0.0,-0.999102
-0.3125,0.046875,0.0,-0.999054
-0.3125,0.05208333333333333,0.0,-0.999004
-0.3125,0.057291666666666664,0.0,-0.99895
-0.3125,0.0625,0.0,-0.998894
-0.3125,0.06770833333333333,0.0,-0.998835
-0.3125,0.07291666666666666,0.0,-0.998773
-0.3125,0.078125,0.0,-0.998707
-0.3125,0.08333333333333333,0.0,-0.998638
-0.3125,0.08854166666666666,0.0,-0.998565
-0.3125,0.09375,0.0,-0.998489
-0.3125,0.09895833333333333,0.0,-0.998408
-0.3125,0.10416666666666666,0.0,-0.998323
-0.3125,0.109375,0.0,-0.998233
-0.3125,0.11458333333333333,0.0,-0.998139
-0.3125,0.11979166666666666,0.0,-0.99804
-0.3125,0.125,0.0,-0.997935
-0.3125,0.13020833333333331,0.0,-0.997825
-0.3125,0.13541666666666666,0.0,-0.997709
-0.3125,0.140625,0.0,-0.997586
-0.3125,0.14583333333333331,0.0,-0.997457
-0.3125,0.15104166666666666,0.0,-0.997321
-0.3125,0.15625,0.0,-0.997178
-0.3125,0.16145833333333331,0.0,-0.997028
-0.3125,0.16666666666666666,0.0,-0.996869
-0.3125,0.171875,0.0,-0.996702
-0.3125,0.17708333333333331,0.0,-0.996526
-0.3125,0.18229166666666666,0.0,-0.996341
-0.3125,0.1875,0.0,-0.996145
-0.3125,0.19270833333333331,0.0,-0.99594
-0.3125,0.19791666666666666,0.0,-0.995723
-0.3125,0.203125,0.0,-0.995495
-0.3125,0.20833333333333331,0.0,-0.995255
-0.3125,0.21354166666666666,0.0,-0.995002
-0.3125,0.21875,0.0,-0.994735
-0.3125,0.22395833333333331,0.0,-0.994455
-0.3125,0.22916666666666666,0.0,-0.994159
-0.3125,0.234375,0.0,-0.993848
-0.3125,0.23958333333333331,0.0,-0.99352
-0.3125,0.24479166666666666,0.0,-0.993175
-0.3125,0.25,0.0,-0.992812
-0.3125,0.2552083333333333,0.0,-0.992429
-0.3125,0.26041666666666663,0.0,-0.992026
-0.3125,0.265625,0.0,-0.991601
-0.3125,0.2708333333333333,0.0,-0.991154
-0.3125,0.27604166666666663,0.0,-0.990684
-0.3125,0.28125,0.0,-0.990188
-0.3125,0.2864583333333333,0.0,-0.989666
-0.3125,0.29166666666666663,0.0,-0.989117
-0.3125,0.296875,0.0,-0.988539
-0.3125,0.3020833333333333,0.0,-0.98793
-0.3125,0.30729166666666663,0.0,-0.987289
-0.3125,0.3125,0.0,-0.986614
-0.3125,0.3177083333333333,0.0,-0.985903
-0.3125,0.32291666666666663,0.0,-0.985155
-0.3125,0.328125,0.0,-0.984368
-0.3125,0.3333333333333333,0.0,-0.983539
-0.3125,0.33854166666666663,0.0,-0.982667
-0.3125,0.34375,0.0,-0.981749
-0.3125,0.3489583333333333,0.0,-0.980783
-0.3125,0.35416666666666663,0.0,-0.979766
-0.3125,0.359375,0.0,-0.978696
-0.3125,0.3645833333333333,0.0,-0.97757
-0.3125,0.36979166666666663,0.0,-0.976385
-0.3125,0.375,0.0,-0.975138
-0.3125,0.3802083333333333,0.0,-0.973827
-0.3125,0.38541666666666663,0.0,-0.972447
-0.3125,0.390625,0.0,-0.970996
-0.3125,0.3958333333333333,0.0,-0.969469
-0.3125,0.40104166666666663,0.0,-0.967863
-0.3125,0.40625,0.0,-0.966174
-0.3125,0.4114583333333333,0.0,-0.964398
-0.3125,0.41666666666666663,0.0,-0.962531
-0.3125,0.421875,0.0,-0.960567
-0.3125,0.4270833333333333,0.0,-0.958503
-0.3125,0.43229166666666663,0.0,-0.956333
-0.3125,0.4375,0.0,-0.954052
-0.3125,0.4427083333333333,0.0,-0.951656
-0.3125,0.44791666666666663,0.0,-0.949137
-0.3125,0.453125,0.0,-0.946491
-0.3125,0.4583333333333333,0.0,-0.94371
-0.3125,0.46354166666666663,0.0,-0.94079
-0.3125,0.46875,0.0,-0.937724
-0.3125,0.4739583333333333,0.0,-0.934503
-0.3125,0.47916666666666663,0.0,-0.931122
-0.3125,0.484375,0.0,-0.927573
-0.3125,0.4895833333333333,0.0,-0.923849
-0.3125,0.49479166666666663,0.0,-0.91994
-0.3125,0.5,0.0,-0.91584
-0.33333333333333326,0.0,0.0,-0.999519
-0.33333333333333326,0.005208333333333333,0.0,-0.999494
-0.33333333333333326,0.010416666666666666,0.0,-0.999467
-0.33333333333333326,0.015625,0.0,-0.999438
-0.33333333333333326,0.020833333333333332,0.0,-0.999408
-0.33333333333333326,0.026041666666666664,0.0,-0.999376
-0.33333333333333326,0.03125,0.0,-0.999343
-0.33333333333333326,0.03645833333333333,0.0,-0.999308
-0.33333333333333326,0.041666666666666664,0.0,-0.999271
-0.33333333333333326,0.046875,0.0,-0.999232
-0.33333333333333326,0.05208333333333333,0.0,-0.999191
-0.33333333333333326,0.057291666666666664,0.0,-0.999148
-0.33333333333333326,0.0625,0.0,-0.999102
-0.33333333333333326,0.06770833333333333,0.0,-0.999054
-0.33333333333333326,0.07291666666666666,0.0,-0.999004
-0.33333333333333326,0.078125,0.0,-0.99895
-0.33333333333333326,0.08333333333333333,0.0,-0.998894
-0.33333333333333326,0.08854166666666666,0.0,-0.998835
-0.33333333333333326,0.09375,0.0,-0.998773
-0.33333333333333326,0.09895833333333333,0.0,-0.998707
-0.33333333333333326,0.10416666666666666,0.0,-0.998638
-0.33333333333333326,0.109375,0.0,-0.998565
-0.33333333333333326,0.11458333333333333,0.0,-0.998489
-0.33333333333333326,0.11979166666666666,0.0,-0.998408
-0.33333333333333326,0.125,0.0,-0.998323
-0.33333333333333326,0.13020833333333331,0.0,-0.998233
-0.33333333333333326,0.13541666666666666,0.0,-0.998139
-0.33333333333333326,0.140625,0.0,-0.99804
-0.33333333333333326,0.14583333333333331,0.0,-0.997935
-0.33333333333333326,0.15104166666666666,0.0,-0.997825
-0.33333333333333326,0.15625,0.0,-0.997708
-0.33333333333333326,0.16145833333333331,0.0,-0.997586
-0.33333333333333326,0.16666666666666666,0.0,-0.997457
-0.33333333333333326,0.171875,0.0,-0.997321
-0.33333333333333326,0.17708333333333331,0.0,-0.997178
-0.33333333333333326,0.18229166666666666,0.0,-0.997028
-0.33333333333333326,0.1875,0.0,-0.996869
-0.33333333333333326,0.19270833333333331,0.0,-0.996702
-0.33333333333333326,0.19791666666666666,0.0,-0.996526
-0.33333333333333326,0.203125,0.0,-0.996341
-0.33333333333333326,0.20833333333333331,0.0,-0.996145
-0.33333333333333326,0.21354166666666666,0.0,-0.99594
-0.33333333333333326,0.21875,0.0,-0.995723
-0.33333333333333326,0.22395833333333331,0.0,-0.995495
-0.33333333333333326,0.22916666666666666,0.0,-0.995255
-0.33333333333333326,0.234375,0.0,-0.995002
-0.33333333333333326,0.23958333333333331,0.0,-0.994735
-0.33333333333333326,0.24479166666666666,0.0,-0.994455
-0.33333333333333326,0.25,0.0,-0.994159
-0.33333333333333326,0.2552083333333333,0.0,-0.993848
-0.33333333333333326,0.26041666666666663,0.0,-0.99352
-0.33333333333333326,0.265625,0.0,-0.993175
-0.33333333333333326,0.2708333333333333,0.0,-0.992812
-0.33333333333333326,0.27604166666666663,0.0,-0.992429
-0.33333333333333326,0.28125,0.0,-0.992026
-0.33333333333333326,0.2864583333333333,0.0,-0.991601
-0.33333333333333326,0.29166666666666663,0.0,-0.991154
-0.33333333333333326,0.296875,0.0,-0.990684
-0.33333333333333326,0.3020833333333333,0.0,-0.990188
-0.33333333333333326,0.30729166666666663,0.0,-0.989666
-0.33333333333333326,0.3125,0.0,-0.989117
-0.33333333333333326,0.3177083333333333,0.0,-0.988539
-0.33333333333333326,0.32291666666666663,0.0,-0.98793
-0.33333333333333326,0.328125,0.0,-0.987289
-0.33333333333333326,0.3333333333333333,0.0,-0.986614
-0.33333333333333326,0.33854166666666663,0.0,-0.985903
-0.33333333333333326,0.34375,0.0,-0.985155
-0.33333333333333326,0.3489583333333333,0.0,-0.984368
-0.33333333333333326,0.35416666666666663,0.0,-0.983539
-0.33333333333333326,0.359375,0.0,-0.982667
-0.33333333333333326,0.3645833333333333,0.0,-0.981749
-0.33333333333333326,0.36979166666666663,0.0,-0.980783
-0.33333333333333326,0.375,0.0,-0.979766
-0.33333333333333326,0.3802083333333333,0.0,-0.978696
-0.33333333333333326,0.38541666666666663,0.0,-0.97757
-0.33333333333333326,0.390625,0.0,-0.976385
-0.33333333333333326,0.3958333333333333,0.0,-0.975138
-0.33333333333333326,0.40104166666666663,0.0,-0.973827
-0.33333333333333326,0.40625,0.0,-0.972447
-0.33333333333333326,0.4114583333333333,0.0,-0.970996
-0.33333333333333326,0.41666666666666663,0.0,-0.969469
-0.33333333333333326,0.421875,0.0,-0.967863
-0.33333333333333326,0.4270833333333333,0.0,-0.966174
-0.33333333333333326,0.43229166666666663,0.0,-0.964398
-0.33333333333333326,0.4375,0.0,-0.962531
-0.33333333333333326,0.4427083333333333,0.0,-0.960567
-0.33333333333333326,0.44791666666666663,0.0,-0.958503
-0.33333333333333326,0.453125,0.0,-0.956333
-0.33333333333333326,0.4583333333333333,0.0,-0.954053
-0.33333333333333326,0.46354166666666663,0.0,-0.951656
-0.33333333333333326,0.46875,0.0,-0.949137
-0.33333333333333326,0.4739583333333333,0.0,-0.946491
-0.33333333333333326,0.47916666666666663,0.0,-0.943711
-0.33333333333333326,0.484375,0.0,-0.94079
-0.33333333333333326,0.4895833333333333,0.0,-0.937724
-0.33333333333333326,0.49479166666666663,0.0,-0.934503
-0.33333333333333326,0.5,0.0,-0.931122
-0.3541666666666665,0.0,0.0,-0.99961
-0.3541666666666665,0.005208333333333333,0.0,-0.999589
-0.3541666666666665,0.010416666666666666,0.0,-0.999567
-0.3541666666666665,0.015625,0.0,-0.999544
-0.3541666666666665,0.020833333333333332,0.0,-0.999519
-0.3541666666666665,0.026041666666666664,0.0,-0.999494
-0.3541666666666665,0.03125,0.0,-0.999467
-0.3541666666666665,0.03645833333333333,0.0,-0.999438
-0.3541666666666665,0.041666666666666664,0.0,-0.999408
-0.3541666666666665,0.046875,0.0,-0.999376
-0.3541666666666665,0.05208333333333333,0.0,-0.999343
-0.3541666666666665,0.057291666666666664,0.0,-0.999308
-0.3541666666666665,0.0625,0.0,-0.999271
-0.3541666666666665,0.06770833333333333,0.0,-0.999232
-0.3541666666666665,0.07291666666666666,0.0,-0.999191
-0.3541666666666665,0.078125,0.0,-0.999148
-0.3541666666666665,0.08333333333333333,0.0,-0.999102
-0.3541666666666665,0.08854166666666666,0.0,-0.999054
-0.3541666666666665,0.09375,0.0,-0.999004
-0.3541666666666665,0.09895833333333333,0.0,-0.99895
-0.3541666666666665,0.10416666666666666,0.0,-0.998894
-0.3541666666666665,0.109375,0.0,-0.998835
-0.3541666666666665,0.11458333333333333,0.0,-0.998773
-0.3541666666666665,0.11979166666666666,0.0,-0.998707
-0.3541666666666665,0.125,0.0,-0.998638
-0.3541666666666665,0.13020833333333331,0.0,-0.998565
-0.3541666666666665,0.13541666666666666,0.0,-0.998489
-0.3541666666666665,0.140625,0.0,-0.998408
-0.3541666666666665,0.14583333333333331,0.0,-0.998323
-0.3541666666666665,0.15104166666666666,0.0,-0.998233
-0.3541666666666665,0.15625,0.0,-0.998139
-0.3541666666666665,0.16145833333333331,0.0,-0.99804
-0.3541666666666665,0.16666666666666666,0.0,-0.997935
-0.3541666666666665,0.171875,0.0,-0.997825
-0.3541666666666665,0.17708333333333331,0.0,-0.997708
-0.3541666666666665,0.18229166666666666,0.0,-0.997586
-0.3541666666666665,0.1875,0.0,-0.997457
-0.3541666666666665,0.19270833333333331,0.0,-0.997321
-0.3541666666666665,0.19791666666666666,0.0,-0.997178
-0.3541666666666665,0.203125,0.0,-0.997028
-0.3541666666666665,0.20833333333333331,0.0,-0.996869
-0.3541666666666665,0.21354166666666666,0.0,-0.996702
-0.3541666666666665,0.21875,0.0,-0.996526
-0.3541666666666665,0.22395833333333331,0.0,-0.996341
-0.3541666666666665,0.22916666666666666,0.0,-0.996145
-0.3541666666666665,0.234375,0.0,-0.99594
-0.3541666666666665,0.23958333333333331,0.0,-0.995723
-0.3541666666666665,0.24479166666666666,0.0,-0.995495
-0.3541666666666665,0.25,0.0,-0.995255
-0.3541666666666665,0.2552083333333333,0.0,-0.995002
-0.3541666666666665,0.26041666666666663,0.0,-0.994735
-0.3541666666666665,0.265625,0.0,-0.994455
-0.3541666666666665,0.2708333333333333,0.0,-0.994159
-0.3541666666666665,0.27604166666666663,0.0,-0.993848
-0.3541666666666665,0.28125,0.0,-0.99352
-0.3541666666666665,0.2864583333333333,0.0,-0.993175
-0.3541666666666665,0.29166666666666663,0.0,-0.992812
-0.3541666666666665,0.296875,0.0,-0.992429
-0.3541666666666665,0.3020833333333333,0.0,-0.992026
-0.3541666666666665,0.30729166666666663,0.0,-0.991601
-0.3541666666666665,0.3125,0.0,-0.991154
-0.3541666666666665,0.3177083333333333,0.0,-0.990684
-0.3541666666666665,0.32291666666666663,0.0,-0.990188
-0.3541666666666665,0.328125,0.0,-0.989666
-0.3541666666666665,0.3333333333333333,0.0,-0.989117
-0.3541666666666665,0.33854166666666663,0.0,-0.988539
-0.3541666666666665,0.34375,0.0,-0.98793
-0.3541666666666665,0.3489583333333333,0.0,-0.987289
-0.3541666666666665,0.35416666666666663,0.0,-0.986614
-0.3541666666666665,0.359375,0.0,-0.985903
-0.3541666666666665,0.3645833333333333,0.0,-0.985155
-0.3541666666666665,0.36979166666666663,0.0,-0.984368
-0.3541666666666665,0.375,0.0,-0.983539
-0.3541666666666665,0.3802083333333333,0.0,-0.982667
-0.3541666666666665,0.38541666666666663,0.0,-0.981749
-0.3541666666666665,0.390625,0.0,-0.980783
-0.3541666666666665,0.3958333333333333,0.0,-0.979766
-0.3541666666666665,0.40104166666666663,0.0,-0.978696
-0.3541666666666665,0.40625,0.0,-0.97757
-0.3541666666666665,0.4114583333333333,0.0,-0.976385
-0.3541666666666665,0.41666666666666663,0.0,-0.975138
-0.3541666666666665,0.421875,0.0,-0.973827
-0.3541666666666665,0.4270833333333333,0.0,-0.972447
-0.3541666666666665,0.43229166666666663,0.0,-0.970996
-0.3541666666666665,0.4375,0.0,-0.969469
-0.3541666666666665,0.4427083333333333,0.0,-0.967863
-0.3541666666666665,0.44791666666666663,0.0,-0.966174
-0.3541666666666665,0.453125,0.0,-0.964398
-0.3541666666666665,0.4583333333333333,0.0,-0.962531
-0.3541666666666665,0.46354166666666663,0.0,-0.960567
-0.3541666666666665,0.46875,0.0,-0.958503
-0.3541666666666665,0.4739583333333333,0.0,-0.956333
-0.3541666666666665,0.47916666666666663,0.0,-0.954053
-0.3541666666666665,0.484375,0.0,-0.951656
-0.3541666666666665,0.4895833333333333,0.0,-0.949137
-0.3541666666666665,0.49479166666666663,0.0,-0.946491
-0.3541666666666665,0.5,0.0,-0.943711
-0.375,0.0,0.0,-0.999683
-0.375,0.005208333333333333,0.0,-0.999666
-0.375,0.010416666666666666,0.0,-0.999648
-0.375,0.015625,0.0,-0.99963
-0.375,0.020833333333333332,0.0,-0.99961
-0.375,0.026041666666666664,0.0,-0.999589
-0.375,0.03125,0.0,-0.999567
-0.375,0.03645833333333333,0.0,-0.999544
-0.375,0.041666666666666664,0.0,-0.999519
-0.375,0.046875,0.0,-0.999494
-0.375,0.05208333333333333,0.0,-0.999467
-0.375,0.057291666666666664,0.0,-0.999438
-0.375,0.0625,0.0,-0.999408
-0.375,0.06770833333333333,0.0,-0.999376
-0.375,0.07291666666666666,0.0,-0.999343
-0.375,0.078125,0.0,-0.999308
-0.375,0.08333333333333333,0.0,-0.999271
-0.375,0.08854166666666666,0.0,-0.999232
-0.375,0.09375,0.0,-0.999191
-0.375,0.09895833333333333,0.0,-0.999148
-0.375,0.10416666666666666,0.0,-0.999102
-0.375,0.109375,0.0,-0.999054
-0.375,0.11458333333333333,0.0,-0.999003
-0.375,0.11979166666666666,0.0,-0.99895
-0.375,0.125,0.0,-0.998894
-0.375,0.13020833333333331,0.0,-0.998835
-0.375,0.13541666666666666,0.0,-0.998773
-0.375,0.140625,0.0,-0.998707
-0.375,0.14583333333333331,0.0,-0.998638
-0.375,0.15104166666666666,0.0,-0.998565
-0.375,0.15625,0.0,-0.998489
-0.375,0.16145833333333331,0.0,-0.998408
-0.375,0.16666666666666666,0.0,-0.998323
-0.375,0.171875,0.0,-0.998233
-0.375,0.17708333333333331,0.0,-0.998139
-0.375,0.18229166666666666,0.0,-0.99804
-0.375,0.1875,0.0,-0.997935
-0.375,0.19270833333333331,0.0,-0.997825
-0.375,0.19791666666666666,0.0,-0.997708
-0.375,0.203125,0.0,-0.997586
-0.375,0.20833333333333331,0.0,-0.997457
-0.375,0.21354166666666666,0.0,-0.997321
-0.375,0.21875,0.0,-0.997178
-0.375,0.22395833333333331,0.0,-0.997028
-0.375,0.22916666666666666,0.0,-0.996869
-0.375,0.234375,0.0,-0.996702
-0.375,0.23958333333333331,0.0,-0.996526
-0.375,0.24479166666666666,0.0,-0.996341
-0.375,0.25,0.0,-0.996145
-0.375,0.2552083333333333,0.0,-0.99594
-0.375,0.26041666666666663,0.0,-0.995723
-0.375,0.265625,0.0,-0.995495
-0.375,0.2708333333333333,0.0,-0.995255
-0.375,0.27604166666666663,0.0,-0.995002
-0.375,0.28125,0.0,-0.994735
-0.375,0.2864583333333333,0.0,-0.994455
-0.375,0.29166666666666663,0.0,-0.994159
-0.375,0.296875,0.0,-0.993848
-0.375,0.3020833333333333,0.0,-0.99352
-0.375,0.30729166666666663,0.0,-0.993175
-0.375,0.3125,0.0,-0.992811
-0.375,0.3177083333333333,0.0,-0.992429
-0.375,0.32291666666666663,0.0,-0.992026
-0.375,0.328125,0.0,-0.991601
-0.375,0.3333333333333333,0.0,-0.991154
-0.375,0.33854166666666663,0.0,-0.990684
-0.375,0.34375,0.0,-0.990188
-0.375,0.3489583333333333,0.0,-0.989666
-0.375,0.35416666666666663,0.0,-0.989117
-0.375,0.359375,0.0,-0.988539
-0.375,0.3645833333333333,0.0,-0.98793
-0.375,0.36979166666666663,0.0,-0.987289
-0.375,0.375,0.0,-0.986614
-0.375,0.3802083333333333,0.0,-0.985903
-0.375,0.38541666666666663,0.0,-0.985155
-0.375,0.390625,0.0,-0.984368
-0.375,0.3958333333333333,0.0,-0.983539
-0.375,0.40104166666666663,0.0,-0.982667
-0.375,0.40625,0.0,-0.981749
-0.375,0.4114583333333333,0.0,-0.980783
-0.375,0.41666666666666663,0.0,-0.979766
-0.375,0.421875,0.0,-0.978696
-0.375,0.4270833333333333,0.0,-0.97757
-0.375,0.43229166666666663,0.0,-0.976385
-0.375,0.4375,0.0,-0.975138
-0.375,0.4427083333333333,0.0,-0.973827
-0.375,0.44791666666666663,0.0,-0.972447
-0.375,0.453125,0.0,-0.970996
-0.375,0.4583333333333333,0.0,-0.969469
-0.375,0.46354166666666663,0.0,-0.967863
-0.375,0.46875,0.0,-0.966174
-0.375,0.4739583333333333,0.0,-0.964398
-0.375,0.47916666666666663,0.0,-0.962531
-0.375,0.484375,0.0,-0.960567
-0.375,0.4895833333333333,0.0,-0.958503
-0.375,0.49479166666666663,0.0,-0.956333
-0.375,0.5,0.0,-0.954053
-0.39583333333333326,0.0,0.0,-0.999743
-0.39583333333333326,0.005208333333333333,0.0,-0.999729
-0.39583333333333326,0.010416666666666666,0.0,-0.999714
-0.39583333333333326,0.015625,0.0,-0.999699
-0.39583333333333326,0.020833333333333332,0.0,-0.999683
-0.39583333333333326,0.026041666666666664,0.0,-0.999666
-0.39583333333333326,0.03125,0.0,-0.999648
-0.39583333333333326,0.03645833333333333,0.0,-0.99963
-0.39583333333333326,0.041666666666666664,0.0,-0.99961
-0.39583333333333326,0.046875,0.0,-0.999589
-0.39583333333333326,0.05208333333333333,0.0,-0.999567
-0.39583333333333326,0.057291666666666664,0.0,-0.999544
-0.39583333333333326,0.0625,0.0,-0.999519
-0.39583333333333326,0.06770833333333333,0.0,-0.999494
-0.39583333333333326,0.07291666666666666,0.0,-0.999467
-0.39583333333333326,0.078125,0.0,-0.999438
-0.39583333333333326,0.08333333333333333,0.0,-0.999408
-0.39583333333333326,0.08854166666666666,0.0,-0.999376
-0.39583333333333326,0.09375,0.0,-0.999343
-0.39583333333333326,0.09895833333333333,0.0,-0.999308
-0.39583333333333326,0.10416666666666666,0.0,-0.999271
-0.39583333333333326,0.109375,0.0,-0.999232
-0.39583333333333326,0.11458333333333333,0.0,-0.999191
-0.39583333333333326,0.11979166666666666,0.0,-0.999148
-0.39583333333333326,0.125,0.0,-0.999102
-0.39583333333333326,0.13020833333333331,0.0,-0.999054
-0.39583333333333326,0.13541666666666666,0.0,-0.999003
-0.39583333333333326,0.140625,0.0,-0.99895
-0.39583333333333326,0.14583333333333331,0.0,-0.998894
-0.39583333333333326,0.15104166666666666,0.0,-0.998835
-0.39583333333333326,0.15625,0.0,-0.998773
-0.39583333333333326,0.16145833333333331,0.0,-0.998707
-0.39583333333333326,0.16666666666666666,0.0,-0.998638
-0.39583333333333326,0.171875,0.0,-0.998565
-0.39583333333333326,0.17708333333333331,0.0,-0.998489
-0.39583333333333326,0.18229166666666666,0.0,-0.998408
-0.39583333333333326,0.1875,0.0,-0.998323
-0.39583333333333326,0.19270833333333331,0.0,-0.998233
-0.39583333333333326,0.19791666666666666,0.0,-0.998139
-0.39583333333333326,0.203125,0.0,-0.998039
-0.39583333333333326,0.20833333333333331,0.0,-0.997935
-0.39583333333333326,0.21354166666666666,0.0,-0.997824
-0.39583333333333326,0.21875,0.0,-0.997708
-0.39583333333333326,0.22395833333333331,0.0,-0.997586
-0.39583333333333326,0.22916666666666666,0.0,-0.997457
-0.39583333333333326,0.234375,0.0,-0.997321
-0.39583333333333326,0.23958333333333331,0.0,-0.997178
-0.39583333333333326,0.24479166666666666,0.0,-0.997028
-0.39583333333333326,0.25,0.0,-0.996869
-0.39583333333333326,0.2552083333333333,0.0,-0.996702
-0.39583333333333326,0.26041666666666663,0.0,-0.996526
-0.39583333333333326,0.265625,0.0,-0.996341
-0.39583333333333326,0.2708333333333333,0.0,-0.996145
-0.39583333333333326,0.27604166666666663,0.0,-0.99594
-0.39583333333333326,0.28125,0.0,-0.995723
-0.39583333333333326,0.2864583333333333,0.0,-0.995495
-0.39583333333333326,0.29166666666666663,0.0,-0.995255
-0.39583333333333326,0.296875,0.0,-0.995002
-0.39583333333333326,0.3020833333333333,0.0,-0.994735
-0.39583333333333326,0.30729166666666663,0.0,-0.994455
-0.39583333333333326,0.3125,0.0,-0.994159
-0.39583333333333326,0.3177083333333333,0.0,-0.993848
-0.39583333333333326,0.32291666666666663,0.0,-0.99352
-0.39583333333333326,0.328125,0.0,-0.993175
-0.39583333333333326,0.3333333333333333,0.0,-0.992811
-0.39583333333333326,0.33854166666666663,0.0,-0.992429
-0.39583333333333326,0.34375,0.0,-0.992026
-0.39583333333333326,0.3489583333333333,0.0,-0.991601
-0.39583333333333326,0.35416666666666663,0.0,-0.991154
-0.39583333333333326,0.359375,0.0,-0.990684
-0.39583333333333326,0.3645833333333333,0.0,-0.990188
-0.39583333333333326,0.36979166666666663,0.0,-0.989666
-0.39583333333333326,0.375,0.0,-0.989117
-0.39583333333333326,0.3802083333333333,0.0,-0.988539
-0.39583333333333326,0.38541666666666663,0.0,-0.98793
-0.39583333333333326,0.390625,0.0,-0.987289
-0.39583333333333326,0.3958333333333333,0.0,-0.986614
-0.39583333333333326,0.40104166666666663,0.0,-0.985903
-0.39583333333333326,0.40625,0.0,-0.985155
-0.39583333333333326,0.4114583333333333,0.0,-0.984368
-0.39583333333333326,0.41666666666666663,0.0,-0.983539
-0.39583333333333326,0.421875,0.0,-0.982667
-0.39583333333333326,0.4270833333333333,0.0,-0.981749
-0.39583333333333326,0.43229166666666663,0.0,-0.980783
-0.39583333333333326,0.4375,0.0,-0.979766
-0.39583333333333326,0.4427083333333333,0.0,-0.978696
-0.39583333333333326,0.44791666666666663,0.0,-0.97757
-0.39583333333333326,0.453125,0.0,-0.976385
-0.39583333333333326,0.4583333333333333,0.0,-0.975139
-0.39583333333333326,0.46354166666666663,0.0,-0.973827
-0.39583333333333326,0.46875,0.0,-0.972447
-0.39583333333333326,0.4739583333333333,0.0,-0.970996
-0.39583333333333326,0.47916666666666663,0.0,-0.969469
-0.39583333333333326,0.484375,0.0,-0.967863
-0.39583333333333326,0.4895833333333333,0.0,-0.966174
-0.39583333333333326,0.49479166666666663,0.0,-0.964398
-0.39583333333333326,0.5,0.0,-0.962531
-0.4166666666666665,0.0,0.0,-0.999791
-0.4166666666666665,0.005208333333333333,0.0,-0.99978
-0.4166666666666665,0.010416666666666666,0.0,-0.999768
-0.4166666666666665,0.015625,0.0,-0.999756
-0.4166666666666665,0.020833333333333332,0.0,-0.999743
-0.4166666666666665,0.026041666666666664,0.0,-0.999729
-0.4166666666666665,0.03125,0.0,-0.999714
-0.4166666666666665,0.03645833333333333,0.0,-0.999699
-0.4166666666666665,0.041666666666666664,0.0,-0.999683
-0.4166666666666665,0.046875,0.0,-0.999666
-0.4166666666666665,0.05208333333333333,0.0,-0.999648
-0.4166666666666665,0.057291666666666664,0.0,-0.999629
-0.4166666666666665,0.0625,0.0,-0.99961
-0.4166666666666665,0.06770833333333333,0.0,-0.999589
-0.4166666666666665,0.07291666666666666,0.0,-0.999567
-0.4166666666666665,0.078125,0.0,-0.999544
-0.4166666666666665,0.08333333333333333,0.0,-0.999519
-0.4166666666666665,0.08854166666666666,0.0,-0.999494
-0.4166666666666665,0.09375,0.0,-0.999466
-0.4166666666666665,0.09895833333333333,0.0,-0.999438
-0.4166666666666665,0.10416666666666666,0.0,-0.999408
-0.4166666666666665,0.109375,0.0,-0.999376
-0.4166666666666665,0.11458333333333333,0.0,-0.999343
-0.4166666666666665,0.11979166666666666,0.0,-0.999308
-0.4166666666666665,0.125,0.0,-0.999271
-0.4166666666666665,0.13020833333333331,0.0,-0.999232
-0.4166666666666665,0.13541666666666666,0.0,-0.999191
-0.4166666666666665,0.140625,0.0,-0.999148
-0.4166666666666665,0.14583333333333331,0.0,-0.999102
-0.4166666666666665,0.15104166666666666,0.0,-0.999054
-0.4166666666666665,0.15625,0.0,-0.999003
-0.4166666666666665,0.16145833333333331,0.0,-0.99895
-0.4166666666666665,0.16666666666666666,0.0,-0.998894
-0.4166666666666665,0.171875,0.0,-0.998835
-0.4166666666666665,0.17708333333333331,0.0,-0.998773
-0.4166666666666665,0.18229166666666666,0.0,-0.998707
-0.4166666666666665,0.1875,0.0,-0.998638
-0.4166666666666665,0.19270833333333331,0.0,-0.998565
-0.4166666666666665,0.19791666666666666,0.0,-0.998489
-0.4166666666666665,0.203125,0.0,-0.998408
-0.4166666666666665,0.20833333333333331,0.0,-0.998323
-0.4166666666666665,0.21354166666666666,0.0,-0.998233
-0.4166666666666665,0.21875,0.0,-0.998139
-0.4166666666666665,0.22395833333333331,0.0,-0.998039
-0.4166666666666665,0.22916666666666666,0.0,-0.997935
-0.4166666666666665,0.234375,0.0,-0.997824
-0.4166666666666665,0.23958333333333331,0.0,-0.997708
-0.4166666666666665,0.24479166666666666,0.0,-0.997586
-0.4166666666666665,0.25,0.0,-0.997457
-0.4166666666666665,0.2552083333333333,0.0,-0.997321
-0.4166666666666665,0.26041666666666663,0.0,-0.997178
-0.4166666666666665,0.265625,0.0,-0.997028
-0.4166666666666665,0.2708333333333333,0.0,-0.996869
-0.4166666666666665,0.27604166666666663,0.0,-0.996702
-0.4166666666666665,0.28125,0.0,-0.996526
-0.4166666666666665,0.2864583333333333,0.0,-0.996341
-0.4166666666666665,0.29166666666666663,0.0,-0.996145
-0.4166666666666665,0.296875,0.0,-0.99594
-0.4166666666666665,0.3020833333333333,0.0,-0.995723
-0.4166666666666665,0.30729166666666663,0.0,-0.995495
-0.4166666666666665,0.3125,0.0,-0.995255
-0.4166666666666665,0.3177083333333333,0.0,-0.995002
-0.4166666666666665,0.32291666666666663,0.0,-0.994735
-0.4166666666666665,0.328125,0.0,-0.994455
-0.4166666666666665,0.3333333333333333,0.0,-0.994159
-0.4166666666666665,0.33854166666666663,0.0,-0.993848
-0.4166666666666665,0.34375,0.0,-0.99352
-0.4166666666666665,0.3489583333333333,0.0,-0.993175
-0.4166666666666665,0.35416666666666663,0.0,-0.992811
-0.4166666666666665,0.359375,0.0,-0.992429
-0.4166666666666665,0.3645833333333333,0.0,-0.992026
-0.4166666666666665,0.36979166666666663,0.0,-0.991601
-0.4166666666666665,0.375,0.0,-0.991154
-0.4166666666666665,0.3802083333333333,0.0,-0.990684
-0.4166666666666665,0.38541666666666663,0.0,-0.990188
-0.4166666666666665,0.390625,0.0,-0.989666
-0.4166666666666665,0.3958333333333333,0.0,-0.989117
-0.4166666666666665,0.40104166666666663,0.0,-0.988539
-0.4166666666666665,0.40625,0.0,-0.98793
-0.4166666666666665,0.4114583333333333,0.0,-0.987289
-0.4166666666666665,0.41666666666666663,0.0,-0.986614
-0.4166666666666665,0.421875,0.0,-0.985903
-0.4166666666666665,0.4270833333333333,0.0,-0.985155
-0.4166666666666665,0.43229166666666663,0.0,-0.984368
-0.4166666666666665,0.4375,0.0,-0.983539
-0.4166666666666665,0.4427083333333333,0.0,-0.982667
-0.4166666666666665,0.44791666666666663,0.0,-0.981749
-0.4166666666666665,0.453125,0.0,-0.980783
-0.4166666666666665,0.4583333333333333,0.0,-0.979766
-0.4166666666666665,0.46354166666666663,0.0,-0.978696
-0.4166666666666665,0.46875,0.0,-0.97757
-0.4166666666666665,0.4739583333333333,0.0,-0.976385
-0.4166666666666665,0.47916666666666663,0.0,-0.975139
-0.4166666666666665,0.484375,0.0,-0.973827
-0.4166666666666665,0.4895833333333333,0.0,-0.972447
-0.4166666666666665,0.49479166666666663,0.0,-0.970996
-0.4166666666666665,0.5,0.0,-0.969469
-0.4375,0.0,0.0,-0.99983
-0.4375,0.005208333333333333,0.0,-0.999821
-0.4375,0.010416666666666666,0.0,-0.999812
-0.4375,0.015625,0.0,-0.999802
-0.4375,0.020833333333333332,0.0,-0.999791
-0.4375,0.026041666666666664,0.0,-0.99978
-0.4375,0.03125,0.0,-0.999768
-0.4375,0.03645833333333333,0.0,-0.999756
-0.4375,0.041666666666666664,0.0,-0.999743
-0.4375,0.046875,0.0,-0.999729
-0.4375,0.05208333333333333,0.0,-0.999714
-0.4375,0.057291666666666664,0.0,-0.999699
-0.4375,0.0625,0.0,-0.999683
-0.4375,0.06770833333333333,0.0,-0.999666
-0.4375,0.07291666666666666,0.0,-0.999648
-0.4375,0.078125,0.0,-0.999629
-0.4375,0.08333333333333333,0.0,-0.99961
-0.4375,0.08854166666666666,0.0,-0.999589
-0.4375,0.09375,0.0,-0.999567
-0.4375,0.09895833333333333,0.0,-0.999544
-0.4375,0.10416666666666666,0.0,-0.999519
-0.4375,0.109375,0.0,-0.999494
-0.4375,0.11458333333333333,0.0,-0.999466
-0.4375,0.11979166666666666,0.0,-0.999438
-0.4375,0.125,0.0,-0.999408
-0.4375,0.13020833333333331,0.0,-0.999376
-0.4375,0.13541666666666666,0.0,-0.999343
-0.4375,0.140625,0.0,-0.999308
-0.4375,0.14583333333333331,0.0,-0.999271
-0.4375,0.15104166666666666,0.0,-0.999232
-0.4375,0.15625,0.0,-0.999191
-0.4375,0.16145833333333331,0.0,-0.999147
-0.4375,0.16666666666666666,0.0,-0.999102
-0.4375,0.171875,0.0,-0.999054
-0.4375,0.17708333333333331,0.0,-0.999003
-0.4375,0.18229166666666666,0.0,-0.99895
-0.4375,0.1875,0.0,-0.998894
-0.4375,0.19270833333333331,0.0,-0.998835
-0.4375,0.19791666666666666,0.0,-0.998773
-0.4375,0.203125,0.0,-0.998707
-0.4375,0.20833333333333331,0.0,-0.998638
-0.4375,0.21354166666666666,0.0,-0.998565
-0.4375,0.21875,0.0,-0.998489
-0.4375,0.22395833333333331,0.0,-0.998408
-0.4375,0.22916666666666666,0.0,-0.998323
-0.4375,0.234375,0.0,-0.998233
-0.4375,0.23958333333333331,0.0,-0.998139
-0.4375,0.24479166666666666,0.0,-0.998039
-0.4375,0.25,0.0,-0.997935
-0.4375,0.2552083333333333,0.0,-0.997824
-0.4375,0.26041666666666663,0.0,-0.997708
-0.4375,0.265625,0.0,-0.997586
-0.4375,0.2708333333333333,0.0,-0.997457
-0.4375,0.27604166666666663,0.0,-0.997321
-0.4375,0.28125,0.0,-0.997178
-0.4375,0.2864583333333333,0.0,-0.997028
-0.4375,0.29166666666666663,0.0,-0.996869
-0.4375,0.296875,0.0,-0.996702
-0.4375,0.3020833333333333,0.0,-0.996526
-0.4375,0.30729166666666663,0.0,-0.996341
-0.4375,0.3125,0.0,-0.996145
-0.4375,0.3177083333333333,0.0,-0.99594
-0.4375,0.32291666666666663,0.0,-0.995723
-0.4375,0.328125,0.0,-0.995495
-0.4375,0.3333333333333333,0.0,-0.995255
-0.4375,0.33854166666666663,0.0,-0.995002
-0.4375,0.34375,0.0,-0.994735
-0.4375,0.3489583333333333,0.0,-0.994455
-0.4375,0.35416666666666663,0.0,-0.994159
-0.4375,0.359375,0.0,-0.993848
-0.4375,0.3645833333333333,0.0,-0.99352
-0.4375,0.36979166666666663,0.0,-0.993175
-0.4375,0.375,0.0,-0.992811
-0.4375,0.3802083333333333,0.0,-0.992429
-0.4375,0.38541666666666663,0.0,-0.992026
-0.4375,0.390625,0.0,-0.991601
-0.4375,0.3958333333333333,0.0,-0.991154
-0.4375,0.40104166666666663,0.0,-0.990684
-0.4375,0.40625,0.0,-0.990188
-0.4375,0.4114583333333333,0.0,-0.989666
-0.4375,0.41666666666666663,0.0,-0.989117
-0.4375,0.421875,0.0,-0.988539
-0.4375,0.4270833333333333,0.0,-0.98793
-0.4375,0.43229166666666663,0.0,-0.987289
-0.4375,0.4375,0.0,-0.986614
-0.4375,0.4427083333333333,0.0,-0.985903
-0.4375,0.44791666666666663,0.0,-0.985155
-0.4375,0.453125,0.0,-0.984368
-0.4375,0.4583333333333333,0.0,-0.983539
-0.4375,0.46354166666666663,0.0,-0.982667
-0.4375,0.46875,0.0,-0.981749
-0.4375,0.4739583333333333,0.0,-0.980783
-0.4375,0.47916666666666663,0.0,-0.979766
-0.4375,0.484375,0.0,-0.978696
-0.4375,0.4895833333333333,0.0,-0.97757
-0.4375,0.49479166666666663,0.0,-0.976385
-0.4375,0.5,0.0,-0.975139
-0.45833333333333326,0.0,0.0,-0.999862
-0.45833333333333326,0.005208333333333333,0.0,-0.999855
-0.45833333333333326,0.010416666666666666,0.0,-0.999847
-0.45833333333333326,0.015625,0.0,-0.999839
-0.45833333333333326,0.020833333333333332,0.0,-0.99983
-0.45833333333333326,0.026041666666666664,0.0,-0.999821
-0.45833333333333326,0.03125,0.0,-0.999812
-0.45833333333333326,0.03645833333333333,0.0,-0.999802
-0.45833333333333326,0.041666666666666664,0.0,-0.999791
-0.45833333333333326,0.046875,0.0,-0.99978
-0.45833333333333326,0.05208333333333333,0.0,-0.999768
-0.45833333333333326,0.057291666666666664,0.0,-0.999756
-0.45833333333333326,0.0625,0.0,-0.999743
-0.45833333333333326,0.06770833333333333,0.0,-0.999729
-0.45833333333333326,0.07291666666666666,0.0,-0.999714
-0.45833333333333326,0.078125,0.0,-0.999699
-0.45833333333333326,0.08333333333333333,0.0,-0.999683
-0.45833333333333326,0.08854166666666666,0.0,-0.999666
-0.45833333333333326,0.09375,0.0,-0.999648
-0.45833333333333326,0.09895833333333333,0.0,-0.999629
-0.45833333333333326,0.10416666666666666,0.0,-0.99961
-0.45833333333333326,0.109375,0.0,-0.999589
-0.45833333333333326,0.11458333333333333,0.0,-0.999567
-0.45833333333333326,0.11979166666666666,0.0,-0.999544
-0.45833333333333326,0.125,0.0,-0.999519
-0.45833333333333326,0.13020833333333331,0.0,-0.999494
-0.45833333333333326,0.13541666666666666,0.0,-0.999466
-0.45833333333333326,0.140625,0.0,-0.999438
-0.45833333333333326,0.14583333333333331,0.0,-0.999408
-0.45833333333333326,0.15104166666666666,0.0,-0.999376
-0.45833333333333326,0.15625,0.0,-0.999343
-0.45833333333333326,0.16145833333333331,0.0,-0.999308
-0.45833333333333326,0.16666666666666666,0.0,-0.999271
-0.45833333333333326,0.171875,0.0,-0.999232
-0.45833333333333326,0.17708333333333331,0.0,-0.999191
-0.45833333333333326,0.18229166666666666,0.0,-0.999147
-0.45833333333333326,0.1875,0.0,-0.999102
-0.45833333333333326,0.19270833333333331,0.0,-0.999054
-0.45833333333333326,0.19791666666666666,0.0,-0.999003
-0.45833333333333326,0.203125,0.0,-0.99895
-0.45833333333333326,0.20833333333333331,0.0,-0.998894
-0.45833333333333326,0.21354166666666666,0.0,-0.998835
-0.45833333333333326,0.21875,0.0,-0.998773
-0.45833333333333326,0.22395833333333331,0.0,-0.998707
-0.45833333333333326,0.22916666666666666,0.0,-0.998638
-0.45833333333333326,0.234375,0.0,-0.998565
-0.45833333333333326,0.23958333333333331,0.0,-0.998489
-0.45833333333333326,0.24479166666666666,0.0,-0.998408
-0.45833333333333326,0.25,0.0,-0.998323
-0.45833333333333326,0.2552083333333333,0.0,-0.998233
-0.45833333333333326,0.26041666666666663,0.0,-0.998139
-0.45833333333333326,0.265625,0.0,-0.998039
-0.45833333333333326,0.2708333333333333,0.0,-0.997935
-0.45833333333333326,0.27604166666666663,0.0,-0.997824
-0.45833333333333326,0.28125,0.0,-0.997708
-0.45833333333333326,0.2864583333333333,0.0,-0.997586
-0.45833333333333326,0.29166666666666663,0.0,-0.997457
-0.45833333333333326,0.296875,0.0,-0.997321
-0.45833333333333326,0.3020833333333333,0.0,-0.997178
-0.45833333333333326,0.30729166666666663,0.0,-0.997028
-0.45833333333333326,0.3125,0.0,-0.996869
-0.45833333333333326,0.3177083333333333,0.0,-0.996702
-0.45833333333333326,0.32291666666666663,0.0,-0.996526
-0.45833333333333326,0.328125,0.0,-0.996341
-0.45833333333333326,0.3333333333333333,0.0,-0.996145
-0.45833333333333326,0.33854166666666663,0.0,-0.99594
-0.45833333333333326,0.34375,0.0,-0.995723
-0.45833333333333326,0.3489583333333333,0.0,-0.995495
-0.45833333333333326,0.35416666666666663,0.0,-0.995255
-0.45833333333333326,0.359375,0.0,-0.995002
-0.45833333333333326,0.3645833333333333,0.0,-0.994735
-0.45833333333333326,0.36979166666666663,0.0,-0.994455
-0.45833333333333326,0.375,0.0,-0.994159
-0.45833333333333326,0.3802083333333333,0.0,-0.993848
-0.45833333333333326,0.38541666666666663,0.0,-0.99352
-0.45833333333333326,0.390625,0.0,-0.993175
-0.45833333333333326,0.3958333333333333,0.0,-0.992811
-0.45833333333333326,0.40104166666666663,0.0,-0.992429
-0.45833333333333326,0.40625,0.0,-0.992026
-0.45833333333333326,0.4114583333333333,0.0,-0.991601
-0.45833333333333326,0.41666666666666663,0.0,-0.991154
-0.45833333333333326,0.421875,0.0,-0.990684
-0.45833333333333326,0.4270833333333333,0.0,-0.990188
-0.45833333333333326,0.43229166666666663,0.0,-0.989666
-0.45833333333333326,0.4375,0.0,-0.989117
-0.45833333333333326,0.4427083333333333,0.0,-0.988539
-0.45833333333333326,0.44791666666666663,0.0,-0.98793
-0.45833333333333326,0.453125,0.0,-0.987289
-0.45833333333333326,0.4583333333333333,0.0,-0.986614
-0.45833333333333326,0.46354166666666663,0.0,-0.985903
-0.45833333333333326,0.46875,0.0,-0.985155
-0.45833333333333326,0.4739583333333333,0.0,-0.984368
-0.45833333333333326,0.47916666666666663,0.0,-0.983539
-0.45833333333333326,0.484375,0.0,-0.982667
-0.45833333333333326,0.4895833333333333,0.0,-0.981749
-0.45833333333333326,0.49479166666666663,0.0,-0.980783
-0.45833333333333326,0.5,0.0,-0.979766
-0.4791666666666665,0.0,0.0,-0.999888
-0.4791666666666665,0.005208333333333333,0.0,-0.999882
-0.4791666666666665,0.010416666666666666,0.0,-0.999876
-0.4791666666666665,0.015625,0.0,-0.999869
-0.4791666666666665,0.020833333333333332,0.0,-0.999862
-0.4791666666666665,0.026041666666666664,0.0,-0.999855
-0.4791666666666665,0.03125,0.0,-0.999847
-0.4791666666666665,0.03645833333333333,0.0,-0.999839
-0.4791666666666665,0.041666666666666664,0.0,-0.99983
-0.4791666666666665,0.046875,0.0,-0.999821
-0.4791666666666665,0.05208333333333333,0.0,-0.999812
-0.4791666666666665,0.057291666666666664,0.0,-0.999802
-0.4791666666666665,0.0625,0.0,-0.999791
-0.4791666666666665,0.06770833333333333,0.0,-0.99978
-0.4791666666666665,0.07291666666666666,0.0,-0.999768
-0.4791666666666665,0.078125,0.0,-0.999756
-0.4791666666666665,0.08333333333333333,0.0,-0.999743
-0.4791666666666665,0.08854166666666666,0.0,-0.999729
-0.4791666666666665,0.09375,0.0,-0.999714
-0.4791666666666665,0.09895833333333333,0.0,-0.999699
-0.4791666666666665,0.10416666666666666,0.0,-0.999683
-0.4791666666666665,0.109375,0.0,-0.999666
-0.4791666666666665,0.11458333333333333,0.0,-0.999648
-0.4791666666666665,0.11979166666666666,0.0,-0.999629
-0.4791666666666665,0.125,0.0,-0.99961
-0.4791666666666665,0.13020833333333331,0.0,-0.999589
-0.4791666666666665,0.13541666666666666,0.0,-0.999567
-0.4791666666666665,0.140625,0.0,-0.999544
-0.4791666666666665,0.14583333333333331,0.0,-0.999519
-0.4791666666666665,0.15104166666666666,0.0,-0.999493
-0.4791666666666665,0.15625,0.0,-0.999466
-0.4791666666666665,0.16145833333333331,0.0,-0.999438
-0.4791666666666665,0.16666666666666666,0.0,-0.999408
-0.4791666666666665,0.171875,0.0,-0.999376
-0.4791666666666665,0.17708333333333331,0.0,-0.999343
-0.4791666666666665,0.18229166666666666,0.0,-0.999308
-0.4791666666666665,0.1875,0.0,-0.999271
-0.4791666666666665,0.19270833333333331,0.0,-0.999232
-0.4791666666666665,0.19791666666666666,0.0,-0.999191
-0.4791666666666665,0.203125,0.0,-0.999147
-0.4791666666666665,0.20833333333333331,0.0,-0.999102
-0.4791666666666665,0.21354166666666666,0.0,-0.999054
-0.4791666666666665,0.21875,0.0,-0.999003
-0.4791666666666665,0.22395833333333331,0.0,-0.99895
-0.4791666666666665,0.22916666666666666,0.0,-0.998894
-0.4791666666666665,0.234375,0.0,-0.998835
-0.4791666666666665,0.23958333333333331,0.0,-0.998773
-0.4791666666666665,0.24479166666666666,0.0,-0.998707
-0.4791666666666665,0.25,0.0,-0.998638
-0.4791666666666665,0.2552083333333333,0.0,-0.998565
-0.4791666666666665,0.26041666666666663,0.0,-0.998489
-0.4791666666666665,0.265625,0.0,-0.998408
-0.4791666666666665,0.2708333333333333,0.0,-0.998323
-0.4791666666666665,0.27604166666666663,0.0,-0.998233
-0.4791666666666665,0.28125,0.0,-0.998139
-0.4791666666666665,0.2864583333333333,0.0,-0.998039
-0.4791666666666665,0.29166666666666663,0.0,-0.997935
-0.4791666666666665,0.296875,0.0,-0.997824
-0.4791666666666665,0.3020833333333333,0.0,-0.997708
-0.4791666666666665,0.30729166666666663,0.0,-0.997586
-0.4791666666666665,0.3125,0.0,-0.997457
-0.4791666666666665,0.3177083333333333,0.0,-0.997321
-0.4791666666666665,0.32291666666666663,0.0,-0.997178
-0.4791666666666665,0.328125,0.0,-0.997028
-0.4791666666666665,0.3333333333333333,0.0,-0.996869
-0.4791666666666665,0.33854166666666663,0.0,-0.996702
-0.4791666666666665,0.34375,0.0,-0.996526
-0.4791666666666665,0.3489583333333333,0.0,-0.996341
-0.4791666666666665,0.35416666666666663,0.0,-0.996145
-0.4791666666666665,0.359375,0.0,-0.99594
-0.4791666666666665,0.3645833333333333,0.0,-0.995723
-0.4791666666666665,0.36979166666666663,0.0,-0.995495
-0.4791666666666665,0.375,0.0,-0.995255
-0.4791666666666665,0.3802083333333333,0.0,-0.995002
-0.4791666666666665,0.38541666666666663,0.0,-0.994735
-0.4791666666666665,0.390625,0.0,-0.994455
-0.4791666666666665,0.3958333333333333,0.0,-0.994159
-0.4791666666666665,0.40104166666666663,0.0,-0.993848
-0.4791666666666665,0.40625,0.0,-0.99352
-0.4791666666666665,0.4114583333333333,0.0,-0.993175
-0.4791666666666665,0.41666666666666663,0.0,-0.992811
-0.4791666666666665,0.421875,0.0,-0.992429
-0.4791666666666665,0.4270833333333333,0.0,-0.992026
-0.4791666666666665,0.43229166666666663,0.0,-0.991601
-0.4791666666666665,0.4375,0.0,-0.991154
-0.4791666666666665,0.4427083333333333,0.0,-0.990684
-0.4791666666666665,0.44791666666666663,0.0,-0.990188
-0.4791666666666665,0.453125,0.0,-0.989666
-0.4791666666666665,0.4583333333333333,0.0,-0.989117
-0.4791666666666665,0.46354166666666663,0.0,-0.988539
-0.4791666666666665,0.46875,0.0,-0.98793
-0.4791666666666665,0.4739583333333333,0.0,-0.987289
-0.4791666666666665,0.47916666666666663,0.0,-0.986614
-0.4791666666666665,0.484375,0.0,-0.985903
-0.4791666666666665,0.4895833333333333,0.0,-0.985155
-0.4791666666666665,0.49479166666666663,0.0,-0.984368
-0.4791666666666665,0.5,0.0,-0.983539
-0.5,0.0,0.0,-0.999909
-0.5,0.005208333333333333,0.0,-0.999904
-0.5,0.010416666666666666,0.0,-0.999899
-0.5,0.015625,0.0,-0.999894
-0.5,0.020833333333333332,0.0,-0.999888
-0.5,0.026041666666666664,0.0,-0.999882
-0.5,0.03125,0.0,-0.999876
-0.5,0.03645833333333333,0.0,-0.999869
-0.5,0.041666666666666664,0.0,-0.999862
-0.5,0.046875,0.0,-0.999855
-0.5,0.05208333333333333,0.0,-0.999847
-0.5,0.057291666666666664,0.0,-0.999839
-0.5,0.0625,0.0,-0.99983
-0.5,0.06770833333333333,0.0,-0.999821
-0.5,0.07291666666666666,0.0,-0.999812
-0.5,0.078125,0.0,-0.999802
-0.5,0.08333333333333333,0.0,-0.999791
-0.5,0.08854166666666666,0.0,-0.99978
-0.5,0.09375,0.0,-0.999768
-0.5,0.09895833333333333,0.0,-0.999756
-0.5,0.10416666666666666,0.0,-0.999743
-0.5,0.109375,0.0,-0.999729
-0.5,0.11458333333333333,0.0,-0.999714
-0.5,0.11979166666666666,0.0,-0.999699
-0.5,0.125,0.0,-0.999683
-0.5,0.13020833333333331,0.0,-0.999666
-0.5,0.13541666666666666,0.0,-0.999648
-0.5,0.140625,0.0,-0.999629
-0.5,0.14583333333333331,0.0,-0.99961
-0.5,0.15104166666666666,0.0,-0.999589
-0.5,0.15625,0.0,-0.999567
-0.5,0.16145833333333331,0.0,-0.999544
-0.5,0.16666666666666666,0.0,-0.999519
-0.5,0.171875,0.0,-0.999493
-0.5,0.17708333333333331,0.0,-0.999466
-0.5,0.18229166666666666,0.0,-0.999438
-0.5,0.1875,0.0,-0.999408
-0.5,0.19270833333333331,0.0,-0.999376
-0.5,0.19791666666666666,0.0,-0.999343
-0.5,0.203125,0.0,-0.999308
-0.5,0.20833333333333331,0.0,-0.999271
-0.5,0.21354166666666666,0.0,-0.999232
-0.5,0.21875,0.0,-0.999191
-0.5,0.22395833333333331,0.0,-0.999147
-0.5,0.22916666666666666,0.0,-0.999102
-0.5,0.234375,0.0,-0.999054
-0.5,0.23958333333333331,0.0,-0.999003
-0.5,0.24479166666666666,0.0,-0.99895
-0.5,0.25,0.0,-0.998894
-0.5,0.2552083333333333,0.0,-0.998835
-0.5,0.26041666666666663,0.0,-0.998773
-0.5,0.265625,0.0,-0.998707
-0.5,0.2708333333333333,0.0,-0.998638
-0.5,0.27604166666666663,0.0,-0.998565
-0.5,0.28125,0.0,-0.998488
-0.5,0.2864583333333333,0.0,-0.998408
-0.5,0.29166666666666663,0.0,-0.998323
-0.5,0.296875,0.0,-0.998233
-0.5,0.3020833333333333,0.0,-0.998139
-0.5,0.30729166666666663,0.0,-0.998039
-0.5,0.3125,0.0,-0.997935
-0.5,0.3177083333333333,0.0,-0.997824
-0.5,0.32291666666666663,0.0,-0.997708
-0.5,0.328125,0.0,-0.997586
-0.5,0.3333333333333333,0.0,-0.997457
-0.5,0.33854166666666663,0.0,-0.997321
-0.5,0.34375,0.0,-0.997178
-0.5,0.3489583333333333,0.0,-0.997028
-0.5,0.35416666666666663,0.0,-0.996869
-0.5,0.359375,0.0,-0.996702
-0.5,0.3645833333333333,0.0,-0.996526
-0.5,0.36979166666666663,0.0,-0.996341
-0.5,0.375,0.0,-0.996145
-0.5,0.3802083333333333,0.0,-0.99594
-0.5,0.38541666666666663,0.0,-0.995723
-0.5,0.390625,0.0,-0.995495
-0.5,0.3958333333333333,0.0,-0.995255
-0.5,0.40104166666666663,0.0,-0.995002
-0.5,0.40625,0.0,-0.994735
-0.5,0.4114583333333333,0.0,-0.994455
-0.5,0.41666666666666663,0.0,-0.994159
-0.5,0.421875,0.0,-0.993848
-0.5,0.4270833333333333,0.0,-0.99352
-0.5,0.43229166666666663,0.0,-0.993175
-0.5,0.4375,0.0,-0.992811
-0.5,0.4427083333333333,0.0,-0.992429
-0.5,0.44791666666666663,0.0,-0.992026
-0.5,0.453125,0.0,-0.991601
-0.5,0.4583333333333333,0.0,-0.991154
-0.5,0.46354166666666663,0.0,-0.990684
-0.5,0.46875,0.0,-0.990188
-0.5,0.4739583333333333,0.0,-0.989666
-0.5,0.47916666666666663,0.0,-0.989117
-0.5,0.484375,0.0,-0.988539
-0.5,0.4895833333333333,0.0,-0.98793
-0.5,0.49479166666666663,0.0,-0.987289
-0.5,0.5,0.0,-0.986614
-0.5208333333333333,0.0,0.0,-0.999926
-0.5208333333333333,0.005208333333333333,0.0,-0.999922
-0.5208333333333333,0.010416666666666666,0.0,-0.999918
-0.5208333333333333,0.015625,0.0,-0.999914
-0.5208333333333333,0.020833333333333332,0.0,-0.999909
-0.5208333333333333,0.026041666666666664,0.0,-0.999904
-0.5208333333333333,0.03125,0.0,-0.999899
-0.5208333333333333,0.03645833333333333,0.0,-0.999894
-0.5208333333333333,0.041666666666666664,0.0,-0.999888
-0.5208333333333333,0.046875,0.0,-0.999882
-0.5208333333333333,0.05208333333333333,0.0,-0.999876
-0.5208333333333333,0.057291666666666664,0.0,-0.999869
-0.5208333333333333,0.0625,0.0,-0.999862
-0.5208333333333333,0.06770833333333333,0.0,-0.999855
-0.5208333333333333,0.07291666666666666,0.0,-0.999847
-0.5208333333333333,0.078125,0.0,-0.999839
-0.5208333333333333,0.08333333333333333,0.0,-0.99983
-0.5208333333333333,0.08854166666666666,0.0,-0.999821
-0.5208333333333333,0.09375,0.0,-0.999812
-0.5208333333333333,0.09895833333333333,0.0,-0.999802
-0.5208333333333333,0.10416666666666666,0.0,-0.999791
-0.5208333333333333,0.109375,0.0,-0.99978
-0.5208333333333333,0.11458333333333333,0.0,-0.999768
-0.5208333333333333,0.11979166666666666,0.0,-0.999756
-0.5208333333333333,0.125,0.0,-0.999743
-0.5208333333333333,0.13020833333333331,0.0,-0.999729
-0.5208333333333333,0.13541666666666666,0.0,-0.999714
-0.5208333333333333,0.140625,0.0,-0.999699
-0.5208333333333333,0.14583333333333331,0.0,-0.999683
-0.5208333333333333,0.15104166666666666,0.0,-0.999666
-0.5208333333333333,0.15625,0.0,-0.999648
-0.5208333333333333,0.16145833333333331,0.0,-0.999629
-0.5208333333333333,0.16666666666666666,0.0,-0.99961
-0.5208333333333333,0.171875,0.0,-0.999589
-0.5208333333333333,0.17708333333333331,0.0,-0.999567
-0.5208333333333333,0.18229166666666666,0.0,-0.999544
-0.5208333333333333,0.1875,0.0,-0.999519
-0.5208333333333333,0.19270833333333331,0.0,-0.999493
-0.5208333333333333,0.19791666666666666,0.0,-0.999466
-0.5208333333333333,0.203125,0.0,-0.999438
-0.5208333333333333,0.20833333333333331,0.0,-0.999408
-0.5208333333333333,0.21354166666666666,0.0,-0.999376
-0.5208333333333333,0.21875,0.0,-0.999343
-0.5208333333333333,0.22395833333333331,0.0,-0.999308
-0.5208333333333333,0.22916666666666666,0.0,-0.999271
-0.5208333333333333,0.234375,0.0,-0.999232
-0.5208333333333333,0.23958333333333331,0.0,-0.999191
-0.5208333333333333,0.24479166666666666,0.0,-0.999147
-0.5208333333333333,0.25,0.0,-0.999102
-0.5208333333333333,0.2552083333333333,0.0,-0.999054
-0.5208333333333333,0.26041666666666663,0.0,-0.999003
-0.5208333333333333,0.265625,0.0,-0.99895
-0.5208333333333333,0.2708333333333333,0.0,-0.998894
-0.5208333333333333,0.27604166666666663,0.0,-0.998835
-0.5208333333333333,0.28125,0.0,-0.998773
-0.5208333333333333,0.2864583333333333,0.0,-0.998707
-0.5208333333333333,0.29166666666666663,0.0,-0.998638
-0.5208333333333333,0.296875,0.0,-0.998565
-0.5208333333333333,0.3020833333333333,0.0,-0.998488
-0.5208333333333333,0.30729166666666663,0.0,-0.998408
-0.5208333333333333,0.3125,0.0,-0.998323
-0.5208333333333333,0.3177083333333333,0.0,-0.998233
-0.5208333333333333,0.32291666666666663,0.0,-0.998139
-0.5208333333333333,0.328125,0.0,-0.998039
-0.5208333333333333,0.3333333333333333,0.0,-0.997935
-0.5208333333333333,0.33854166666666663,0.0,-0.997824
-0.5208333333333333,0.34375,0.0,-0.997708
-0.5208333333333333,0.3489583333333333,0.0,-0.997586
-0.5208333333333333,0.35416666666666663,0.0,-0.997457
-0.5208333333333333,0.359375,0.0,-0.997321
-0.5208333333333333,0.3645833333333333,0.0,-0.997178
-0.5208333333333333,0.36979166666666663,0.0,-0.997028
-0.5208333333333333,0.375,0.0,-0.996869
-0.5208333333333333,0.3802083333333333,0.0,-0.996702
-0.5208333333333333,0.38541666666666663,0.0,-0.996526
-0.5208333333333333,0.390625,0.0,-0.996341
-0.5208333333333333,0.3958333333333333,0.0,-0.996145
-0.5208333333333333,0.40104166666666663,0.0,-0.99594
-0.5208333333333333,0.40625,0.0,-0.995723
-0.5208333333333333,0.4114583333333333,0.0,-0.995495
-0.5208333333333333,0.41666666666666663,0.0,-0.995255
-0.5208333333333333,0.421875,0.0,-0.995002
-0.5208333333333333,0.4270833333333333,0.0,-0.994735
-0.5208333333333333,0.43229166666666663,0.0,-0.994455
-0.5208333333333333,0.4375,0.0,-0.994159
-0.5208333333333333,0.4427083333333333,0.0,-0.993848
-0.5208333333333333,0.44791666666666663,0.0,-0.99352
-0.5208333333333333,0.453125,0.0,-0.993175
-0.5208333333333333,0.4583333333333333,0.0,-0.992811
-0.5208333333333333,0.46354166666666663,0.0,-0.992429
-0.5208333333333333,0.46875,0.0,-0.992026
-0.5208333333333333,0.4739583333333333,0.0,-0.991601
-0.5208333333333333,0.47916666666666663,0.0,-0.991154
-0.5208333333333333,0.484375,0.0,-0.990684
-0.5208333333333333,0.4895833333333333,0.0,-0.990188
-0.5208333333333333,0.49479166666666663,0.0,-0.989666
-0.5208333333333333,0.5,0.0,-0.989117
-0.5416666666666665,0.0,0.0,-0.99994
-0.5416666666666665,0.005208333333333333,0.0,-0.999937
-0.5416666666666665,0.010416666666666666,0.0,-0.999934
-0.5416666666666665,0.015625,0.0,-0.99993
-0.5416666666666665,0.020833333333333332,0.0,-0.999926
-0.5416666666666665,0.026041666666666664,0.0,-0.999922
-0.5416666666666665,0.03125,0.0,-0.999918
-0.5416666666666665,0.03645833333333333,0.0,-0.999914
-0.5416666666666665,0.041666666666666664,0.0,-0.999909
-0.5416666666666665,0.046875,0.0,-0.999904
-0.5416666666666665,0.05208333333333333,0.0,-0.999899
-0.5416666666666665,0.057291666666666664,0.0,-0.999894
-0.5416666666666665,0.0625,0.0,-0.999888
-0.5416666666666665,0.06770833333333333,0.0,-0.999882
-0.5416666666666665,0.07291666666666666,0.0,-0.999876
-0.5416666666666665,0.078125,0.0,-0.999869
-0.5416666666666665,0.08333333333333333,0.0,-0.999862
-0.5416666666666665,0.08854166666666666,0.0,-0.999855
-0.5416666666666665,0.09375,0.0,-0.999847
-0.5416666666666665,0.09895833333333333,0.0,-0.999839
-0.5416666666666665,0.10416666666666666,0.0,-0.99983
-0.5416666666666665,0.109375,0.0,-0.999821
-0.5416666666666665,0.11458333333333333,0.0,-0.999812
-0.5416666666666665,0.11979166666666666,0.0,-0.999802
-0.5416666666666665,0.125,0.0,-0.999791
-0.5416666666666665,0.13020833333333331,0.0,-0.99978
-0.5416666666666665,0.13541666666666666,0.0,-0.999768
-0.5416666666666665,0.140625,0.0,-0.999756
-0.5416666666666665,0.14583333333333331,0.0,-0.999743
-0.5416666666666665,0.15104166666666666,0.0,-0.999729
-0.5416666666666665,0.15625,0.0,-0.999714
-0.5416666666666665,0.16145833333333331,0.0,-0.999699
-0.5416666666666665,0.16666666666666666,0.0,-0.999683
-0.5416666666666665,0.171875,0.0,-0.999666
-0.5416666666666665,0.17708333333333331,0.0,-0.999648
-0.5416666666666665,0.18229166666666666,0.0,-0.999629
-0.5416666666666665,0.1875,0.0,-0.99961
-0.5416666666666665,0.19270833333333331,0.0,-0.999589
-0.5416666666666665,0.19791666666666666,0.0,-0.999567
-0.5416666666666665,0.203125,0.0,-0.999544
-0.5416666666666665,0.20833333333333331,0.0,-0.999519
-0.5416666666666665,0.21354166666666666,0.0,-0.999493
-0.5416666666666665,0.21875,0.0,-0.999466
-0.5416666666666665,0.22395833333333331,0.0,-0.999438
-0.5416666666666665,0.22916666666666666,0.0,-0.999408
-0.5416666666666665,0.234375,0.0,-0.999376
-0.5416666666666665,0.23958333333333331,0.0,-0.999343
-0.5416666666666665,0.24479166666666666,0.0,-0.999308
-0.5416666666666665,0.25,0.0,-0.999271
-0.5416666666666665,0.2552083333333333,0.0,-0.999232
-0.5416666666666665,0.26041666666666663,0.0,-0.999191
-0.5416666666666665,0.265625,0.0,-0.999147
-0.5416666666666665,0.2708333333333333,0.0,-0.999102
-0.5416666666666665,0.27604166666666663,0.0,-0.999054
-0.5416666666666665,0.28125,0.0,-0.999003
-0.5416666666666665,0.2864583333333333,0.0,-0.99895
-0.5416666666666665,0.29166666666666663,0.0,-0.998894
-0.5416666666666665,0.296875,0.0,-0.998835
-0.5416666666666665,0.3020833333333333,0.0,-0.998773
-0.5416666666666665,0.30729166666666663,0.0,-0.998707
-0.5416666666666665,0.3125,0.0,-0.998638
-0.5416666666666665,0.3177083333333333,0.0,-0.998565
-0.5416666666666665,0.32291666666666663,0.0,-0.998488
-0.5416666666666665,0.328125,0.0,-0.998408
-0.5416666666666665,0.3333333333333333,0.0,-0.998323
-0.5416666666666665,0.33854166666666663,0.0,-0.998233
-0.5416666666666665,0.34375,0.0,-0.998139
-0.5416666666666665,0.3489583333333333,0.0,-0.998039
-0.5416666666666665,0.35416666666666663,0.0,-0.997935
-0.5416666666666665,0.359375,0.0,-0.997824
-0.5416666666666665,0.3645833333333333,0.0,-0.997708
-0.5416666666666665,0.36979166666666663,0.0,-0.997586
-0.5416666666666665,0.375,0.0,-0.997457
-0.5416666666666665,0.3802083333333333,0.0,-0.997321
-0.5416666666666665,0.38541666666666663,0.0,-0.997178
-0.5416666666666665,0.390625,0.0,-0.997028
-0.5416666666666665,0.3958333333333333,0.0,-0.996869
-0.5416666666666665,0.40104166666666663,0.0,-0.996702
-0.5416666666666665,0.40625,0.0,-0.996526
-0.5416666666666665,0.4114583333333333,0.0,-0.996341
-0.5416666666666665,0.41666666666666663,0.0,-0.996145
-0.5416666666666665,0.421875,0.0,-0.99594
-0.5416666666666665,0.4270833333333333,0.0,-0.995723
-0.5416666666666665,0.43229166666666663,0.0,-0.995495
-0.5416666666666665,0.4375,0.0,-0.995255
-0.5416666666666665,0.4427083333333333,0.0,-0.995002
-0.5416666666666665,0.44791666666666663,0.0,-0.994735
-0.5416666666666665,0.453125,0.0,-0.994455
-0.5416666666666665,0.4583333333333333,0.0,-0.994159
-0.5416666666666665,0.46354166666666663,0.0,-0.993848
-0.5416666666666665,0.46875,0.0,-0.99352
-0.5416666666666665,0.4739583333333333,0.0,-0.993175
-0.5416666666666665,0.47916666666666663,0.0,-0.992811
-0.5416666666666665,0.484375,0.0,-0.992429
-0.5416666666666665,0.4895833333333333,0.0,-0.992026
-0.5416666666666665,0.49479166666666663,0.0,-0.991601
-0.5416666666666665,0.5,0.0,-0.991154
-0.5625,0.0,0.0,-0.999951
-0.5625,0.005208333333333333,0.0,-0.999949
-0.5625,0.010416666666666666,0.0,-0.999946
-0.5625,0.015625,0.0,-0.999943
-0.5625,0.020833333333333332,0.0,-0.99994
-0.5625,0.026041666666666664,0.0,-0.999937
-0.5625,0.03125,0.0,-0.999934
-0.5625,0.03645833333333333,0.0,-0.99993
-0.5625,0.041666666666666664,0.0,-0.999926
-0.5625,0.046875,0.0,-0.999922
-0.5625,0.05208333333333333,0.0,-0.999918
-0.5625,0.057291666666666664,0.0,-0.999914
-0.5625,0.0625,0.0,-0.999909
-0.5625,0.06770833333333333,0.0,-0.999904
-0.5625,0.07291666666666666,0.0,-0.999899
-0.5625,0.078125,0.0,-0.999894
-0.5625,0.08333333333333333,0.0,-0.999888
-0.5625,0.08854166666666666,0.0,-0.999882
-0.5625,0.09375,0.0,-0.999876
-0.5625,0.09895833333333333,0.0,-0.999869
-0.5625,0.10416666666666666,0.0,-0.999862
-0.5625,0.109375,0.0,-0.999855
-0.5625,0.11458333333333333,0.0,-0.999847
-0.5625,0.11979166666666666,0.0,-0.999839
-0.5625,0.125,0.0,-0.99983
-0.5625,0.13020833333333331,0.0,-0.999821
-0.5625,0.13541666666666666,0.0,-0.999812
-0.5625,0.140625,0.0,-0.999802
-0.5625,0.14583333333333331,0.0,-0.999791
-0.5625,0.15104166666666666,0.0,-0.99978
-0.5625,0.15625,0.0,-0.999768
-0.5625,0.16145833333333331,0.0,-0.999756
-0.5625,0.16666666666666666,0.0,-0.999743
-0.5625,0.171875,0.0,-0.999729
-0.5625,0.17708333333333331,0.0,-0.999714
-0.5625,0.18229166666666666,0.0,-0.999699
-0.5625,0.1875,0.0,-0.999683
-0.5625,0.19270833333333331,0.0,-0.999666
-0.5625,0.19791666666666666,0.0,-0.999648
-0.5625,0.203125,0.0,-0.999629
-0.5625,0.20833333333333331,0.0,-0.99961
-0.5625,0.21354166666666666,0.0,-0.999589
-0.5625,0.21875,0.0,-0.999567
-0.5625,0.22395833333333331,0.0,-0.999544
-0.5625,0.22916666666666666,0.0,-0.999519
-0.5625,0.234375,0.0,-0.999493
-0.5625,0.23958333333333331,0.0,-0.999466
-0.5625,0.24479166666666666,0.0,-0.999438
-0.5625,0.25,0.0,-0.999408
-0.5625,0.2552083333333333,0.0,-0.999376
-0.5625,0.26041666666666663,0.0,-0.999343
-0.5625,0.265625,0.0,-0.999308
-0.5625,0.2708333333333333,0.0,-0.999271
-0.5625,0.27604166666666663,0.0,-0.999232
-0.5625,0.28125,0.0,-0.999191
-0.5625,0.2864583333333333,0.0,-0.999147
-0.5625,0.29166666666666663,0.0,-0.999102
-0.5625,0.296875,0.0,-0.999054
-0.5625,0.3020833333333333,0.0,-0.999003
-0.5625,0.30729166666666663,0.0,-0.99895
-0.5625,0.3125,0.0,-0.998894
-0.5625,0.3177083333333333,0.0,-0.998835
-0.5625,0.32291666666666663,0.0,-0.998772
-0.5625,0.328125,0.0,-0.998707
-0.5625,0.3333333333333333,0.0,-0.998638
-0.5625,0.33854166666666663,0.0,-0.998565
-0.5625,0.34375,0.0,-0.998488
-0.5625,0.3489583333333333,0.0,-0.998408
-0.5625,0.35416666666666663,0.0,-0.998323
-0.5625,0.359375,0.0,-0.998233
-0.5625,0.3645833333333333,0.0,-0.998139
-0.5625,0.36979166666666663,0.0,-0.998039
-0.5625,0.375,0.0,-0.997935
-0.5625,0.3802083333333333,0.0,-0.997824
-0.5625,0.38541666666666663,0.0,-0.997708
-0.5625,0.390625,0.0,-0.997586
-0.5625,0.3958333333333333,0.0,-0.997457
-0.5625,0.40104166666666663,0.0,-0.997321
-0.5625,0.40625,0.0,-0.997178
-0.5625,0.4114583333333333,0.0,-0.997028
-0.5625,0.41666666666666663,0.0,-0.996869
-0.5625,0.421875,0.0,-0.996702
-0.5625,0.4270833333333333,0.0,-0.996526
-0.5625,0.43229166666666663,0.0,-0.99634
-0.5625,0.4375,0.0,-0.996145
-0.5625,0.4427083333333333,0.0,-0.99594
-0.5625,0.44791666666666663,0.0,-0.995723
-0.5625,0.453125,0.0,-0.995495
-0.5625,0.4583333333333333,0.0,-0.995255
-0.5625,0.46354166666666663,0.0,-0.995002
-0.5625,0.46875,0.0,-0.994735
-0.5625,0.4739583333333333,0.0,-0.994455
-0.5625,0.47916666666666663,0.0,-0.994159
-0.5625,0.484375,0.0,-0.993848
-0.5625,0.4895833333333333,0.0,-0.99352
-0.5625,0.49479166666666663,0.0,-0.993175
-0.5625,0.5,0.0,-0.992811
-0.5833333333333333,0.0,0.0,-0.999961
-0.5833333333333333,0.005208333333333333,0.0,-0.999958
-0.5833333333333333,0.010416666666666666,0.0,-0.999956
-0.5833333333333333,0.015625,0.0,-0.999954
-0.5833333333333333,0.020833333333333332,0.0,-0.999951
-0.5833333333333333,0.026041666666666664,0.0,-0.999949
-0.5833333333333333,0.03125,0.0,-0.999946
-0.5833333333333333,0.03645833333333333,0.0,-0.999943
-0.5833333333333333,0.041666666666666664,0.0,-0.99994
-0.5833333333333333,0.046875,0.0,-0.999937
-0.5833333333333333,0.05208333333333333,0.0,-0.999934
-0.5833333333333333,0.057291666666666664,0.0,-0.99993
-0.5833333333333333,0.0625,0.0,-0.999926
-0.5833333333333333,0.06770833333333333,0.0,-0.999922
-0.5833333333333333,0.07291666666666666,0.0,-0.999918
-0.5833333333333333,0.078125,0.0,-0.999914
-0.5833333333333333,0.08333333333333333,0.0,-0.999909
-0.5833333333333333,0.08854166666666666,0.0,-0.999904
-0.5833333333333333,0.09375,0.0,-0.999899
-0.5833333333333333,0.09895833333333333,0.0,-0.999894
-0.5833333333333333,0.10416666666666666,0.0,-0.999888
-0.5833333333333333,0.109375,0.0,-0.999882
-0.5833333333333333,0.11458333333333333,0.0,-0.999876
-0.5833333333333333,0.11979166666666666,0.0,-0.999869
-0.5833333333333333,0.125,0.0,-0.999862
-0.5833333333333333,0.13020833333333331,0.0,-0.999855
-0.5833333333333333,0.13541666666666666,0.0,-0.999847
-0.5833333333333333,0.140625,0.0,-0.999839
-0.5833333333333333,0.14583333333333331,0.0,-0.99983
-0.5833333333333333,0.15104166666666666,0.0,-0.999821
-0.5833333333333333,0.15625,0.0,-0.999812
-0.5833333333333333,0.16145833333333331,0.0,-0.999802
-0.5833333333333333,0.16666666666666666,0.0,-0.999791
-0.5833333333333333,0.171875,0.0,-0.99978
-0.5833333333333333,0.17708333333333331,0.0,-0.999768
-0.5833333333333333,0.18229166666666666,0.0,-0.999756
-0.5833333333333333,0.1875,0.0,-0.999743
-0.5833333333333333,0.19270833333333331,0.0,-0.999729
-0.5833333333333333,0.19791666666666666,0.0,-0.999714
-0.5833333333333333,0.203125,0.0,-0.999699
-0.5833333333333333,0.20833333333333331,0.0,-0.999683
-0.5833333333333333,0.21354166666666666,0.0,-0.999666
-0.5833333333333333,0.21875,0.0,-0.999648
-0.5833333333333333,0.22395833333333331,0.0,-0.999629
-0.5833333333333333,0.22916666666666666,0.0,-0.99961
-0.5833333333333333,0.234375,0.0,-0.999589
-0.5833333333333333,0.23958333333333331,0.0,-0.999567
-0.5833333333333333,0.24479166666666666,0.0,-0.999544
-0.5833333333333333,0.25,0.0,-0.999519
-0.5833333333333333,0.2552083333333333,0.0,-0.999493
-0.5833333333333333,0.26041666666666663,0.0,-0.999466
-0.5833333333333333,0.265625,0.0,-0.999438
-0.5833333333333333,0.2708333333333333,0.0,-0.999408
-0.5833333333333333,0.27604166666666663,0.0,-0.999376
-0.5833333333333333,0.28125,0.0,-0.999343
-0.5833333333333333,0.2864583333333333,0.0,-0.999308
-0.5833333333333333,0.29166666666666663,0.0,-0.999271
-0.5833333333333333,0.296875,0.0,-0.999232
-0.5833333333333333,0.3020833333333333,0.0,-0.999191
-0.5833333333333333,0.30729166666666663,0.0,-0.999147
-0.5833333333333333,0.3125,0.0,-0.999102
-0.5833333333333333,0.3177083333333333,0.0,-0.999054
-0.5833333333333333,0.32291666666666663,0.0,-0.999003
-0.5833333333333333,0.328125,0.0,-0.99895
-0.5833333333333333,0.3333333333333333,0.0,-0.998894
-0.5833333333333333,0.33854166666666663,0.0,-0.998835
-0.5833333333333333,0.34375,0.0,-0.998772
-0.5833333333333333,0.3489583333333333,0.0,-0.998707
-0.5833333333333333,0.35416666666666663,0.0,-0.998638
-0.5833333333333333,0.359375,0.0,-0.998565
-0.5833333333333333,0.3645833333333333,0.0,-0.998488
-0.5833333333333333,0.36979166666666663,0.0,-0.998408
-0.5833333333333333,0.375,0.0,-0.998323
-0.5833333333333333,0.3802083333333333,0.0,-0.998233
-0.5833333333333333,0.38541666666666663,0.0,-0.998139
-0.5833333333333333,0.390625,0.0,-0.998039
-0.5833333333333333,0.3958333333333333,0.0,-0.997935
-0.5833333333333333,0.40104166666666663,0.0,-0.997824
-0.5833333333333333,0.40625,0.0,-0.997708
-0.5833333333333333,0.4114583333333333,0.0,-0.997586
-0.5833333333333333,0.41666666666666663,0.0,-0.997457
-0.5833333333333333,0.421875,0.0,-0.997321
-0.5833333333333333,0.4270833333333333,0.0,-0.997178
-0.5833333333333333,0.43229166666666663,0.0,-0.997028
-0.5833333333333333,0.4375,0.0,-0.996869
-0.5833333333333333,0.4427083333333333,0.0,-0.996702
-0.5833333333333333,0.44791666666666663,0.0,-0.996526
-0.5833333333333333,0.453125,0.0,-0.99634
-0.5833333333333333,0.4583333333333333,0.0,-0.996145
-0.5833333333333333,0.46354166666666663,0.0,-0.99594
-0.5833333333333333,0.46875,0.0,-0.995723
-0.5833333333333333,0.4739583333333333,0.0,-0.995495
-0.5833333333333333,0.47916666666666663,0.0,-0.995255
-0.5833333333333333,0.484375,0.0,-0.995002
-0.5833333333333333,0.4895833333333333,0.0,-0.994735
-0.5833333333333333,0.49479166666666663,0.0,-0.994455
-0.5833333333333333,0.5,0.0,-0.994159
-0.6041666666666665,0.0,0.0,-0.999968
-0.6041666666666665,0.005208333333333333,0.0,-0.999966
-0.6041666666666665,0.010416666666666666,0.0,-0.999964
-0.6041666666666665,0.015625,0.0,-0.999963
-0.6041666666666665,0.020833333333333332,0.0,-0.999961
-0.6041666666666665,0.026041666666666664,0.0,-0.999958
-0.6041666666666665,0.03125,0.0,-0.999956
-0.6041666666666665,0.03645833333333333,0.0,-0.999954
-0.6041666666666665,0.041666666666666664,0.0,-0.999951
-0.6041666666666665,0.046875,0.0,-0.999949
-0.6041666666666665,0.05208333333333333,0.0,-0.999946
-0.6041666666666665,0.057291666666666664,0.0,-0.999943
-0.6041666666666665,0.0625,0.0,-0.99994
-0.6041666666666665,0.06770833333333333,0.0,-0.999937
-0.6041666666666665,0.07291666666666666,0.0,-0.999934
-0.6041666666666665,0.078125,0.0,-0.99993
-0.6041666666666665,0.08333333333333333,0.0,-0.999926
-0.6041666666666665,0.08854166666666666,0.0,-0.999922
-0.6041666666666665,0.09375,0.0,-0.999918
-0.6041666666666665,0.09895833333333333,0.0,-0.999914
-0.6041666666666665,0.10416666666666666,0.0,-0.999909
-0.6041666666666665,0.109375,0.0,-0.999904
-0.6041666666666665,0.11458333333333333,0.0,-0.999899
-0.6041666666666665,0.11979166666666666,0.0,-0.999894
-0.6041666666666665,0.125,0.0,-0.999888
-0.6041666666666665,0.13020833333333331,0.0,-0.999882
-0.6041666666666665,0.13541666666666666,0.0,-0.999876
-0.6041666666666665,0.140625,0.0,-0.999869
-0.6041666666666665,0.14583333333333331,0.0,-0.999862
-0.6041666666666665,0.15104166666666666,0.0,-0.999855
-0.6041666666666665,0.15625,0.0,-0.999847
-0.6041666666666665,0.16145833333333331,0.0,-0.999839
-0.6041666666666665,0.16666666666666666,0.0,-0.99983
-0.6041666666666665,0.171875,0.0,-0.999821
-0.6041666666666665,0.17708333333333331,0.0,-0.999812
-0.6041666666666665,0.18229166666666666,0.0,-0.999802
-0.6041666666666665,0.1875,0.0,-0.999791
-0.6041666666666665,0.19270833333333331,0.0,-0.99978
-0.6041666666666665,0.19791666666666666,0.0,-0.999768
-0.6041666666666665,0.203125,0.0,-0.999756
-0.6041666666666665,0.20833333333333331,0.0,-0.999743
-0.6041666666666665,0.21354166666666666,0.0,-0.999729
-0.6041666666666665,0.21875,0.0,-0.999714
-0.6041666666666665,0.22395833333333331,0.0,-0.999699
-0.6041666666666665,0.22916666666666666,0.0,-0.999683
-0.6041666666666665,0.234375,0.0,-0.999666
-0.6041666666666665,0.23958333333333331,0.0,-0.999648
-0.6041666666666665,0.24479166666666666,0.0,-0.999629
-0.6041666666666665,0.25,0.0,-0.99961
-0.6041666666666665,0.2552083333333333,0.0,-0.999589
-0.6041666666666665,0.26041666666666663,0.0,-0.999567
-0.6041666666666665,0.265625,0.0,-0.999543
-0.6041666666666665,0.2708333333333333,0.0,-0.999519
-0.6041666666666665,0.27604166666666663,0.0,-0.999493
-0.6041666666666665,0.28125,0.0,-0.999466
-0.6041666666666665,0.2864583333333333,0.0,-0.999438
-0.6041666666666665,0.29166666666666663,0.0,-0.999408
-0.6041666666666665,0.296875,0.0,-0.999376
-0.6041666666666665,0.3020833333333333,0.0,-0.999343
-0.6041666666666665,0.30729166666666663,0.0,-0.999308
-0.6041666666666665,0.3125,0.0,-0.999271
-0.6041666666666665,0.3177083333333333,0.0,-0.999232
-0.6041666666666665,0.32291666666666663,0.0,-0.999191
-0.6041666666666665,0.328125,0.0,-0.999147
-0.6041666666666665,0.3333333333333333,0.0,-0.999102
-0.6041666666666665,0.33854166666666663,0.0,-0.999054
-0.6041666666666665,0.34375,0.0,-0.999003
-0.6041666666666665,0.3489583333333333,0.0,-0.99895
-0.6041666666666665,0.35416666666666663,0.0,-0.998894
-0.6041666666666665,0.359375,0.0,-0.998835
-0.6041666666666665,0.3645833333333333,0.0,-0.998772
-0.6041666666666665,0.36979166666666663,0.0,-0.998707
-0.6041666666666665,0.375,0.0,-0.998638
-0.6041666666666665,0.3802083333333333,0.0,-0.998565
-0.6041666666666665,0.38541666666666663,0.0,-0.998488
-0.6041666666666665,0.390625,0.0,-0.998408
-0.6041666666666665,0.3958333333333333,0.0,-0.998323
-0.6041666666666665,0.40104166666666663,0.0,-0.998233
-0.6041666666666665,0.40625,0.0,-0.998139
-0.6041666666666665,0.4114583333333333,0.0,-0.998039
-0.6041666666666665,0.41666666666666663,0.0,-0.997935
-0.6041666666666665,0.421875,0.0,-0.997824
-0.6041666666666665,0.4270833333333333,0.0,-0.997708
-0.6041666666666665,0.43229166666666663,0.0,-0.997586
-0.6041666666666665,0.4375,0.0,-0.997457
-0.6041666666666665,0.4427083333333333,0.0,-0.997321
-0.6041666666666665,0.44791666666666663,0.0,-0.997178
-0.6041666666666665,0.453125,0.0,-0.997028
-0.6041666666666665,0.4583333333333333,0.0,-0.996869
-0.6041666666666665,0.46354166666666663,0.0,-0.996702
-0.6041666666666665,0.46875,0.0,-0.996526
-0.6041666666666665,0.4739583333333333,0.0,-0.99634
-0.6041666666666665,0.47916666666666663,0.0,-0.996145
-0.6041666666666665,0.484375,0.0,-0.99594
-0.6041666666666665,0.4895833333333333,0.0,-0.995723
-0.6041666666666665,0.49479166666666663,0.0,-0.995495
-0.6041666666666665,0.5,0.0,-0.995255
-0.625,0.0,0.0,-0.999974
-0.625,0.005208333333333333,0.0,-0.999973
-0.625,0.010416666666666666,0.0,-0.999971
-0.625,0.015625,0.0,-0.99997
-0.625,0.020833333333333332,0.0,-0.999968
-0.625,0.026041666666666664,0.0,-0.999966
-0.625,0.03125,0.0,-0.999964
-0.625,0.03645833333333333,0.0,-0.999963
-0.625,0.041666666666666664,0.0,-0.999961
-0.625,0.046875,0.0,-0.999958
-0.625,0.05208333333333333,0.0,-0.999956
-0.625,0.057291666666666664,0.0,-0.999954
-0.625,0.0625,0.0,-0.999951
-0.625,0.06770833333333333,0.0,-0.999949
-0.625,0.07291666666666666,0.0,-0.999946
-0.625,0.078125,0.0,-0.999943
-0.625,0.08333333333333333,0.0,-0.99994
-0.625,0.08854166666666666,0.0,-0.999937
-0.625,0.09375,0.0,-0.999934
-0.625,0.09895833333333333,0.0,-0.99993
-0.625,0.10416666666666666,0.0,-0.999926
-0.625,0.109375,0.0,-0.999922
-0.625,0.11458333333333333,0.0,-0.999918
-0.625,0.11979166666666666,0.0,-0.999914
-0.625,0.125,0.0,-0.999909
-0.625,0.13020833333333331,0.0,-0.999904
-0.625,0.13541666666666666,0.0,-0.999899
-0.625,0.140625,0.0,-0.999894
-0.625,0.14583333333333331,0.0,-0.999888
-0.625,0.15104166666666666,0.0,-0.999882
-0.625,0.15625,0.0,-0.999876
-0.625,0.16145833333333331,0.0,-0.999869
-0.625,0.16666666666666666,0.0,-0.999862
-0.625,0.171875,0.0,-0.999855
-0.625,0.17708333333333331,0.0,-0.999847
-0.625,0.18229166666666666,0.0,-0.999839
-0.625,0.1875,0.0,-0.99983
-0.625,0.19270833333333331,0.0,-0.999821
-0.625,0.19791666666666666,0.0,-0.999812
-0.625,0.203125,0.0,-0.999802
-0.625,0.20833333333333331,0.0,-0.999791
-0.625,0.21354166666666666,0.0,-0.99978
-0.625,0.21875,0.0,-0.999768
-0.625,0.22395833333333331,0.0,-0.999756
-0.625,0.22916666666666666,0.0,-0.999743
-0.625,0.234375,0.0,-0.999729
-0.625,0.23958333333333331,0.0,-0.999714
-0.625,0.24479166666666666,0.0,-0.999699
-0.625,0.25,0.0,-0.999683
-0.625,0.2552083333333333,0.0,-0.999666
-0.625,0.26041666666666663,0.0,-0.999648
-0.625,0.265625,0.0,-0.999629
-0.625,0.2708333333333333,0.0,-0.99961
-0.625,0.27604166666666663,0.0,-0.999589
-0.625,0.28125,0.0,-0.999567
-0.625,0.2864583333333333,0.0,-0.999543
-0.625,0.29166666666666663,0.0,-0.999519
-0.625,0.296875,0.0,-0.999493
-0.625,0.3020833333333333,0.0,-0.999466
-0.625,0.30729166666666663,0.0,-0.999438
-0.625,0.3125,0.0,-0.999408
-0.625,0.3177083333333333,0.0,-0.999376
-0.625,0.32291666666666663,0.0,-0.999343
-0.625,0.328125,0.0,-0.999308
-0.625,0.3333333333333333,0.0,-0.999271
-0.625,0.33854166666666663,0.0,-0.999232
-0.625,0.34375,0.0,-0.999191
-0.625,0.3489583333333333,0.0,-0.999147
-0.625,0.35416666666666663,0.0,-0.999102
-0.625,0.359375,0.0,-0.999054
-0.625,0.3645833333333333,0.0,-0.999003
-0.625,0.36979166666666663,0.0,-0.99895
-0.625,0.375,0.0,-0.998894
-0.625,0.3802083333333333,0.0,-0.998835
-0.625,0.38541666666666663,0.0,-0.998772
-0.625,0.390625,0.0,-0.998707
-0.625,0.3958333333333333,0.0,-0.998638
-0.625,0.40104166666666663,0.0,-0.998565
-0.625,0.40625,0.0,-0.998488
-0.625,0.4114583333333333,0.0,-0.998408
-0.625,0.41666666666666663,0.0,-0.998323
-0.625,0.421875,0.0,-0.998233
-0.625,0.4270833333333333,0.0,-0.998139
-0.625,0.43229166666666663,0.0,-0.998039
-0.625,0.4375,0.0,-0.997935
-0.625,0.4427083333333333,0.0,-0.997824
-0.625,0.44791666666666663,0.0,-0.997708
-0.625,0.453125,0.0,-0.997586
-0.625,0.4583333333333333,0.0,-0.997457
-0.625,0.46354166666666663,0.0,-0.997321
-0.625,0.46875,0.0,-0.997178
-0.625,0.4739583333333333,0.0,-0.997028
-0.625,0.47916666666666663,0.0,-0.996869
-0.625,0.484375,0.0,-0.996702
-0.625,0.4895833333333333,0.0,-0.996526
-0.625,0.49479166666666663,0.0,-0.99634
-0.625,0.5,0.0,-0.996145
-0.6458333333333333,0.0,0.0,-0.999979
-0.6458333333333333,0.005208333333333333,0.0,-0.999978
-0.6458333333333333,0.010416666666666666,0.0,-0.999977
-0.6458333333333333,0.015625,0.0,-0.999975
-0.6458333333333333,0.020833333333333332,0.0,-0.999974
-0.6458333333333333,0.026041666666666664,0.0,-0.999973
-0.6458333333333333,0.03125,0.0,-0.999971
-0.6458333333333333,0.03645833333333333,0.0,-0.99997
-0.6458333333333333,0.041666666666666664,0.0,-0.999968
-0.6458333333333333,0.046875,0.0,-0.999966
-0.6458333333333333,0.05208333333333333,0.0,-0.999964
-0.6458333333333333,0.057291666666666664,0.0,-0.999963
-0.6458333333333333,0.0625,0.0,-0.999961
-0.6458333333333333,0.06770833333333333,0.0,-0.999958
-0.6458333333333333,0.07291666666666666,0.0,-0.999956
-0.6458333333333333,0.078125,0.0,-0.999954
-0.6458333333333333,0.08333333333333333,0.0,-0.999951
-0.6458333333333333,0.08854166666666666,0.0,-0.999949
-0.6458333333333333,0.09375,0.0,-0.999946
-0.6458333333333333,0.09895833333333333,0.0,-0.999943
-0.6458333333333333,0.10416666666666666,0.0,-0.99994
-0.6458333333333333,0.109375,0.0,-0.999937
-0.6458333333333333,0.11458333333333333,0.0,-0.999934
-0.6458333333333333,0.11979166666666666,0.0,-0.99993
-0.6458333333333333,0.125,0.0,-0.999926
-0.6458333333333333,0.13020833333333331,0.0,-0.999922
-0.6458333333333333,0.13541666666666666,0.0,-0.999918
-0.6458333333333333,0.140625,0.0,-0.999914
-0.6458333333333333,0.14583333333333331,0.0,-0.999909
-0.6458333333333333,0.15104166666666666,0.0,-0.999904
-0.6458333333333333,0.15625,0.0,-0.999899
-0.6458333333333333,0.16145833333333331,0.0,-0.999894
-0.6458333333333333,0.16666666666666666,0.0,-0.999888
-0.6458333333333333,0.171875,0.0,-0.999882
-0.6458333333333333,0.17708333333333331,0.0,-0.999876
-0.6458333333333333,0.18229166666666666,0.0,-0.999869
-0.6458333333333333,0.1875,0.0,-0.999862
-0.6458333333333333,0.19270833333333331,0.0,-0.999855
-0.6458333333333333,0.19791666666666666,0.0,-0.999847
-0.6458333333333333,0.203125,0.0,-0.999839
-0.6458333333333333,0.20833333333333331,0.0,-0.99983
-0.6458333333333333,0.21354166666666666,0.0,-0.999821
-0.6458333333333333,0.21875,0.0,-0.999812
-0.6458333333333333,0.22395833333333331,0.0,-0.999802
-0.6458333333333333,0.22916666666666666,0.0,-0.999791
-0.6458333333333333,0.234375,0.0,-0.99978
-0.6458333333333333,0.23958333333333331,0.0,-0.999768
-0.6458333333333333,0.24479166666666666,0.0,-0.999756
-0.6458333333333333,0.25,0.0,-0.999743
-0.6458333333333333,0.2552083333333333,0.0,-0.999729
-0.6458333333333333,0.26041666666666663,0.0,-0.999714
-0.6458333333333333,0.265625,0.0,-0.999699
-0.6458333333333333,0.2708333333333333,0.0,-0.999683
-0.6458333333333333,0.27604166666666663,0.0,-0.999666
-0.6458333333333333,0.28125,0.0,-0.999648
-0.6458333333333333,0.2864583333333333,0.0,-0.999629
-0.6458333333333333,0.29166666666666663,0.0,-0.999609
-0.6458333333333333,0.296875,0.0,-0.999589
-0.6458333333333333,0.3020833333333333,0.0,-0.999567
-0.6458333333333333,0.30729166666666663,0.0,-0.999543
-0.6458333333333333,0.3125,0.0,-0.999519
-0.6458333333333333,0.3177083333333333,0.0,-0.999493
-0.6458333333333333,0.32291666666666663,0.0,-0.999466
-0.6458333333333333,0.328125,0.0,-0.999438
-0.6458333333333333,0.3333333333333333,0.0,-0.999408
-0.6458333333333333,0.33854166666666663,0.0,-0.999376
-0.6458333333333333,0.34375,0.0,-0.999343
-0.6458333333333333,0.3489583333333333,0.0,-0.999308
-0.6458333333333333,0.35416666666666663,0.0,-0.999271
-0.6458333333333333,0.359375,0.0,-0.999232
-0.6458333333333333,0.3645833333333333,0.0,-0.999191
-0.6458333333333333,0.36979166666666663,0.0,-0.999147
-0.6458333333333333,0.375,0.0,-0.999102
-0.6458333333333333,0.3802083333333333,0.0,-0.999054
-0.6458333333333333,0.38541666666666663,0.0,-0.999003
-0.6458333333333333,0.390625,0.0,-0.99895
-0.6458333333333333,0.3958333333333333,0.0,-0.998894
-0.6458333333333333,0.40104166666666663,0.0,-0.998835
-0.6458333333333333,0.40625,0.0,-0.998772
-0.6458333333333333,0.4114583333333333,0.0,-0.998707
-0.6458333333333333,0.41666666666666663,0.0,-0.998638
-0.6458333333333333,0.421875,0.0,-0.998565
-0.6458333333333333,0.4270833333333333,0.0,-0.998488
-0.6458333333333333,0.43229166666666663,0.0,-0.998408
-0.6458333333333333,0.4375,0.0,-0.998323
-0.6458333333333333,0.4427083333333333,0.0,-0.998233
-0.6458333333333333,0.44791666666666663,0.0,-0.998139
-0.6458333333333333,0.453125,0.0,-0.998039
-0.6458333333333333,0.4583333333333333,0.0,-0.997935
-0.6458333333333333,0.46354166666666663,0.0,-0.997824
-0.6458333333333333,0.46875,0.0,-0.997708
-0.6458333333333333,0.4739583333333333,0.0,-0.997586
-0.6458333333333333,0.47916666666666663,0.0,-0.997457
-0.6458333333333333,0.484375,0.0,-0.997321
-0.6458333333333333,0.4895833333333333,0.0,-0.997178
-0.6458333333333333,0.49479166666666663,0.0,-0.997028
-0.6458333333333333,0.5,0.0,-0.996869
-0.6666666666666665,0.0,0.0,-0.999983
-0.6666666666666665,0.005208333333333333,0.0,-0.999982
-0.6666666666666665,0.010416666666666666,0.0,-0.999981
-0.6666666666666665,0.015625,0.0,-0.99998
-0.6666666666666665,0.020833333333333332,0.0,-0.999979
-0.6666666666666665,0.026041666666666664,0.0,-0.999978
-0.6666666666666665,0.03125,0.0,-0.999977
-0.6666666666666665,0.03645833333333333,0.0,-0.999975
-0.6666666666666665,0.041666666666666664,0.0,-0.999974
-0.6666666666666665,0.046875,0.0,-0.999973
-0.6666666666666665,0.05208333333333333,0.0,-0.999971
-0.6666666666666665,0.057291666666666664,0.0,-0.99997
-0.6666666666666665,0.0625,0.0,-0.999968
-0.6666666666666665,0.06770833333333333,0.0,-0.999966
-0.6666666666666665,0.07291666666666666,0.0,-0.999964
-0.6666666666666665,0.078125,0.0,-0.999963
-0.6666666666666665,0.08333333333333333,0.0,-0.999961
-0.6666666666666665,0.08854166666666666,0.0,-0.999958
-0.6666666666666665,0.09375,0.0,-0.999956
-0.6666666666666665,0.09895833333333333,0.0,-0.999954
-0.6666666666666665,0.10416666666666666,0.0,-0.999951
-0.6666666666666665,0.109375,0.0,-0.999949
-0.6666666666666665,0.11458333333333333,0.0,-0.999946
-0.6666666666666665,0.11979166666666666,0.0,-0.999943
-0.6666666666666665,0.125,0.0,-0.99994
-0.6666666666666665,0.13020833333333331,0.0,-0.999937
-0.6666666666666665,0.13541666666666666,0.0,-0.999934
-0.6666666666666665,0.140625,0.0,-0.99993
-0.6666666666666665,0.14583333333333331,0.0,-0.999926
-0.6666666666666665,0.15104166666666666,0.0,-0.999922
-0.6666666666666665,0.15625,0.0,-0.999918
-0.6666666666666665,0.16145833333333331,0.0,-0.999914
-0.6666666666666665,0.16666666666666666,0.0,-0.999909
-0.6666666666666665,0.171875,0.0,-0.999904
-0.6666666666666665,0.17708333333333331,0.0,-0.999899
-0.6666666666666665,0.18229166666666666,0.0,-0.999894
-0.6666666666666665,0.1875,0.0,-0.999888
-0.6666666666666665,0.19270833333333331,0.0,-0.999882
-0.6666666666666665,0.19791666666666666,0.0,-0.999876
-0.6666666666666665,0.203125,0.0,-0.999869
-0.6666666666666665,0.20833333333333331,0.0,-0.999862
-0.6666666666666665,0.21354166666666666,0.0,-0.999855
-0.6666666666666665,0.21875,0.0,-0.999847
-0.6666666666666665,0.22395833333333331,0.0,-0.999839
-0.6666666666666665,0.22916666666666666,0.0,-0.99983
-0.6666666666666665,0.234375,0.0,-0.999821
-0.6666666666666665,0.23958333333333331,0.0,-0.999812
-0.6666666666666665,0.24479166666666666,0.0,-0.999802
-0.6666666666666665,0.25,0.0,-0.999791
-0.6666666666666665,0.2552083333333333,0.0,-0.99978
-0.6666666666666665,0.26041666666666663,0.0,-0.999768
-0.6666666666666665,0.265625,0.0,-0.999756
-0.6666666666666665,0.2708333333333333,0.0,-0.999743
-0.6666666666666665,0.27604166666666663,0.0,-0.999729
-0.6666666666666665,0.28125,0.0,-0.999714
-0.6666666666666665,0.2864583333333333,0.0,-0.999699
-0.6666666666666665,0.29166666666666663,0.0,-0.999683
-0.6666666666666665,0.296875,0.0,-0.999666
-0.6666666666666665,0.3020833333333333,0.0,-0.999648
-0.6666666666666665,0.30729166666666663,0.0,-0.999629
-0.6666666666666665,0.3125,0.0,-0.999609
-0.6666666666666665,0.3177083333333333,0.0,-0.999589
-0.6666666666666665,0.32291666666666663,0.0,-0.999567
-0.6666666666666665,0.328125,0.0,-0.999543
-0.6666666666666665,0.3333333333333333,0.0,-0.999519
-0.6666666666666665,0.33854166666666663,0.0,-0.999493
-0.6666666666666665,0.34375,0.0,-0.999466
-0.6666666666666665,0.3489583333333333,0.0,-0.999438
-0.6666666666666665,0.35416666666666663,0.0,-0.999408
-0.6666666666666665,0.359375,0.0,-0.999376
-0.6666666666666665,0.3645833333333333,0.0,-0.999343
-0.6666666666666665,0.36979166666666663,0.0,-0.999308
-0.6666666666666665,0.375,0.0,-0.999271
-0.6666666666666665,0.3802083333333333,0.0,-0.999232
-0.6666666666666665,0.38541666666666663,0.0,-0.999191
-0.6666666666666665,0.390625,0.0,-0.999147
-0.6666666666666665,0.3958333333333333,0.0,-0.999102
-0.6666666666666665,0.40104166666666663,0.0,-0.999054
-0.6666666666666665,0.40625,0.0,-0.999003
-0.6666666666666665,0.4114583333333333,0.0,-0.99895
-0.6666666666666665,0.41666666666666663,0.0,-0.998894
-0.6666666666666665,0.421875,0.0,-0.998835
-0.6666666666666665,0.4270833333333333,0.0,-0.998772
-0.6666666666666665,0.43229166666666663,0.0,-0.998707
-0.6666666666666665,0.4375,0.0,-0.998638
-0.6666666666666665,0.4427083333333333,0.0,-0.998565
-0.6666666666666665,0.44791666666666663,0.0,-0.998488
-0.6666666666666665,0.453125,0.0,-0.998408
-0.6666666666666665,0.4583333333333333,0.0,-0.998323
-0.6666666666666665,0.46354166666666663,0.0,-0.998233
-0.6666666666666665,0.46875,0.0,-0.998139
-0.6666666666666665,0.4739583333333333,0.0,-0.998039
-0.6666666666666665,0.47916666666666663,0.0,-0.997935
-0.6666666666666665,0.484375,0.0,-0.997824
-0.6666666666666665,0.4895833333333333,0.0,-0.997708
-0.6666666666666665,0.49479166666666663,0.0,-0.997586
-0.6666666666666665,0.5,0.0,-0.997457
-0.6875,0.0,0.0,-0.999986
-0.6875,0.005208333333333333,0.0,-0.999985
-0.6875,0.010416666666666666,0.0,-0.999985
-0.6875,0.015625,0.0,-0.999984
-0.6875,0.020833333333333332,0.0,-0.999983
-0.6875,0.026041666666666664,0.0,-0.999982
-0.6875,0.03125,0.0,-0.999981
-0.6875,0.03645833333333333,0.0,-0.99998
-0.6875,0.041666666666666664,0.0,-0.999979
-0.6875,0.046875,0.0,-0.999978
-0.6875,0.05208333333333333,0.0,-0.999977
-0.6875,0.057291666666666664,0.0,-0.999975
-0.6875,0.0625,0.0,-0.999974
-0.6875,0.06770833333333333,0.0,-0.999973
-0.6875,0.07291666666666666,0.0,-0.999971
-0.6875,0.078125,0.0,-0.99997
-0.6875,0.08333333333333333,0.0,-0.999968
-0.6875,0.08854166666666666,0.0,-0.999966
-0.6875,0.09375,0.0,-0.999964
-0.6875,0.09895833333333333,0.0,-0.999963
-0.6875,0.10416666666666666,0.0,-0.999961
-0.6875,0.109375,0.0,-0.999958
-0.6875,0.11458333333333333,0.0,-0.999956
-0.6875,0.11979166666666666,0.0,-0.999954
-0.6875,0.125,0.0,-0.999951
-0.6875,0.13020833333333331,0.0,-0.999949
-0.6875,0.13541666666666666,0.0,-0.999946
-0.6875,0.140625,0.0,-0.999943
-0.6875,0.14583333333333331,0.0,-0.99994
-0.6875,0.15104166666666666,0.0,-0.999937
-0.6875,0.15625,0.0,-0.999934
-0.6875,0.16145833333333331,0.0,-0.99993
-0.6875,0.16666666666666666,0.0,-0.999926
-0.6875,0.171875,0.0,-0.999922
-0.6875,0.17708333333333331,0.0,-0.999918
-0.6875,0.18229166666666666,0.0,-0.999914
-0.6875,0.1875,0.0,-0.999909
-0.6875,0.19270833333333331,0.0,-0.999904
-0.6875,0.19791666666666666,0.0,-0.999899
-0.6875,0.203125,0.0,-0.999894
-0.6875,0.20833333333333331,0.0,-0.999888
-0.6875,0.21354166666666666,0.0,-0.999882
-0.6875,0.21875,0.0,-0.999876
-0.6875,0.22395833333333331,0.0,-0.999869
-0.6875,0.22916666666666666,0.0,-0.999862
-0.6875,0.234375,0.0,-0.999855
-0.6875,0.23958333333333331,0.0,-0.999847
-0.6875,0.24479166666666666,0.0,-0.999839
-0.6875,0.25,0.0,-0.99983
-0.6875,0.2552083333333333,0.0,-0.999821
-0.6875,0.26041666666666663,0.0,-0.999812
-0.6875,0.265625,0.0,-0.999802
-0.6875,0.2708333333333333,0.0,-0.999791
-0.6875,0.27604166666666663,0.0,-0.99978
-0.6875,0.28125,0.0,-0.999768
-0.6875,0.2864583333333333,0.0,-0.999756
-0.6875,0.29166666666666663,0.0,-0.999743
-0.6875,0.296875,0.0,-0.999729
-0.6875,0.3020833333333333,0.0,-0.999714
-0.6875,0.30729166666666663,0.0,-0.999699
-0.6875,0.3125,0.0,-0.999683
-0.6875,0.3177083333333333,0.0,-0.999666
-0.6875,0.32291666666666663,0.0,-0.999648
-0.6875,0.328125,0.0,-0.999629
-0.6875,0.3333333333333333,0.0,-0.999609
-0.6875,0.33854166666666663,0.0,-0.999589
-0.6875,0.34375,0.0,-0.999567
-0.6875,0.3489583333333333,0.0,-0.999543
-0.6875,0.35416666666666663,0.0,-0.999519
-0.6875,0.359375,0.0,-0.999493
-0.6875,0.3645833333333333,0.0,-0.999466
-0.6875,0.36979166666666663,0.0,-0.999438
-0.6875,0.375,0.0,-0.999408
-0.6875,0.3802083333333333,0.0,-0.999376
-0.6875,0.38541666666666663,0.0,-0.999343
-0.6875,0.390625,0.0,-0.999308
-0.6875,0.3958333333333333,0.0,-0.999271
-0.6875,0.40104166666666663,0.0,-0.999232
-0.6875,0.40625,0.0,-0.999191
-0.6875,0.4114583333333333,0.0,-0.999147
-0.6875,0.41666666666666663,0.0,-0.999102
-0.6875,0.421875,0.0,-0.999054
-0.6875,0.4270833333333333,0.0,-0.999003
-0.6875,0.43229166666666663,0.0,-0.99895
-0.6875,0.4375,0.0,-0.998894
-0.6875,0.4427083333333333,0.0,-0.998835
-0.6875,0.44791666666666663,0.0,-0.998772
-0.6875,0.453125,0.0,-0.998707
-0.6875,0.4583333333333333,0.0,-0.998638
-0.6875,0.46354166666666663,0.0,-0.998565
-0.6875,0.46875,0.0,-0.998488
-0.6875,0.4739583333333333,0.0,-0.998408
-0.6875,0.47916666666666663,0.0,-0.998323
-0.6875,0.484375,0.0,-0.998233
-0.6875,0.4895833333333333,0.0,-0.998139
-0.6875,0.49479166666666663,0.0,-0.998039
-0.6875,0.5,0.0,-0.997935
-0.7083333333333333,0.0,0.0,-0.999989
-0.7083333333333333,0.005208333333333333,0.0,-0.999988
-0.7083333333333333,0.010416666666666666,0.0,-0.999987
-0.7083333333333333,0.015625,0.0,-0.999987
-0.7083333333333333,0.020833333333333332,0.0,-0.999986
-0.7083333333333333,0.026041666666666664,0.0,-0.999985
-0.7083333333333333,0.03125,0.0,-0.999985
-0.7083333333333333,0.03645833333333333,0.0,-0.999984
-0.7083333333333333,0.041666666666666664,0.0,-0.999983
-0.7083333333333333,0.046875,0.0,-0.999982
-0.7083333333333333,0.05208333333333333,0.0,-0.999981
-0.7083333333333333,0.057291666666666664,0.0,-0.99998
-0.7083333333333333,0.0625,0.0,-0.999979
-0.7083333333333333,0.06770833333333333,0.0,-0.999978
-0.7083333333333333,0.07291666666666666,0.0,-0.999977
-0.7083333333333333,0.078125,0.0,-0.999975
-0.7083333333333333,0.08333333333333333,0.0,-0.999974
-0.7083333333333333,0.08854166666666666,0.0,-0.999973
-0.7083333333333333,0.09375,0.0,-0.999971
-0.7083333333333333,0.09895833333333333,0.0,-0.99997
-0.7083333333333333,0.10416666666666666,0.0,-0.999968
-0.7083333333333333,0.109375,0.0,-0.999966
-0.7083333333333333,0.11458333333333333,0.0,-0.999964
-0.7083333333333333,0.11979166666666666,0.0,-0.999963
-0.7083333333333333,0.125,0.0,-0.999961
-0.7083333333333333,0.13020833333333331,0.0,-0.999958
-0.7083333333333333,0.13541666666666666,0.0,-0.999956
-0.7083333333333333,0.140625,0.0,-0.999954
-0.7083333333333333,0.14583333333333331,0.0,-0.999951
-0.7083333333333333,0.15104166666666666,0.0,-0.999949
-0.7083333333333333,0.15625,0.0,-0.999946
-0.7083333333333333,0.16145833333333331,0.0,-0.999943
-0.7083333333333333,0.16666666666666666,0.0,-0.99994
-0.7083333333333333,0.171875,0.0,-0.999937
-0.7083333333333333,0.17708333333333331,0.0,-0.999934
-0.7083333333333333,0.18229166666666666,0.0,-0.99993
-0.7083333333333333,0.1875,0.0,-0.999926
-0.7083333333333333,0.19270833333333331,0.0,-0.999922
-0.7083333333333333,0.19791666666666666,0.0,-0.999918
-0.7083333333333333,0.203125,0.0,-0.999914
-0.7083333333333333,0.20833333333333331,0.0,-0.999909
-0.7083333333333333,0.21354166666666666,0.0,-0.999904
-0.7083333333333333,0.21875,0.0,-0.999899
-0.7083333333333333,0.22395833333333331,0.0,-0.999894
-0.7083333333333333,0.22916666666666666,0.0,-0.999888
-0.7083333333333333,0.234375,0.0,-0.999882
-0.7083333333333333,0.23958333333333331,0.0,-0.999876
-0.7083333333333333,0.24479166666666666,0.0,-0.999869
-0.7083333333333333,0.25,0.0,-0.999862
-0.7083333333333333,0.2552083333333333,0.0,-0.999855
-0.7083333333333333,0.26041666666666663,0.0,-0.999847
-0.7083333333333333,0.265625,0.0,-0.999839
-0.7083333333333333,0.2708333333333333,0.0,-0.99983
-0.7083333333333333,0.27604166666666663,0.0,-0.999821
-0.7083333333333333,0.28125,0.0,-0.999812
-0.7083333333333333,0.2864583333333333,0.0,-0.999802
-0.7083333333333333,0.29166666666666663,0.0,-0.999791
-0.7083333333333333,0.296875,0.0,-0.99978
-0.7083333333333333,0.3020833333333333,0.0,-0.999768
-0.7083333333333333,0.30729166666666663,0.0,-0.999756
-0.7083333333333333,0.3125,0.0,-0.999743
-0.7083333333333333,0.3177083333333333,0.0,-0.999729
-0.7083333333333333,0.32291666666666663,0.0,-0.999714
-0.7083333333333333,0.328125,0.0,-0.999699
-0.7083333333333333,0.3333333333333333,0.0,-0.999683
-0.7083333333333333,0.33854166666666663,0.0,-0.999666
-0.7083333333333333,0.34375,0.0,-0.999648
-0.7083333333333333,0.3489583333333333,0.0,-0.999629
-0.7083333333333333,0.35416666666666663,0.0,-0.999609
-0.7083333333333333,0.359375,0.0,-0.999589
-0.7083333333333333,0.3645833333333333,0.0,-0.999567
-0.7083333333333333,0.36979166666666663,0.0,-0.999543
-0.7083333333333333,0.375,0.0,-0.999519
-0.7083333333333333,0.3802083333333333,0.0,-0.999493
-0.7083333333333333,0.38541666666666663,0.0,-0.999466
-0.7083333333333333,0.390625,0.0,-0.999438
-0.7083333333333333,0.3958333333333333,0.0,-0.999408
-0.7083333333333333,0.40104166666666663,0.0,-0.999376
-0.7083333333333333,0.40625,0.0,-0.999343
-0.7083333333333333,0.4114583333333333,0.0,-0.999308
-0.7083333333333333,0.41666666666666663,0.0,-0.999271
-0.7083333333333333,0.421875,0.0,-0.999232
-0.7083333333333333,0.4270833333333333,0.0,-0.999191
-0.7083333333333333,0.43229166666666663,0.0,-0.999147
-0.7083333333333333,0.4375,0.0,-0.999102
-0.7083333333333333,0.4427083333333333,0.0,-0.999054
-0.7083333333333333,0.44791666666666663,0.0,-0.999003
-0.7083333333333333,0.453125,0.0,-0.99895
-0.7083333333333333,0.4583333333333333,0.0,-0.998894
-0.7083333333333333,0.46354166666666663,0.0,-0.998835
-0.7083333333333333,0.46875,0.0,-0.998772
-0.7083333333333333,0.4739583333333333,0.0,-0.998707
-0.7083333333333333,0.47916666666666663,0.0,-0.998638
-0.7083333333333333,0.484375,0.0,-0.998565
-0.7083333333333333,0.4895833333333333,0.0,-0.998488
-0.7083333333333333,0.49479166666666663,0.0,-0.998408
-0.7083333333333333,0.5,0.0,-0.998323
-0.7291666666666665,0.0,0.0,-0.999991
-0.7291666666666665,0.005208333333333333,0.0,-0.99999
-0.7291666666666665,0.010416666666666666,0.0,-0.99999
-0.7291666666666665,0.015625,0.0,-0.999989
-0.7291666666666665,0.020833333333333332,0.0,-0.999989
-0.7291666666666665,0.026041666666666664,0.0,-0.999988
-0.7291666666666665,0.03125,0.0,-0.999987
-0.7291666666666665,0.03645833333333333,0.0,-0.999987
-0.7291666666666665,0.041666666666666664,0.0,-0.999986
-0.7291666666666665,0.046875,0.0,-0.999985
-0.7291666666666665,0.05208333333333333,0.0,-0.999985
-0.7291666666666665,0.057291666666666664,0.0,-0.999984
-0.7291666666666665,0.0625,0.0,-0.999983
-0.7291666666666665,0.06770833333333333,0.0,-0.999982
-0.7291666666666665,0.07291666666666666,0.0,-0.999981
-0.7291666666666665,0.078125,0.0,-0.99998
-0.7291666666666665,0.08333333333333333,0.0,-0.999979
-0.7291666666666665,0.08854166666666666,0.0,-0.999978
-0.7291666666666665,0.09375,0.0,-0.999977
-0.7291666666666665,0.09895833333333333,0.0,-0.999975
-0.7291666666666665,0.10416666666666666,0.0,-0.999974
-0.7291666666666665,0.109375,0.0,-0.999973
-0.7291666666666665,0.11458333333333333,0.0,-0.999971
-0.7291666666666665,0.11979166666666666,0.0,-0.99997
-0.7291666666666665,0.125,0.0,-0.999968
-0.7291666666666665,0.13020833333333331,0.0,-0.999966
-0.7291666666666665,0.13541666666666666,0.0,-0.999964
-0.7291666666666665,0.140625,0.0,-0.999963
-0.7291666666666665,0.14583333333333331,0.0,-0.999961
-0.7291666666666665,0.15104166666666666,0.0,-0.999958
-0.7291666666666665,0.15625,0.0,-0.999956
-0.7291666666666665,0.16145833333333331,0.0,-0.999954
-0.7291666666666665,0.16666666666666666,0.0,-0.999951
-0.7291666666666665,0.171875,0.0,-0.999949
-0.7291666666666665,0.17708333333333331,0.0,-0.999946
-0.7291666666666665,0.18229166666666666,0.0,-0.999943
-0.7291666666666665,0.1875,0.0,-0.99994
-0.7291666666666665,0.19270833333333331,0.0,-0.999937
-0.7291666666666665,0.19791666666666666,0.0,-0.999934
-0.7291666666666665,0.203125,0.0,-0.99993
-0.7291666666666665,0.20833333333333331,0.0,-0.999926
-0.7291666666666665,0.21354166666666666,0.0,-0.999922
-0.7291666666666665,0.21875,0.0,-0.999918
-0.7291666666666665,0.22395833333333331,0.0,-0.999914
-0.7291666666666665,0.22916666666666666,0.0,-0.999909
-0.7291666666666665,0.234375,0.0,-0.999904
-0.7291666666666665,0.23958333333333331,0.0,-0.999899
-0.7291666666666665,0.24479166666666666,0.0,-0.999894
-0.7291666666666665,0.25,0.0,-0.999888
-0.7291666666666665,0.2552083333333333,0.0,-0.999882
-0.7291666666666665,0.26041666666666663,0.0,-0.999876
-0.7291666666666665,0.265625,0.0,-0.999869
-0.7291666666666665,0.2708333333333333,0.0,-0.999862
-0.7291666666666665,0.27604166666666663,0.0,-0.999855
-0.7291666666666665,0.28125,0.0,-0.999847
-0.7291666666666665,0.2864583333333333,0.0,-0.999839
-0.7291666666666665,0.29166666666666663,0.0,-0.99983
-0.7291666666666665,0.296875,0.0,-0.999821
-0.7291666666666665,0.3020833333333333,0.0,-0.999812
-0.7291666666666665,0.30729166666666663,0.0,-0.999802
-0.7291666666666665,0.3125,0.0,-0.999791
-0.7291666666666665,0.3177083333333333,0.0,-0.99978
-0.7291666666666665,0.32291666666666663,0.0,-0.999768
-0.7291666666666665,0.328125,0.0,-0.999756
-0.7291666666666665,0.3333333333333333,0.0,-0.999743
-0.7291666666666665,0.33854166666666663,0.0,-0.999729
-0.7291666666666665,0.34375,0.0,-0.999714
-0.7291666666666665,0.3489583333333333,0.0,-0.999699
-0.7291666666666665,0.35416666666666663,0.0,-0.999683
-0.7291666666666665,0.359375,0.0,-0.999666
-0.7291666666666665,0.3645833333333333,0.0,-0.999648
-0.7291666666666665,0.36979166666666663,0.0,-0.999629
-0.7291666666666665,0.375,0.0,-0.999609
-0.7291666666666665,0.3802083333333333,0.0,-0.999589
-0.7291666666666665,0.38541666666666663,0.0,-0.999567
-0.7291666666666665,0.390625,0.0,-0.999543
-0.7291666666666665,0.3958333333333333,0.0,-0.999519
-0.7291666666666665,0.40104166666666663,0.0,-0.999493
-0.7291666666666665,0.40625,0.0,-0.999466
-0.7291666666666665,0.4114583333333333,0.0,-0.999438
-0.7291666666666665,0.41666666666666663,0.0,-0.999408
-0.7291666666666665,0.421875,0.0,-0.999376
-0.7291666666666665,0.4270833333333333,0.0,-0.999343
-0.7291666666666665,0.43229166666666663,0.0,-0.999308
-0.7291666666666665,0.4375,0.0,-0.999271
-0.7291666666666665,0.4427083333333333,0.0,-0.999232
-0.7291666666666665,0.44791666666666663,0.0,-0.999191
-0.7291666666666665,0.453125,0.0,-0.999147
-0.7291666666666665,0.4583333333333333,0.0,-0.999102
-0.7291666666666665,0.46354166666666663,0.0,-0.999054
-0.7291666666666665,0.46875,0.0,-0.999003
-0.7291666666666665,0.4739583333333333,0.0,-0.99895
-0.7291666666666665,0.47916666666666663,0.0,-0.998894
-0.7291666666666665,0.484375,0.0,-0.998835
-0.7291666666666665,0.4895833333333333,0.0,-0.998772
-0.7291666666666665,0.49479166666666663,0.0,-0.998707
-0.7291666666666665,0.5,0.0,-0.998638
-0.75,0.0,0.0,-0.999993
-0.75,0.005208333333333333,0.0,-0.999992
-0.75,0.010416666666666666,0.0,-0.999992
-0.75,0.015625,0.0,-0.999991
-0.75,0.020833333333333332,0.0,-0.999991
-0.75,0.026041666666666664,0.0,-0.99999
-0.75,0.03125,0.0,-0.99999
-0.75,0.03645833333333333,0.0,-0.999989
-0.75,0.041666666666666664,0.0,-0.999989
-0.75,0.046875,0.0,-0.999988
-0.75,0.05208333333333333,0.0,-0.999987
-0.75,0.057291666666666664,0.0,-0.999987
-0.75,0.0625,0.0,-0.999986
-0.75,0.06770833333333333,0.0,-0.999985
-0.75,0.07291666666666666,0.0,-0.999985
-0.75,0.078125,0.0,-0.999984
-0.75,0.08333333333333333,0.0,-0.999983
-0.75,0.08854166666666666,0.0,-0.999982
-0.75,0.09375,0.0,-0.999981
-0.75,0.09895833333333333,0.0,-0.99998
-0.75,0.10416666666666666,0.0,-0.999979
-0.75,0.109375,0.0,-0.999978
-0.75,0.11458333333333333,0.0,-0.999977
-0.75,0.11979166666666666,0.0,-0.999975
-0.75,0.125,0.0,-0.999974
-0.75,0.13020833333333331,0.0,-0.999973
-0.75,0.13541666666666666,0.0,-0.999971
-0.75,0.140625,0.0,-0.99997
-0.75,0.14583333333333331,0.0,-0.999968
-0.75,0.15104166666666666,0.0,-0.999966
-0.75,0.15625,0.0,-0.999964
-0.75,0.16145833333333331,0.0,-0.999963
-0.75,0.16666666666666666,0.0,-0.999961
-0.75,0.171875,0.0,-0.999958
-0.75,0.17708333333333331,0.0,-0.999956
-0.75,0.18229166666666666,0.0,-0.999954
-0.75,0.1875,0.0,-0.999951
-0.75,0.19270833333333331,0.0,-0.999949
-0.75,0.19791666666666666,0.0,-0.999946
-0.75,0.203125,0.0,-0.999943
-0.75,0.20833333333333331,0.0,-0.99994
-0.75,0.21354166666666666,0.0,-0.999937
-0.75,0.21875,0.0,-0.999934
-0.75,0.22395833333333331,0.0,-0.99993
-0.75,0.22916666666666666,0.0,-0.999926
-0.75,0.234375,0.0,-0.999922
-0.75,0.23958333333333331,0.0,-0.999918
-0.75,0.24479166666666666,0.0,-0.999914
-0.75,0.25,0.0,-0.999909
-0.75,0.2552083333333333,0.0,-0.999904
-0.75,0.26041666666666663,0.0,-0.999899
-0.75,0.265625,0.0,-0.999894
-0.75,0.2708333333333333,0.0,-0.999888
-0.75,0.27604166666666663,0.0,-0.999882
-0.75,0.28125,0.0,-0.999876
-0.75,0.2864583333333333,0.0,-0.999869
-0.75,0.29166666666666663,0.0,-0.999862
-0.75,0.296875,0.0,-0.999855
-0.75,0.3020833333333333,0.0,-0.999847
-0.75,0.30729166666666663,0.0,-0.999839
-0.75,0.3125,0.0,-0.99983
-0.75,0.3177083333333333,0.0,-0.999821
-0.75,0.32291666666666663,0.0,-0.999812
-0.75,0.328125,0.0,-0.999802
-0.75,0.3333333333333333,0.0,-0.999791
-0.75,0.33854166666666663,0.0,-0.99978
-0.75,0.34375,0.0,-0.999768
-0.75,0.3489583333333333,0.0,-0.999756
-0.75,0.35416666666666663,0.0,-0.999743
-0.75,0.359375,0.0,-0.999729
-0.75,0.3645833333333333,0.0,-0.999714
-0.75,0.36979166666666663,0.0,-0.999699
-0.75,0.375,0.0,-0.999683
-0.75,0.3802083333333333,0.0,-0.999666
-0.75,0.38541666666666663,0.0,-0.999648
-0.75,0.390625,0.0,-0.999629
-0.75,0.3958333333333333,0.0,-0.999609
-0.75,0.40104166666666663,0.0,-0.999589
-0.75,0.40625,0.0,-0.999567
-0.75,0.4114583333333333,0.0,-0.999543
-0.75,0.41666666666666663,0.0,-0.999519
-0.75,0.421875,0.0,-0.999493
-0.75,0.4270833333333333,0.0,-0.999466
-0.75,0.43229166666666663,0.0,-0.999438
-0.75,0.4375,0.0,-0.999408
-0.75,0.4427083333333333,0.0,-0.999376
-0.75,0.44791666666666663,0.0,-0.999343
-0.75,0.453125,0.0,-0.999308
-0.75,0.4583333333333333,0.0,-0.999271
-0.75,0.46354166666666663,0.0,-0.999232
-0.75,0.46875,0.0,-0.99919
-0.75,0.4739583333333333,0.0,-0.999147
-0.75,0.47916666666666663,0.0,-0.999102
-0.75,0.484375,0.0,-0.999054
-0.75,0.4895833333333333,0.0,-0.999003
-0.75,0.49479166666666663,0.0,-0.99895
-0.75,0.5,0.0,-0.998894
-0.7708333333333333,0.0,0.0,-0.999994
-0.7708333333333333,0.005208333333333333,0.0,-0.999994
-0.7708333333333333,0.010416666666666666,0.0,-0.999993
-0.7708333333333333,0.015625,0.0,-0.999993
-0.7708333333333333,0.020833333333333332,0.0,-0.999993
-0.7708333333333333,0.026041666666666664,0.0,-0.999992
-0.7708333333333333,0.03125,0.0,-0.999992
-0.7708333333333333,0.03645833333333333,0.0,-0.999991
-0.7708333333333333,0.041666666666666664,0.0,-0.999991
-0.7708333333333333,0.046875,0.0,-0.99999
-0.7708333333333333,0.05208333333333333,0.0,-0.99999
-0.7708333333333333,0.057291666666666664,0.0,-0.999989
-0.7708333333333333,0.0625,0.0,-0.999989
-0.7708333333333333,0.06770833333333333,0.0,-0.999988
-0.7708333333333333,0.07291666666666666,0.0,-0.999987
-0.7708333333333333,0.078125,0.0,-0.999987
-0.7708333333333333,0.08333333333333333,0.0,-0.999986
-0.7708333333333333,0.08854166666666666,0.0,-0.999985
-0.7708333333333333,0.09375,0.0,-0.999985
-0.7708333333333333,0.09895833333333333,0.0,-0.999984
-0.7708333333333333,0.10416666666666666,0.0,-0.999983
-0.7708333333333333,0.109375,0.0,-0.999982
-0.7708333333333333,0.11458333333333333,0.0,-0.999981
-0.7708333333333333,0.11979166666666666,0.0,-0.99998
-0.7708333333333333,0.125,0.0,-0.999979
-0.7708333333333333,0.13020833333333331,0.0,-0.999978
-0.7708333333333333,0.13541666666666666,0.0,-0.999977
-0.7708333333333333,0.140625,0.0,-0.999975
-0.7708333333333333,0.14583333333333331,0.0,-0.999974
-0.7708333333333333,0.15104166666666666,0.0,-0.999973
-0.7708333333333333,0.15625,0.0,-0.999971
-0.7708333333333333,0.16145833333333331,0.0,-0.99997
-0.7708333333333333,0.16666666666666666,0.0,-0.999968
-0.7708333333333333,0.171875,0.0,-0.999966
-0.7708333333333333,0.17708333333333331,0.0,-0.999964
-0.7708333333333333,0.18229166666666666,0.0,-0.999963
-0.7708333333333333,0.1875,0.0,-0.999961
-0.7708333333333333,0.19270833333333331,0.0,-0.999958
-0.7708333333333333,0.19791666666666666,0.0,-0.999956
-0.7708333333333333,0.203125,0.0,-0.999954
-0.7708333333333333,0.20833333333333331,0.0,-0.999951
-0.7708333333333333,0.21354166666666666,0.0,-0.999949
-0.7708333333333333,0.21875,0.0,-0.999946
-0.7708333333333333,0.22395833333333331,0.0,-0.999943
-0.7708333333333333,0.22916666666666666,0.0,-0.99994
-0.7708333333333333,0.234375,0.0,-0.999937
-0.7708333333333333,0.23958333333333331,0.0,-0.999934
-0.7708333333333333,0.24479166666666666,0.0,-0.99993
-0.7708333333333333,0.25,0.0,-0.999926
-0.7708333333333333,0.2552083333333333,0.0,-0.999922
-0.7708333333333333,0.26041666666666663,0.0,-0.999918
-0.7708333333333333,0.265625,0.0,-0.999914
-0.7708333333333333,0.2708333333333333,0.0,-0.999909
-0.7708333333333333,0.27604166666666663,0.0,-0.999904
-0.7708333333333333,0.28125,0.0,-0.999899
-0.7708333333333333,0.2864583333333333,0.0,-0.999894
-0.7708333333333333,0.29166666666666663,0.0,-0.999888
-0.7708333333333333,0.296875,0.0,-0.999882
-0.7708333333333333,0.3020833333333333,0.0,-0.999876
-0.7708333333333333,0.30729166666666663,0.0,-0.999869
-0.7708333333333333,0.3125,0.0,-0.999862
-0.7708333333333333,0.3177083333333333,0.0,-0.999855
-0.7708333333333333,0.32291666666666663,0.0,-0.999847
-0.7708333333333333,0.328125,0.0,-0.999839
-0.7708333333333333,0.3333333333333333,0.0,-0.99983
-0.7708333333333333,0.33854166666666663,0.0,-0.999821
-0.7708333333333333,0.34375,0.0,-0.999812
-0.7708333333333333,0.3489583333333333,0.0,-0.999802
-0.7708333333333333,0.35416666666666663,0.0,-0.999791
-0.7708333333333333,0.359375,0.0,-0.99978
-0.7708333333333333,0.3645833333333333,0.0,-0.999768
-0.7708333333333333,0.36979166666666663,0.0,-0.999756
-0.7708333333333333,0.375,0.0,-0.999743
-0.7708333333333333,0.3802083333333333,0.0,-0.999729
-0.7708333333333333,0.38541666666666663,0.0,-0.999714
-0.7708333333333333,0.390625,0.0,-0.999699
-0.7708333333333333,0.3958333333333333,0.0,-0.999683
-0.7708333333333333,0.40104166666666663,0.0,-0.999666
-0.7708333333333333,0.40625,0.0,-0.999648
-0.7708333333333333,0.4114583333333333,0.0,-0.999629
-0.7708333333333333,0.41666666666666663,0.0,-0.999609
-0.7708333333333333,0.421875,0.0,-0.999589
-0.7708333333333333,0.4270833333333333,0.0,-0.999567
-0.7708333333333333,0.43229166666666663,0.0,-0.999543
-0.7708333333333333,0.4375,0.0,-0.999519
-0.7708333333333333,0.4427083333333333,0.0,-0.999493
-0.7708333333333333,0.44791666666666663,0.0,-0.999466
-0.7708333333333333,0.453125,0.0,-0.999438
-0.7708333333333333,0.4583333333333333,0.0,-0.999408
-0.7708333333333333,0.46354166666666663,0.0,-0.999376
-0.7708333333333333,0.46875,0.0,-0.999343
-0.7708333333333333,0.4739583333333333,0.0,-0.999308
-0.7708333333333333,0.47916666666666663,0.0,-0.999271
-0.7708333333333333,0.484375,0.0,-0.999232
-0.7708333333333333,0.4895833333333333,0.0,-0.99919
-0.7708333333333333,0.49479166666666663,0.0,-0.999147
-0.7708333333333333,0.5,0.0,-0.999102
-0.7916666666666665,0.0,0.0,-0.999995
-0.7916666666666665,0.005208333333333333,0.0,-0.999995
-0.7916666666666665,0.010416666666666666,0.0,-0.999995
-0.7916666666666665,0.015625,0.0,-0.999994
-0.7916666666666665,0.020833333333333332,0.0,-0.999994
-0.7916666666666665,0.026041666666666664,0.0,-0.999994
-0.7916666666666665,0.03125,0.0,-0.999993
-0.7916666666666665,0.03645833333333333,0.0,-0.999993
-0.7916666666666665,0.041666666666666664,0.0,-0.999993
-0.7916666666666665,0.046875,0.0,-0.999992
-0.7916666666666665,0.05208333333333333,0.0,-0.999992
-0.7916666666666665,0.057291666666666664,0.0,-0.999991
-0.7916666666666665,0.0625,0.0,-0.999991
-0.7916666666666665,0.06770833333333333,0.0,-0.99999
-0.7916666666666665,0.07291666666666666,0.0,-0.99999
-0.7916666666666665,0.078125,0.0,-0.999989
-0.7916666666666665,0.08333333333333333,0.0,-0.999989
-0.7916666666666665,0.08854166666666666,0.0,-0.999988
-0.7916666666666665,0.09375,0.0,-0.999987
-0.7916666666666665,0.09895833333333333,0.0,-0.999987
-0.7916666666666665,0.10416666666666666,0.0,-0.999986
-0.7916666666666665,0.109375,0.0,-0.999985
-0.7916666666666665,0.11458333333333333,0.0,-0.999985
-0.7916666666666665,0.11979166666666666,0.0,-0.999984
-0.7916666666666665,0.125,0.0,-0.999983
-0.7916666666666665,0.13020833333333331,0.0,-0.999982
-0.7916666666666665,0.13541666666666666,0.0,-0.999981
-0.7916666666666665,0.140625,0.0,-0.99998
-0.7916666666666665,0.14583333333333331,0.0,-0.999979
-0.7916666666666665,0.15104166666666666,0.0,-0.999978
-0.7916666666666665,0.15625,0.0,-0.999977
-0.7916666666666665,0.16145833333333331,0.0,-0.999975
-0.7916666666666665,0.16666666666666666,0.0,-0.999974
-0.7916666666666665,0.171875,0.0,-0.999973
-0.7916666666666665,0.17708333333333331,0.0,-0.999971
-0.7916666666666665,0.18229166666666666,0.0,-0.99997
-0.7916666666666665,0.1875,0.0,-0.999968
-0.7916666666666665,0.19270833333333331,0.0,-0.999966
-0.7916666666666665,0.19791666666666666,0.0,-0.999964
-0.7916666666666665,0.203125,0.0,-0.999963
-0.7916666666666665,0.20833333333333331,0.0,-0.999961
-0.7916666666666665,0.21354166666666666,0.0,-0.999958
-0.7916666666666665,0.21875,0.0,-0.999956
-0.7916666666666665,0.22395833333333331,0.0,-0.999954
-0.7916666666666665,0.22916666666666666,0.0,-0.999951
-0.7916666666666665,0.234375,0.0,-0.999949
-0.7916666666666665,0.23958333333333331,0.0,-0.999946
-0.7916666666666665,0.24479166666666666,0.0,-0.999943
-0.7916666666666665,0.25,0.0,-0.99994
-0.7916666666666665,0.2552083333333333,0.0,-0.999937
-0.7916666666666665,0.26041666666666663,0.0,-0.999934
-0.7916666666666665,0.265625,0.0,-0.99993
-0.7916666666666665,0.2708333333333333,0.0,-0.999926
-0.7916666666666665,0.27604166666666663,0.0,-0.999922
-0.7916666666666665,0.28125,0.0,-0.999918
-0.7916666666666665,0.2864583333333333,0.0,-0.999914
-0.7916666666666665,0.29166666666666663,0.0,-0.999909
-0.7916666666666665,0.296875,0.0,-0.999904
-0.7916666666666665,0.3020833333333333,0.0,-0.999899
-0.7916666666666665,0.30729166666666663,0.0,-0.999894
-0.7916666666666665,0.3125,0.0,-0.999888
-0.7916666666666665,0.3177083333333333,0.0,-0.999882
-0.7916666666666665,0.32291666666666663,0.0,-0.999876
-0.7916666666666665,0.328125,0.0,-0.999869
-0.7916666666666665,0.3333333333333333,0.0,-0.999862
-0.7916666666666665,0.33854166666666663,0.0,-0.999855
-0.7916666666666665,0.34375,0.0,-0.999847
-0.7916666666666665,0.3489583333333333,0.0,-0.999839
-0.7916666666666665,0.35416666666666663,0.0,-0.99983
-0.7916666666666665,0.359375,0.0,-0.999821
-0.7916666666666665,0.3645833333333333,0.0,-0.999812
-0.7916666666666665,0.36979166666666663,0.0,-0.999802
-0.7916666666666665,0.375,0.0,-0.999791
-0.7916666666666665,0.3802083333333333,0.0,-0.99978
-0.7916666666666665,0.38541666666666663,0.0,-0.999768
-0.7916666666666665,0.390625,0.0,-0.999756
-0.7916666666666665,0.3958333333333333,0.0,-0.999743
-0.7916666666666665,0.40104166666666663,0.0,-0.999729
-0.7916666666666665,0.40625,0.0,-0.999714
-0.7916666666666665,0.4114583333333333,0.0,-0.999699
-0.7916666666666665,0.41666666666666663,0.0,-0.999683
-0.7916666666666665,0.421875,0.0,-0.999666
-0.7916666666666665,0.4270833333333333,0.0,-0.999648
-0.7916666666666665,0.43229166666666663,0.0,-0.999629
-0.7916666666666665,0.4375,0.0,-0.999609
-0.7916666666666665,0.4427083333333333,0.0,-0.999589
-0.7916666666666665,0.44791666666666663,0.0,-0.999567
-0.7916666666666665,0.453125,0.0,-0.999543
-0.7916666666666665,0.4583333333333333,0.0,-0.999519
-0.7916666666666665,0.46354166666666663,0.0,-0.999493
-0.7916666666666665,0.46875,0.0,-0.999466
-0.7916666666666665,0.4739583333333333,0.0,-0.999438
-0.7916666666666665,0.47916666666666663,0.0,-0.999408
-0.7916666666666665,0.484375,0.0,-0.999376
-0.7916666666666665,0.4895833333333333,0.0,-0.999343
-0.7916666666666665,0.49479166666666663,0.0,-0.999308
-0.7916666666666665,0.5,0.0,-0.999271
-0.8125,0.0,0.0,-0.999996
-0.8125,0.005208333333333333,0.0,-0.999996
-0.8125,0.010416666666666666,0.0,-0.999996
-0.8125,0.015625,0.0,-0.999995
-0.8125,0.020833333333333332,0.0,-0.999995
-0.8125,0.026041666666666664,0.0,-0.999995
-0.8125,0.03125,0.0,-0.999995
-0.8125,0.03645833333333333,0.0,-0.999994
-0.8125,0.041666666666666664,0.0,-0.999994
-0.8125,0.046875,0.0,-0.999994
-0.8125,0.05208333333333333,0.0,-0.999993
-0.8125,0.057291666666666664,0.0,-0.999993
-0.8125,0.0625,0.0,-0.999993
-0.8125,0.06770833333333333,0.0,-0.999992
-0.8125,0.07291666666666666,0.0,-0.999992
-0.8125,0.078125,0.0,-0.999991
-0.8125,0.08333333333333333,0.0,-0.999991
-0.8125,0.08854166666666666,0.0,-0.99999
-0.8125,0.09375,0.0,-0.99999
-0.8125,0.09895833333333333,0.0,-0.999989
-0.8125,0.10416666666666666,0.0,-0.999989
-0.8125,0.109375,0.0,-0.999988
-0.8125,0.11458333333333333,0.0,-0.999987
-0.8125,0.11979166666666666,0.0,-0.999987
-0.8125,0.125,0.0,-0.999986
-0.8125,0.13020833333333331,0.0,-0.999985
-0.8125,0.13541666666666666,0.0,-0.999985
-0.8125,0.140625,0.0,-0.999984
-0.8125,0.14583333333333331,0.0,-0.999983
-0.8125,0.15104166666666666,0.0,-0.999982
-0.8125,0.15625,0.0,-0.999981
-0.8125,0.16145833333333331,0.0,-0.99998
-0.8125,0.16666666666666666,0.0,-0.999979
-0.8125,0.171875,0.0,-0.999978
-0.8125,0.17708333333333331,0.0,-0.999977
-0.8125,0.18229166666666666,0.0,-0.999975
-0.8125,0.1875,0.0,-0.999974
-0.8125,0.19270833333333331,0.0,-0.999973
-0.8125,0.19791666666666666,0.0,-0.999971
-0.8125,0.203125,0.0,-0.99997
-0.8125,0.20833333333333331,0.0,-0.999968
-0.8125,0.21354166666666666,0.0,-0.999966
-0.8125,0.21875,0.0,-0.999964
-0.8125,0.22395833333333331,0.0,-0.999963
-0.8125,0.22916666666666666,0.0,-0.999961
-0.8125,0.234375,0.0,-0.999958
-0.8125,0.23958333333333331,0.0,-0.999956
-0.8125,0.24479166666666666,0.0,-0.999954
-0.8125,0.25,0.0,-0.999951
-0.8125,0.2552083333333333,0.0,-0.999949
-0.8125,0.26041666666666663,0.0,-0.999946
-0.8125,0.265625,0.0,-0.999943
-0.8125,0.2708333333333333,0.0,-0.99994
-0.8125,0.27604166666666663,0.0,-0.999937
-0.8125,0.28125,0.0,-0.999934
-0.8125,0.2864583333333333,0.0,-0.99993
-0.8125,0.29166666666666663,0.0,-0.999926
-0.8125,0.296875,0.0,-0.999922
-0.8125,0.3020833333333333,0.0,-0.999918
-0.8125,0.30729166666666663,0.0,-0.999914
-0.8125,0.3125,0.0,-0.999909
-0.8125,0.3177083333333333,0.0,-0.999904
-0.8125,0.32291666666666663,0.0,-0.999899
-0.8125,0.328125,0.0,-0.999894
-0.8125,0.3333333333333333,0.0,-0.999888
-0.8125,0.33854166666666663,0.0,-0.999882
-0.8125,0.34375,0.0,-0.999876
-0.8125,0.3489583333333333,0.0,-0.999869
-0.8125,0.35416666666666663,0.0,-0.999862
-0.8125,0.359375,0.0,-0.999855
-0.8125,0.3645833333333333,0.0,-0.999847
-0.8125,0.36979166666666663,0.0,-0.999839
-0.8125,0.375,0.0,-0.99983
-0.8125,0.3802083333333333,0.0,-0.999821
-0.8125,0.38541666666666663,0.0,-0.999812
-0.8125,0.390625,0.0,-0.999802
-0.8125,0.3958333333333333,0.0,-0.999791
-0.8125,0.40104166666666663,0.0,-0.99978
-0.8125,0.40625,0.0,-0.999768
-0.8125,0.4114583333333333,0.0,-0.999756
-0.8125,0.41666666666666663,0.0,-0.999743
-0.8125,0.421875,0.0,-0.999729
-0.8125,0.4270833333333333,0.0,-0.999714
-0.8125,0.43229166666666663,0.0,-0.999699
-0.8125,0.4375,0.0,-0.999683
-0.8125,0.4427083333333333,0.0,-0.999666
-0.8125,0.44791666666666663,0.0,-0.999648
-0.8125,0.453125,0.0,-0.999629
-0.8125,0.4583333333333333,0.0,-0.999609
-0.8125,0.46354166666666663,0.0,-0.999589
-0.8125,0.46875,0.0,-0.999567
-0.8125,0.4739583333333333,0.0,-0.999543
-0.8125,0.47916666666666663,0.0,-0.999519
-0.8125,0.484375,0.0,-0.999493
-0.8125,0.4895833333333333,0.0,-0.999466
-0.8125,0.49479166666666663,0.0,-0.999438
-0.8125,0.5,0.0,-0.999408
-0.8333333333333333,0.0,0.0,-0.999997
-0.8333333333333333,0.005208333333333333,0.0,-0.999997
-0.8333333333333333,0.010416666666666666,0.0,-0.999996
-0.8333333333333333,0.015625,0.0,-0.999996
-0.8333333333333333,0.020833333333333332,0.0,-0.999996
-0.8333333333333333,0.026041666666666664,0.0,-0.999996
-0.8333333333333333,0.03125,0.0,-0.999996
-0.8333333333333333,0.03645833333333333,0.0,-0.999995
-0.8333333333333333,0.041666666666666664,0.0,-0.999995
-0.8333333333333333,0.046875,0.0,-0.999995
-0.8333333333333333,0.05208333333333333,0.0,-0.999995
-0.8333333333333333,0.057291666666666664,0.0,-0.999994
-0.8333333333333333,0.0625,0.0,-0.999994
-0.8333333333333333,0.06770833333333333,0.0,-0.999994
-0.8333333333333333,0.07291666666666666,0.0,-0.999993
-0.8333333333333333,0.078125,0.0,-0.999993
-0.8333333333333333,0.08333333333333333,0.0,-0.999993
-0.8333333333333333,0.08854166666666666,0.0,-0.999992
-0.8333333333333333,0.09375,0.0,-0.999992
-0.8333333333333333,0.09895833333333333,0.0,-0.999991
-0.8333333333333333,0.10416666666666666,0.0,-0.999991
-0.8333333333333333,0.109375,0.0,-0.99999
-0.8333333333333333,0.11458333333333333,0.0,-0.99999
-0.8333333333333333,0.11979166666666666,0.0,-0.999989
-0.8333333333333333,0.125,0.0,-0.999989
-0.8333333333333333,0.13020833333333331,0.0,-0.999988
-0.8333333333333333,0.13541666666666666,0.0,-0.999987
-0.8333333333333333,0.140625,0.0,-0.999987
-0.8333333333333333,0.14583333333333331,0.0,-0.999986
-0.8333333333333333,0.15104166666666666,0.0,-0.999985
-0.8333333333333333,0.15625,0.0,-0.999985
-0.8333333333333333,0.16145833333333331,0.0,-0.999984
-0.8333333333333333,0.16666666666666666,0.0,-0.999983
-0.8333333333333333,0.171875,0.0,-0.999982
-0.8333333333333333,0.17708333333333331,0.0,-0.999981
-0.8333333333333333,0.18229166666666666,0.0,-0.99998
-0.8333333333333333,0.1875,0.0,-0.999979
-0.8333333333333333,0.19270833333333331,0.0,-0.999978
-0.8333333333333333,0.19791666666666666,0.0,-0.999977
-0.8333333333333333,0.203125,0.0,-0.999975
-0.8333333333333333,0.20833333333333331,0.0,-0.999974
-0.8333333333333333,0.21354166666666666,0.0,-0.999973
-0.8333333333333333,0.21875,0.0,-0.999971
-0.8333333333333333,0.22395833333333331,0.0,-0.99997
-0.8333333333333333,0.22916666666666666,0.0,-0.999968
-0.8333333333333333,0.234375,0.0,-0.999966
-0.8333333333333333,0.23958333333333331,0.0,-0.999964
-0.8333333333333333,0.24479166666666666,0.0,-0.999963
-0.8333333333333333,0.25,0.0,-0.999961
-0.8333333333333333,0.2552083333333333,0.0,-0.999958
-0.8333333333333333,0.26041666666666663,0.0,-0.999956
-0.8333333333333333,0.265625,0.0,-0.999954
-0.8333333333333333,0.2708333333333333,0.0,-0.999951
-0.8333333333333333,0.27604166666666663,0.0,-0.999949
-0.8333333333333333,0.28125,0.0,-0.999946
-0.8333333333333333,0.2864583333333333,0.0,-0.999943
-0.8333333333333333,0.29166666666666663,0.0,-0.99994
-0.8333333333333333,0.296875,0.0,-0.999937
-0.8333333333333333,0.3020833333333333,0.0,-0.999934
-0.8333333333333333,0.30729166666666663,0.0,-0.99993
-0.8333333333333333,0.3125,0.0,-0.999926
-0.8333333333333333,0.3177083333333333,0.0,-0.999922
-0.8333333333333333,0.32291666666666663,0.0,-0.999918
-0.8333333333333333,0.328125,0.0,-0.999914
-0.8333333333333333,0.3333333333333333,0.0,-0.999909
-0.8333333333333333,0.33854166666666663,0.0,-0.999904
-0.8333333333333333,0.34375,0.0,-0.999899
-0.8333333333333333,0.3489583333333333,0.0,-0.999894
-0.8333333333333333,0.35416666666666663,0.0,-0.999888
-0.8333333333333333,0.359375,0.0,-0.999882
-0.8333333333333333,0.3645833333333333,0.0,-0.999876
-0.8333333333333333,0.36979166666666663,0.0,-0.999869
-0.8333333333333333,0.375,0.0,-0.999862
-0.8333333333333333,0.3802083333333333,0.0,-0.999855
-0.8333333333333333,0.38541666666666663,0.0,-0.999847
-0.8333333333333333,0.390625,0.0,-0.999839
-0.8333333333333333,0.3958333333333333,0.0,-0.99983
-0.8333333333333333,0.40104166666666663,0.0,-0.999821
-0.8333333333333333,0.40625,0.0,-0.999812
-0.8333333333333333,0.4114583333333333,0.0,-0.999802
-0.8333333333333333,0.41666666666666663,0.0,-0.999791
-0.8333333333333333,0.421875,0.0,-0.99978
-0.8333333333333333,0.4270833333333333,0.0,-0.999768
-0.8333333333333333,0.43229166666666663,0.0,-0.999756
-0.8333333333333333,0.4375,0.0,-0.999743
-0.8333333333333333,0.4427083333333333,0.0,-0.999729
-0.8333333333333333,0.44791666666666663,0.0,-0.999714
-0.8333333333333333,0.453125,0.0,-0.999699
-0.8333333333333333,0.4583333333333333,0.0,-0.999683
-0.8333333333333333,0.46354166666666663,0.0,-0.999666
-0.8333333333333333,0.46875,0.0,-0.999648
-0.8333333333333333,0.4739583333333333,0.0,-0.999629
-0.8333333333333333,0.47916666666666663,0.0,-0.999609
-0.8333333333333333,0.484375,0.0,-0.999589
-0.8333333333333333,0.4895833333333333,0.0,-0.999567
-0.8333333333333333,0.49479166666666663,0.0,-0.999543
-0.8333333333333333,0.5,0.0,-0.999519
-0.8541666666666665,0.0,0.0,-0.999997
-0.8541666666666665,0.005208333333333333,0.0,-0.999997
-0.8541666666666665,0.010416666666666666,0.0,-0.999997
-0.8541666666666665,0.015625,0.0,-0.999997
-0.8541666666666665,0.020833333333333332,0.0,-0.999997
-0.8541666666666665,0.026041666666666664,0.0,-0.999997
-0.8541666666666665,0.03125,0.0,-0.999996
-0.8541666666666665,0.03645833333333333,0.0,-0.999996
-0.8541666666666665,0.041666666666666664,0.0,-0.999996
-0.8541666666666665,0.046875,0.0,-0.999996
-0.8541666666666665,0.05208333333333333,0.0,-0.999996
-0.8541666666666665,0.057291666666666664,0.0,-0.999995
-0.8541666666666665,0.0625,0.0,-0.999995
-0.8541666666666665,0.06770833333333333,0.0,-0.999995
-0.8541666666666665,0.07291666666666666,0.0,-0.999995
-0.8541666666666665,0.078125,0.0,-0.999994
-0.8541666666666665,0.08333333333333333,0.0,-0.999994
-0.8541666666666665,0.08854166666666666,0.0,-0.999994
-0.8541666666666665,0.09375,0.0,-0.999993
-0.8541666666666665,0.09895833333333333,0.0,-0.999993
-0.8541666666666665,0.10416666666666666,0.0,-0.999993
-0.8541666666666665,0.109375,0.0,-0.999992
-0.8541666666666665,0.11458333333333333,0.0,-0.999992
-0.8541666666666665,0.11979166666666666,0.0,-0.999991
-0.8541666666666665,0.125,0.0,-0.999991
-0.8541666666666665,0.13020833333333331,0.0,-0.99999
-0.8541666666666665,0.13541666666666666,0.0,-0.99999
-0.8541666666666665,0.140625,0.0,-0.999989
-0.8541666666666665,0.14583333333333331,0.0,-0.999989
-0.8541666666666665,0.15104166666666666,0.0,-0.999988
-0.8541666666666665,0.15625,0.0,-0.999987
-0.8541666666666665,0.16145833333333331,0.0,-0.999987
-0.8541666666666665,0.16666666666666666,0.0,-0.999986
-0.8541666666666665,0.171875,0.0,-0.999985
-0.8541666666666665,0.17708333333333331,0.0,-0.999985
-0.8541666666666665,0.18229166666666666,0.0,-0.999984
-0.8541666666666665,0.1875,0.0,-0.999983
-0.8541666666666665,0.19270833333333331,0.0,-0.999982
-0.8541666666666665,0.19791666666666666,0.0,-0.999981
-0.8541666666666665,0.203125,0.0,-0.99998
-0.8541666666666665,0.20833333333333331,0.0,-0.999979
-0.8541666666666665,0.21354166666666666,0.0,-0.999978
-0.8541666666666665,0.21875,0.0,-0.999977
-0.8541666666666665,0.22395833333333331,0.0,-0.999975
-0.8541666666666665,0.22916666666666666,0.0,-0.999974
-0.8541666666666665,0.234375,0.0,-0.999973
-0.8541666666666665,0.23958333333333331,0.0,-0.999971
-0.8541666666666665,0.24479166666666666,0.0,-0.99997
-0.8541666666666665,0.25,0.0,-0.999968
-0.8541666666666665,0.2552083333333333,0.0,-0.999966
-0.8541666666666665,0.26041666666666663,0.0,-0.999964
-0.8541666666666665,0.265625,0.0,-0.999963
-0.8541666666666665,0.2708333333333333,0.0,-0.999961
-0.8541666666666665,0.27604166666666663,0.0,-0.999958
-0.8541666666666665,0.28125,0.0,-0.999956
-0.8541666666666665,0.2864583333333333,0.0,-0.999954
-0.8541666666666665,0.29166666666666663,0.0,-0.999951
-0.8541666666666665,0.296875,0.0,-0.999949
-0.8541666666666665,0.3020833333333333,0.0,-0.999946
-0.8541666666666665,0.30729166666666663,0.0,-0.999943
-0.8541666666666665,0.3125,0.0,-0.99994
-0.8541666666666665,0.3177083333333333,0.0,-0.999937
-0.8541666666666665,0.32291666666666663,0.0,-0.999934
-0.8541666666666665,0.328125,0.0,-0.99993
-0.8541666666666665,0.3333333333333333,0.0,-0.999926
-0.8541666666666665,0.33854166666666663,0.0,-0.999922
-0.8541666666666665,0.34375,0.0,-0.999918
-0.8541666666666665,0.3489583333333333,0.0,-0.999914
-0.8541666666666665,0.35416666666666663,0.0,-0.999909
-0.8541666666666665,0.359375,0.0,-0.999904
-0.8541666666666665,0.3645833333333333,0.0,-0.999899
-0.8541666666666665,0.36979166666666663,0.0,-0.999894
-0.8541666666666665,0.375,0.0,-0.999888
-0.8541666666666665,0.3802083333333333,0.0,-0.999882
-0.8541666666666665,0.38541666666666663,0.0,-0.999876
-0.8541666666666665,0.390625,0.0,-0.999869
-0.8541666666666665,0.3958333333333333,0.0,-0.999862
-0.8541666666666665,0.40104166666666663,0.0,-0.999855
-0.8541666666666665,0.40625,0.0,-0.999847
-0.8541666666666665,0.4114583333333333,0.0,-0.999839
-0.8541666666666665,0.41666666666666663,0.0,-0.99983
-0.8541666666666665,0.421875,0.0,-0.999821
-0.8541666666666665,0.4270833333333333,0.0,-0.999812
-0.8541666666666665,0.43229166666666663,0.0,-0.999802
-0.8541666666666665,0.4375,0.0,-0.999791
-0.8541666666666665,0.4427083333333333,0.0,-0.99978
-0.8541666666666665,0.44791666666666663,0.0,-0.999768
-0.8541666666666665,0.453125,0.0,-0.999756
-0.8541666666666665,0.4583333333333333,0.0,-0.999743
-0.8541666666666665,0.46354166666666663,0.0,-0.999729
-0.8541666666666665,0.46875,0.0,-0.999714
-0.8541666666666665,0.4739583333333333,0.0,-0.999699
-0.8541666666666665,0.47916666666666663,0.0,-0.999683
-0.8541666666666665,0.484375,0.0,-0.999666
-0.8541666666666665,0.4895833333333333,0.0,-0.999648
-0.8541666666666665,0.49479166666666663,0.0,-0.999629
-0.8541666666666665,0.5,0.0,-0.999609
-0.875,0.0,0.0,-0.999998
-0.875,0.005208333333333333,0.0,-0.999998
-0.875,0.010416666666666666,0.0,-0.999998
-0.875,0.015625,0.0,-0.999998
-0.875,0.020833333333333332,0.0,-0.999997
-0.875,0.026041666666666664,0.0,-0.999997
-0.875,0.03125,0.0,-0.999997
-0.875,0.03645833333333333,0.0,-0.999997
-0.875,0.041666666666666664,0.0,-0.999997
-0.875,0.046875,0.0,-0.999997
-0.875,0.05208333333333333,0.0,-0.999996
-0.875,0.057291666666666664,0.0,-0.999996
-0.875,0.0625,0.0,-0.999996
-0.875,0.06770833333333333,0.0,-0.999996
-0.875,0.07291666666666666,0.0,-0.999996
-0.875,0.078125,0.0,-0.999995
-0.875,0.08333333333333333,0.0,-0.999995
-0.875,0.08854166666666666,0.0,-0.999995
-0.875,0.09375,0.0,-0.999995
-0.875,0.09895833333333333,0.0,-0.999994
-0.875,0.10416666666666666,0.0,-0.999994
-0.875,0.109375,0.0,-0.999994
-0.875,0.11458333333333333,0.0,-0.999993
-0.875,0.11979166666666666,0.0,-0.999993
-0.875,0.125,0.0,-0.999993
-0.875,0.13020833333333331,0.0,-0.999992
-0.875,0.13541666666666666,0.0,-0.999992
-0.875,0.140625,0.0,-0.999991
-0.875,0.14583333333333331,0.0,-0.999991
-0.875,0.15104166666666666,0.0,-0.99999
-0.875,0.15625,0.0,-0.99999
-0.875,0.16145833333333331,0.0,-0.999989
-0.875,0.16666666666666666,0.0,-0.999989
-0.875,0.171875,0.0,-0.999988
-0.875,0.17708333333333331,0.0,-0.999987
-0.875,0.18229166666666666,0.0,-0.999987
-0.875,0.1875,0.0,-0.999986
-0.875,0.19270833333333331,0.0,-0.999985
-0.875,0.19791666666666666,0.0,-0.999985
-0.875,0.203125,0.0,-0.999984
-0.875,0.20833333333333331,0.0,-0.999983
-0.875,0.21354166666666666,0.0,-0.999982
-0.875,0.21875,0.0,-0.999981
-0.875,0.22395833333333331,0.0,-0.99998
-0.875,0.22916666666666666,0.0,-0.999979
-0.875,0.234375,0.0,-0.999978
-0.875,0.23958333333333331,0.0,-0.999977
-0.875,0.24479166666666666,0.0,-0.999975
-0.875,0.25,0.0,-0.999974
-0.875,0.2552083333333333,0.0,-0.999973
-0.875,0.26041666666666663,0.0,-0.999971
-0.875,0.265625,0.0,-0.99997
-0.875,0.2708333333333333,0.0,-0.999968
-0.875,0.27604166666666663,0.0,-0.999966
-0.875,0.28125,0.0,-0.999964
-0.875,0.2864583333333333,0.0,-0.999963
-0.875,0.29166666666666663,0.0,-0.999961
-0.875,0.296875,0.0,-0.999958
-0.875,0.3020833333333333,0.0,-0.999956
-0.875,0.30729166666666663,0.0,-0.999954
-0.875,0.3125,0.0,-0.999951
-0.875,0.3177083333333333,0.0,-0.999949
-0.875,0.32291666666666663,0.0,-0.999946
-0.875,0.328125,0.0,-0.999943
-0.875,0.3333333333333333,0.0,-0.99994
-0.875,0.33854166666666663,0.0,-0.999937
-0.875,0.34375,0.0,-0.999934
-0.875,0.3489583333333333,0.0,-0.99993
-0.875,0.35416666666666663,0.0,-0.999926
-0.875,0.359375,0.0,-0.999922
-0.875,0.3645833333333333,0.0,-0.999918
-0.875,0.36979166666666663,0.0,-0.999914
-0.875,0.375,0.0,-0.999909
-0.875,0.3802083333333333,0.0,-0.999904
-0.875,0.38541666666666663,0.0,-0.999899
-0.875,0.390625,0.0,-0.999894
-0.875,0.3958333333333333,0.0,-0.999888
-0.875,0.40104166666666663,0.0,-0.999882
-0.875,0.40625,0.0,-0.999876
-0.875,0.4114583333333333,0.0,-0.999869
-0.875,0.41666666666666663,0.0,-0.999862
-0.875,0.421875,0.0,-0.999855
-0.875,0.4270833333333333,0.0,-0.999847
-0.875,0.43229166666666663,0.0,-0.999839
-0.875,0.4375,0.0,-0.99983
-0.875,0.4427083333333333,0.0,-0.999821
-0.875,0.44791666666666663,0.0,-0.999812
-0.875,0.453125,0.0,-0.999802
-0.875,0.4583333333333333,0.0,-0.999791
-0.875,0.46354166666666663,0.0,-0.99978
-0.875,0.46875,0.0,-0.999768
-0.875,0.4739583333333333,0.0,-0.999756
-0.875,0.47916666666666663,0.0,-0.999743
-0.875,0.484375,0.0,-0.999729
-0.875,0.4895833333333333,0.0,-0.999714
-0.875,0.49479166666666663,0.0,-0.999699
-0.875,0.5,0.0,-0.999683
-0.8958333333333333,0.0,0.0,-0.999998
-0.8958333333333333,0.005208333333333333,0.0,-0.999998
-0.8958333333333333,0.010416666666666666,0.0,-0.999998
-0.8958333333333333,0.015625,0.0,-0.999998
-0.8958333333333333,0.020833333333333332,0.0,-0.999998
-0.8958333333333333,0.026041666666666664,0.0,-0.999998
-0.8958333333333333,0.03125,0.0,-0.999998
-0.8958333333333333,0.03645833333333333,0.0,-0.999998
-0.8958333333333333,0.041666666666666664,0.0,-0.999997
-0.8958333333333333,0.046875,0.0,-0.999997
-0.8958333333333333,0.05208333333333333,0.0,-0.999997
-0.8958333333333333,0.057291666666666664,0.0,-0.999997
-0.8958333333333333,0.0625,0.0,-0.999997
-0.8958333333333333,0.06770833333333333,0.0,-0.999997
-0.8958333333333333,0.07291666666666666,0.0,-0.999996
-0.8958333333333333,0.078125,0.0,-0.999996
-0.8958333333333333,0.08333333333333333,0.0,-0.999996
-0.8958333333333333,0.08854166666666666,0.0,-0.999996
-0.8958333333333333,0.09375,0.0,-0.999996
-0.8958333333333333,0.09895833333333333,0.0,-0.999995
-0.8958333333333333,0.10416666666666666,0.0,-0.999995
-0.8958333333333333,0.109375,0.0,-0.999995
-0.8958333333333333,0.11458333333333333,0.0,-0.999995
-0.8958333333333333,0.11979166666666666,0.0,-0.999994
-0.8958333333333333,0.125,0.0,-0.999994
-0.8958333333333333,0.13020833333333331,0.0,-0.999994
-0.8958333333333333,0.13541666666666666,0.0,-0.999993
-0.8958333333333333,0.140625,0.0,-0.999993
-0.8958333333333333,0.14583333333333331,0.0,-0.999993
-0.8958333333333333,0.15104166666666666,0.0,-0.999992
-0.8958333333333333,0.15625,0.0,-0.999992
-0.8958333333333333,0.16145833333333331,0.0,-0.999991
-0.8958333333333333,0.16666666666666666,0.0,-0.999991
-0.8958333333333333,0.171875,0.0,-0.99999
-0.8958333333333333,0.17708333333333331,0.0,-0.99999
-0.8958333333333333,0.18229166666666666,0.0,-0.999989
-0.8958333333333333,0.1875,0.0,-0.999989
-0.8958333333333333,0.19270833333333331,0.0,-0.999988
-0.8958333333333333,0.19791666666666666,0.0,-0.999987
-0.8958333333333333,0.203125,0.0,-0.999987
-0.8958333333333333,0.20833333333333331,0.0,-0.999986
-0.8958333333333333,0.21354166666666666,0.0,-0.999985
-0.8958333333333333,0.21875,0.0,-0.999985
-0.8958333333333333,0.22395833333333331,0.0,-0.999984
-0.8958333333333333,0.22916666666666666,0.0,-0.999983
-0.8958333333333333,0.234375,0.0,-0.999982
-0.8958333333333333,0.23958333333333331,0.0,-0.999981
-0.8958333333333333,0.24479166666666666,0.0,-0.99998
-0.8958333333333333,0.25,0.0,-0.999979
-0.8958333333333333,0.2552083333333333,0.0,-0.999978
-0.8958333333333333,0.26041666666666663,0.0,-0.999977
-0.8958333333333333,0.265625,0.0,-0.999975
-0.8958333333333333,0.2708333333333333,0.0,-0.999974
-0.8958333333333333,0.27604166666666663,0.0,-0.999973
-0.8958333333333333,0.28125,0.0,-0.999971
-0.8958333333333333,0.2864583333333333,0.0,-0.99997
-0.8958333333333333,0.29166666666666663,0.0,-0.999968
-0.8958333333333333,0.296875,0.0,-0.999966
-0.8958333333333333,0.3020833333333333,0.0,-0.999964
-0.8958333333333333,0.30729166666666663,0.0,-0.999963
-0.8958333333333333,0.3125,0.0,-0.999961
-0.8958333333333333,0.3177083333333333,0.0,-0.999958
-0.8958333333333333,0.32291666666666663,0.0,-0.999956
-0.8958333333333333,0.328125,0.0,-0.999954
-0.8958333333333333,0.3333333333333333,0.0,-0.999951
-0.8958333333333333,0.33854166666666663,0.0,-0.999949
-0.8958333333333333,0.34375,0.0,-0.999946
-0.8958333333333333,0.3489583333333333,0.0,-0.999943
-0.8958333333333333,0.35416666666666663,0.0,-0.99994
-0.8958333333333333,0.359375,0.0,-0.999937
-0.8958333333333333,0.3645833333333333,0.0,-0.999934
-0.8958333333333333,0.36979166666666663,0.0,-0.99993
-0.8958333333333333,0.375,0.0,-0.999926
-0.8958333333333333,0.3802083333333333,0.0,-0.999922
-0.8958333333333333,0.38541666666666663,0.0,-0.999918
-0.8958333333333333,0.390625,0.0,-0.999914
-0.8958333333333333,0.3958333333333333,0.0,-0.999909
-0.8958333333333333,0.40104166666666663,0.0,-0.999904
-0.8958333333333333,0.40625,0.0,-0.999899
-0.8958333333333333,0.4114583333333333,0.0,-0.999894
-0.8958333333333333,0.41666666666666663,0.0,-0.999888
-0.8958333333333333,0.421875,0.0,-0.999882
-0.8958333333333333,0.4270833333333333,0.0,-0.999876
-0.8958333333333333,0.43229166666666663,0.0,-0.999869
-0.8958333333333333,0.4375,0.0,-0.999862
-0.8958333333333333,0.4427083333333333,0.0,-0.999855
-0.8958333333333333,0.44791666666666663,0.0,-0.999847
-0.8958333333333333,0.453125,0.0,-0.999839
-0.8958333333333333,0.4583333333333333,0.0,-0.99983
-0.8958333333333333,0.46354166666666663,0.0,-0.999821
-0.8958333333333333,0.46875,0.0,-0.999812
-0.8958333333333333,0.4739583333333333,0.0,-0.999802
-0.8958333333333333,0.47916666666666663,0.0,-0.999791
-0.8958333333333333,0.484375,0.0,-0.99978
-0.8958333333333333,0.4895833333333333,0.0,-0.999768
-0.8958333333333333,0.49479166666666663,0.0,-0.999756
-0.8958333333333333,0.5,0.0,-0.999743
-0.9166666666666665,0.0,0.0,-0.999999
-0.9166666666666665,0.005208333333333333,0.0,-0.999999
-0.9166666666666665,0.010416666666666666,0.0,-0.999998
-0.9166666666666665,0.015625,0.0,-0.999998
-0.9166666666666665,0.020833333333333332,0.0,-0.999998
-0.9166666666666665,0.026041666666666664,0.0,-0.999998
-0.9166666666666665,0.03125,0.0,-0.999998
-0.9166666666666665,0.03645833333333333,0.0,-0.999998
-0.9166666666666665,0.041666666666666664,0.0,-0.999998
-0.9166666666666665,0.046875,0.0,-0.999998
-0.9166666666666665,0.05208333333333333,0.0,-0.999998
-0.9166666666666665,0.057291666666666664,0.0,-0.999998
-0.9166666666666665,0.0625,0.0,-0.999997
-0.9166666666666665,0.06770833333333333,0.0,-0.999997
-0.9166666666666665,0.07291666666666666,0.0,-0.999997
-0.9166666666666665,0.078125,0.0,-0.999997
-0.9166666666666665,0.08333333333333333,0.0,-0.999997
-0.9166666666666665,0.08854166666666666,0.0,-0.999997
-0.9166666666666665,0.09375,0.0,-0.999996
-0.9166666666666665,0.09895833333333333,0.0,-0.999996
-0.9166666666666665,0.10416666666666666,0.0,-0.999996
-0.9166666666666665,0.109375,0.0,-0.999996
-0.9166666666666665,0.11458333333333333,0.0,-0.999996
-0.9166666666666665,0.11979166666666666,0.0,-0.999995
-0.9166666666666665,0.125,0.0,-0.999995
-0.9166666666666665,0.13020833333333331,0.0,-0.999995
-0.9166666666666665,0.13541666666666666,0.0,-0.999995
-0.9166666666666665,0.140625,0.0,-0.999994
-0.9166666666666665,0.14583333333333331,0.0,-0.999994
-0.9166666666666665,0.15104166666666666,0.0,-0.999994
-0.9166666666666665,0.15625,0.0,-0.999993
-0.9166666666666665,0.16145833333333331,0.0,-0.999993
-0.9166666666666665,0.16666666666666666,0.0,-0.999993
-0.9166666666666665,0.171875,0.0,-0.999992
-0.9166666666666665,0.17708333333333331,0.0,-0.999992
-0.9166666666666665,0.18229166666666666,0.0,-0.999991
-0.9166666666666665,0.1875,0.0,-0.999991
-0.9166666666666665,0.19270833333333331,0.0,-0.99999
-0.9166666666666665,0.19791666666666666,0.0,-0.99999
-0.9166666666666665,0.203125,0.0,-0.999989
-0.9166666666666665,0.20833333333333331,0.0,-0.999989
-0.9166666666666665,0.21354166666666666,0.0,-0.999988
-0.9166666666666665,0.21875,0.0,-0.999987
-0.9166666666666665,0.22395833333333331,0.0,-0.999987
-0.9166666666666665,0.22916666666666666,0.0,-0.999986
-0.9166666666666665,0.234375,0.0,-0.999985
-0.9166666666666665,0.23958333333333331,0.0,-0.999985
-0.9166666666666665,0.24479166666666666,0.0,-0.999984
-0.9166666666666665,0.25,0.0,-0.999983
-0.9166666666666665,0.2552083333333333,0.0,-0.999982
-0.9166666666666665,0.26041666666666663,0.0,-0.999981
-0.9166666666666665,0.265625,0.0,-0.99998
-0.9166666666666665,0.2708333333333333,0.0,-0.999979
-0.9166666666666665,0.27604166666666663,0.0,-0.999978
-0.9166666666666665,0.28125,0.0,-0.999977
-0.9166666666666665,0.2864583333333333,0.0,-0.999975
-0.9166666666666665,0.29166666666666663,0.0,-0.999974
-0.9166666666666665,0.296875,0.0,-0.999973
-0.9166666666666665,0.3020833333333333,0.0,-0.999971
-0.9166666666666665,0.30729166666666663,0.0,-0.99997
-0.9166666666666665,0.3125,0.0,-0.999968
-0.9166666666666665,0.3177083333333333,0.0,-0.999966
-0.9166666666666665,0.32291666666666663,0.0,-0.999964
-0.9166666666666665,0.328125,0.0,-0.999963
-0.9166666666666665,0.3333333333333333,0.0,-0.999961
-0.9166666666666665,0.33854166666666663,0.0,-0.999958
-0.9166666666666665,0.34375,0.0,-0.999956
-0.9166666666666665,0.3489583333333333,0.0,-0.999954
-0.9166666666666665,0.35416666666666663,0.0,-0.999951
-0.9166666666666665,0.359375,0.0,-0.999949
-0.9166666666666665,0.3645833333333333,0.0,-0.999946
-0.9166666666666665,0.36979166666666663,0.0,-0.999943
-0.9166666666666665,0.375,0.0,-0.99994
-0.9166666666666665,0.3802083333333333,0.0,-0.999937
-0.9166666666666665,0.38541666666666663,0.0,-0.999934
-0.9166666666666665,0.390625,0.0,-0.99993
-0.9166666666666665,0.3958333333333333,0.0,-0.999926
-0.9166666666666665,0.40104166666666663,0.0,-0.999922
-0.9166666666666665,0.40625,0.0,-0.999918
-0.9166666666666665,0.4114583333333333,0.0,-0.999914
-0.9166666666666665,0.41666666666666663,0.0,-0.999909
-0.9166666666666665,0.421875,0.0,-0.999904
-0.9166666666666665,0.4270833333333333,0.0,-0.999899
-0.9166666666666665,0.43229166666666663,0.0,-0.999894
-0.9166666666666665,0.4375,0.0,-0.999888
-0.9166666666666665,0.4427083333333333,0.0,-0.999882
-0.9166666666666665,0.44791666666666663,0.0,-0.999876
-0.9166666666666665,0.453125,0.0,-0.999869
-0.9166666666666665,0.4583333333333333,0.0,-0.999862
-0.9166666666666665,0.46354166666666663,0.0,-0.999855
-0.9166666666666665,0.46875,0.0,-0.999847
-0.9166666666666665,0.4739583333333333,0.0,-0.999839
-0.9166666666666665,0.47916666666666663,0.0,-0.99983
-0.9166666666666665,0.484375,0.0,-0.999821
-0.9166666666666665,0.4895833333333333,0.0,-0.999812
-0.9166666666666665,0.49479166666666663,0.0,-0.999802
-0.9166666666666665,0.5,0.0,-0.999791
-0.9375,0.0,0.0,-0.999999
-0.9375,0.005208333333333333,0.0,-0.999999
-0.9375,0.010416666666666666,0.0,-0.999999
-0.9375,0.015625,0.0,-0.999999
-0.9375,0.020833333333333332,0.0,-0.999999
-0.9375,0.026041666666666664,0.0,-0.999999
-0.9375,0.03125,0.0,-0.999998
-0.9375,0.03645833333333333,0.0,-0.999998
-0.9375,0.041666666666666664,0.0,-0.999998
-0.9375,0.046875,0.0,-0.999998
-0.9375,0.05208333333333333,0.0,-0.999998
-0.9375,0.057291666666666664,0.0,-0.999998
-0.9375,0.0625,0.0,-0.999998
-0.9375,0.06770833333333333,0.0,-0.999998
-0.9375,0.07291666666666666,0.0,-0.999998
-0.9375,0.078125,0.0,-0.999998
-0.9375,0.08333333333333333,0.0,-0.999997
-0.9375,0.08854166666666666,0.0,-0.999997
-0.9375,0.09375,0.0,-0.999997
-0.9375,0.09895833333333333,0.0,-0.999997
-0.9375,0.10416666666666666,0.0,-0.999997
-0.9375,0.109375,0.0,-0.999997
-0.9375,0.11458333333333333,0.0,-0.999996
-0.9375,0.11979166666666666,0.0,-0.999996
-0.9375,0.125,0.0,-0.999996
-0.9375,0.13020833333333331,0.0,-0.999996
-0.9375,0.13541666666666666,0.0,-0.999996
-0.9375,0.140625,0.0,-0.999995
-0.9375,0.14583333333333331,0.0,-0.999995
-0.9375,0.15104166666666666,0.0,-0.999995
-0.9375,0.15625,0.0,-0.999995
-0.9375,0.16145833333333331,0.0,-0.999994
-0.9375,0.16666666666666666,0.0,-0.999994
-0.9375,0.171875,0.0,-0.999994
-0.9375,0.17708333333333331,0.0,-0.999993
-0.9375,0.18229166666666666,0.0,-0.999993
-0.9375,0.1875,0.0,-0.999993
-0.9375,0.19270833333333331,0.0,-0.999992
-0.9375,0.19791666666666666,0.0,-0.999992
-0.9375,0.203125,0.0,-0.999991
-0.9375,0.20833333333333331,0.0,-0.999991
-0.9375,0.21354166666666666,0.0,-0.99999
-0.9375,0.21875,0.0,-0.99999
-0.9375,0.22395833333333331,0.0,-0.999989
-0.9375,0.22916666666666666,0.0,-0.999989
-0.9375,0.234375,0.0,-0.999988
-0.9375,0.23958333333333331,0.0,-0.999987
-0.9375,0.24479166666666666,0.0,-0.999987
-0.9375,0.25,0.0,-0.999986
-0.9375,0.2552083333333333,0.0,-0.999985
-0.9375,0.26041666666666663,0.0,-0.999985
-0.9375,0.265625,0.0,-0.999984
-0.9375,0.2708333333333333,0.0,-0.999983
-0.9375,0.27604166666666663,0.0,-0.999982
-0.9375,0.28125,0.0,-0.999981
-0.9375,0.2864583333333333,0.0,-0.99998
-0.9375,0.29166666666666663,0.0,-0.999979
-0.9375,0.296875,0.0,-0.999978
-0.9375,0.3020833333333333,0.0,-0.999977
-0.9375,0.30729166666666663,0.0,-0.999975
-0.9375,0.3125,0.0,-0.999974
-0.9375,0.3177083333333333,0.0,-0.999973
-0.9375,0.32291666666666663,0.0,-0.999971
-0.9375,0.328125,0.0,-0.99997
-0.9375,0.3333333333333333,0.0,-0.999968
-0.9375,0.33854166666666663,0.0,-0.999966
-0.9375,0.34375,0.0,-0.999964
-0.9375,0.3489583333333333,0.0,-0.999963
-0.9375,0.35416666666666663,0.0,-0.999961
-0.9375,0.359375,0.0,-0.999958
-0.9375,0.3645833333333333,0.0,-0.999956
-0.9375,0.36979166666666663,0.0,-0.999954
-0.9375,0.375,0.0,-0.999951
-0.9375,0.3802083333333333,0.0,-0.999949
-0.9375,0.38541666666666663,0.0,-0.999946
-0.9375,0.390625,0.0,-0.999943
-0.9375,0.3958333333333333,0.0,-0.99994
-0.9375,0.40104166666666663,0.0,-0.999937
-0.9375,0.40625,0.0,-0.999934
-0.9375,0.4114583333333333,0.0,-0.99993
-0.9375,0.41666666666666663,0.0,-0.999926
-0.9375,0.421875,0.0,-0.999922
-0.9375,0.4270833333333333,0.0,-0.999918
-0.9375,0.43229166666666663,0.0,-0.999914
-0.9375,0.4375,0.0,-0.999909
-0.9375,0.4427083333333333,0.0,-0.999904
-0.9375,0.44791666666666663,0.0,-0.999899
-0.9375,0.453125,0.0,-0.999894
-0.9375,0.4583333333333333,0.0,-0.999888
-0.9375,0.46354166666666663,0.0,-0.999882
-0.9375,0.46875,0.0,-0.999876
-0.9375,0.4739583333333333,0.0,-0.999869
-0.9375,0.47916666666666663,0.0,-0.999862
-0.9375,0.484375,0.0,-0.999855
-0.9375,0.4895833333333333,0.0,-0.999847
-0.9375,0.49479166666666663,0.0,-0.999839
-0.9375,0.5,0.0,-0.99983
-0.9583333333333333,0.0,0.0,-0.999999
-0.9583333333333333,0.005208333333333333,0.0,-0.999999
-0.9583333333333333,0.010416666666666666,0.0,-0.999999
-0.9583333333333333,0.015625,0.0,-0.999999
-0.9583333333333333,0.020833333333333332,0.0,-0.999999
-0.9583333333333333,0.026041666666666664,0.0,-0.999999
-0.9583333333333333,0.03125,0.0,-0.999999
-0.9583333333333333,0.03645833333333333,0.0,-0.999999
-0.9583333333333333,0.041666666666666664,0.0,-0.999999
-0.9583333333333333,0.046875,0.0,-0.999999
-0.9583333333333333,0.05208333333333333,0.0,-0.999998
-0.9583333333333333,0.057291666666666664,0.0,-0.999998
-0.9583333333333333,0.0625,0.0,-0.999998
-0.9583333333333333,0.06770833333333333,0.0,-0.999998
-0.9583333333333333,0.07291666666666666,0.0,-0.999998
-0.9583333333333333,0.078125,0.0,-0.999998
-0.9583333333333333,0.08333333333333333,0.0,-0.999998
-0.9583333333333333,0.08854166666666666,0.0,-0.999998
-0.9583333333333333,0.09375,0.0,-0.999998
-0.9583333333333333,0.09895833333333333,0.0,-0.999998
-0.9583333333333333,0.10416666666666666,0.0,-0.999997
-0.9583333333333333,0.109375,0.0,-0.999997
-0.9583333333333333,0.11458333333333333,0.0,-0.999997
-0.9583333333333333,0.11979166666666666,0.0,-0.999997
-0.9583333333333333,0.125,0.0,-0.999997
-0.9583333333333333,0.13020833333333331,0.0,-0.999997
-0.9583333333333333,0.13541666666666666,0.0,-0.999996
-0.9583333333333333,0.140625,0.0,-0.999996
-0.9583333333333333,0.14583333333333331,0.0,-0.999996
-0.9583333333333333,0.15104166666666666,0.0,-0.999996
-0.9583333333333333,0.15625,0.0,-0.999996
-0.9583333333333333,0.16145833333333331,0.0,-0.999995
-0.9583333333333333,0.16666666666666666,0.0,-0.999995
-0.9583333333333333,0.171875,0.0,-0.999995
-0.9583333333333333,0.17708333333333331,0.0,-0.999995
-0.9583333333333333,0.18229166666666666,0.0,-0.999994
-0.9583333333333333,0.1875,0.0,-0.999994
-0.9583333333333333,0.19270833333333331,0.0,-0.999994
-0.9583333333333333,0.19791666666666666,0.0,-0.999993
-0.9583333333333333,0.203125,0.0,-0.999993
-0.9583333333333333,0.20833333333333331,0.0,-0.999993
-0.9583333333333333,0.21354166666666666,0.0,-0.999992
-0.9583333333333333,0.21875,0.0,-0.999992
-0.9583333333333333,0.22395833333333331,0.0,-0.999991
-0.9583333333333333,0.22916666666666666,0.0,-0.999991
-0.9583333333333333,0.234375,0.0,-0.99999
-0.9583333333333333,0.23958333333333331,0.0,-0.99999
-0.9583333333333333,0.24479166666666666,0.0,-0.999989
-0.9583333333333333,0.25,0.0,-0.999989
-0.9583333333333333,0.2552083333333333,0.0,-0.999988
-0.9583333333333333,0.26041666666666663,0.0,-0.999987
-0.9583333333333333,0.265625,0.0,-0.999987
-0.9583333333333333,0.2708333333333333,0.0,-0.999986
-0.9583333333333333,0.27604166666666663,0.0,-0.999985
-0.9583333333333333,0.28125,0.0,-0.999985
-0.9583333333333333,0.2864583333333333,0.0,-0.999984
-0.9583333333333333,0.29166666666666663,0.0,-0.999983
-0.9583333333333333,0.296875,0.0,-0.999982
-0.9583333333333333,0.3020833333333333,0.0,-0.999981
-0.9583333333333333,0.30729166666666663,0.0,-0.99998
-0.9583333333333333,0.3125,0.0,-0.999979
-0.9583333333333333,0.3177083333333333,0.0,-0.999978
-0.9583333333333333,0.32291666666666663,0.0,-0.999977
-0.9583333333333333,0.328125,0.0,-0.999975
-0.9583333333333333,0.3333333333333333,0.0,-0.999974
-0.9583333333333333,0.33854166666666663,0.0,-0.999973
-0.9583333333333333,0.34375,0.0,-0.999971
-0.9583333333333333,0.3489583333333333,0.0,-0.99997
-0.9583333333333333,0.35416666666666663,0.0,-0.999968
-0.9583333333333333,0.359375,0.0,-0.999966
-0.9583333333333333,0.3645833333333333,0.0,-0.999964
-0.9583333333333333,0.36979166666666663,0.0,-0.999963
-0.9583333333333333,0.375,0.0,-0.999961
-0.9583333333333333,0.3802083333333333,0.0,-0.999958
-0.9583333333333333,0.38541666666666663,0.0,-0.999956
-0.9583333333333333,0.390625,0.0,-0.999954
-0.9583333333333333,0.3958333333333333,0.0,-0.999951
-0.9583333333333333,0.40104166666666663,0.0,-0.999949
-0.9583333333333333,0.40625,0.0,-0.999946
-0.9583333333333333,0.4114583333333333,0.0,-0.999943
-0.9583333333333333,0.41666666666666663,0.0,-0.99994
-0.9583333333333333,0.421875,0.0,-0.999937
-0.9583333333333333,0.4270833333333333,0.0,-0.999934
-0.9583333333333333,0.43229166666666663,0.0,-0.99993
-0.9583333333333333,0.4375,0.0,-0.999926
-0.9583333333333333,0.4427083333333333,0.0,-0.999922
-0.9583333333333333,0.44791666666666663,0.0,-0.999918
-0.9583333333333333,0.453125,0.0,-0.999914
-0.9583333333333333,0.4583333333333333,0.0,-0.999909
-0.9583333333333333,0.46354166666666663,0.0,-0.999904
-0.9583333333333333,0.46875,0.0,-0.999899
-0.9583333333333333,0.4739583333333333,0.0,-0.999894
-0.9583333333333333,0.47916666666666663,0.0,-0.999888
-0.9583333333333333,0.484375,0.0,-0.999882
-0.9583333333333333,0.4895833333333333,0.0,-0.999876
-0.9583333333333333,0.49479166666666663,0.0,-0.999869
-0.9583333333333333,0.5,0.0,-0.999862
-0.9791666666666665,0.0,0.0,-0.999999
-0.9791666666666665,0.005208333333333333,0.0,-0.999999
-0.9791666666666665,0.010416666666666666,0.0,-0.999999
-0.9791666666666665,0.015625,0.0,-0.999999
-0.9791666666666665,0.020833333333333332,0.0,-0.999999
-0.9791666666666665,0.026041666666666664,0.0,-0.999999
-0.9791666666666665,0.03125,0.0,-0.999999
-0.9791666666666665,0.03645833333333333,0.0,-0.999999
-0.9791666666666665,0.041666666666666664,0.0,-0.999999
-0.9791666666666665,0.046875,0.0,-0.999999
-0.9791666666666665,0.05208333333333333,0.0,-0.999999
-0.9791666666666665,0.057291666666666664,0.0,-0.999999
-0.9791666666666665,0.0625,0.0,-0.999999
-0.9791666666666665,0.06770833333333333,0.0,-0.999999
-0.9791666666666665,0.07291666666666666,0.0,-0.999998
-0.9791666666666665,0.078125,0.0,-0.999998
-0.9791666666666665,0.08333333333333333,0.0,-0.999998
-0.9791666666666665,0.08854166666666666,0.0,-0.999998
-0.9791666666666665,0.09375,0.0,-0.999998
-0.9791666666666665,0.09895833333333333,0.0,-0.999998
-0.9791666666666665,0.10416666666666666,0.0,-0.999998
-0.9791666666666665,0.109375,0.0,-0.999998
-0.9791666666666665,0.11458333333333333,0.0,-0.999998
-0.9791666666666665,0.11979166666666666,0.0,-0.999998
-0.9791666666666665,0.125,0.0,-0.999997
-0.9791666666666665,0.13020833333333331,0.0,-0.999997
-0.9791666666666665,0.13541666666666666,0.0,-0.999997
-0.9791666666666665,0.140625,0.0,-0.999997
-0.9791666666666665,0.14583333333333331,0.0,-0.999997
-0.9791666666666665,0.15104166666666666,0.0,-0.999997
-0.9791666666666665,0.15625,0.0,-0.999996
-0.9791666666666665,0.16145833333333331,0.0,-0.999996
-0.9791666666666665,0.16666666666666666,0.0,-0.999996
-0.9791666666666665,0.171875,0.0,-0.999996
-0.9791666666666665,0.17708333333333331,0.0,-0.999996
-0.9791666666666665,0.18229166666666666,0.0,-0.999995
-0.9791666666666665,0.1875,0.0,-0.999995
-0.9791666666666665,0.19270833333333331,0.0,-0.999995
-0.9791666666666665,0.19791666666666666,0.0,-0.999995
-0.9791666666666665,0.203125,0.0,-0.999994
-0.9791666666666665,0.20833333333333331,0.0,-0.999994
-0.9791666666666665,0.21354166666666666,0.0,-0.999994
-0.9791666666666665,0.21875,0.0,-0.999993
-0.9791666666666665,0.22395833333333331,0.0,-0.999993
-0.9791666666666665,0.22916666666666666,0.0,-0.999993
-0.9791666666666665,0.234375,0.0,-0.999992
-0.9791666666666665,0.23958333333333331,0.0,-0.999992
-0.9791666666666665,0.24479166666666666,0.0,-0.999991
-0.9791666666666665,0.25,0.0,-0.999991
-0.9791666666666665,0.2552083333333333,0.0,-0.99999
-0.9791666666666665,0.26041666666666663,0.0,-0.99999
-0.9791666666666665,0.265625,0.0,-0.999989
-0.9791666666666665,0.2708333333333333,0.0,-0.999989
-0.9791666666666665,0.27604166666666663,0.0,-0.999988
-0.9791666666666665,0.28125,0.0,-0.999987
-0.9791666666666665,0.2864583333333333,0.0,-0.999987
-0.9791666666666665,0.29166666666666663,0.0,-0.999986
-0.9791666666666665,0.296875,0.0,-0.999985
-0.9791666666666665,0.3020833333333333,0.0,-0.999985
-0.9791666666666665,0.30729166666666663,0.0,-0.999984
-0.9791666666666665,0.3125,0.0,-0.999983
-0.9791666666666665,0.3177083333333333,0.0,-0.999982
-0.9791666666666665,0.32291666666666663,0.0,-0.999981
-0.9791666666666665,0.328125,0.0,-0.99998
-0.9791666666666665,0.3333333333333333,0.0,-0.999979
-0.9791666666666665,0.33854166666666663,0.0,-0.999978
-0.9791666666666665,0.34375,0.0,-0.999977
-0.9791666666666665,0.3489583333333333,0.0,-0.999975
-0.9791666666666665,0.35416666666666663,0.0,-0.999974
-0.9791666666666665,0.359375,0.0,-0.999973
-0.9791666666666665,0.3645833333333333,0.0,-0.999971
-0.9791666666666665,0.36979166666666663,0.0,-0.99997
-0.9791666666666665,0.375,0.0,-0.999968
-0.9791666666666665,0.3802083333333333,0.0,-0.999966
-0.9791666666666665,0.38541666666666663,0.0,-0.999964
-0.9791666666666665,0.390625,0.0,-0.999963
-0.9791666666666665,0.3958333333333333,0.0,-0.999961
-0.9791666666666665,0.40104166666666663,0.0,-0.999958
-0.9791666666666665,0.40625,0.0,-0.999956
-0.9791666666666665,0.4114583333333333,0.0,-0.999954
-0.9791666666666665,0.41666666666666663,0.0,-0.999951
-0.9791666666666665,0.421875,0.0,-0.999949
-0.9791666666666665,0.4270833333333333,0.0,-0.999946
-0.9791666666666665,0.43229166666666663,0.0,-0.999943
-0.9791666666666665,0.4375,0.0,-0.99994
-0.9791666666666665,0.4427083333333333,0.0,-0.999937
-0.9791666666666665,0.44791666666666663,0.0,-0.999934
-0.9791666666666665,0.453125,0.0,-0.99993
-0.9791666666666665,0.4583333333333333,0.0,-0.999926
-0.9791666666666665,0.46354166666666663,0.0,-0.999922
-0.9791666666666665,0.46875,0.0,-0.999918
-0.9791666666666665,0.4739583333333333,0.0,-0.999914
-0.9791666666666665,0.47916666666666663,0.0,-0.999909
-0.9791666666666665,0.484375,0.0,-0.999904
-0.9791666666666665,0.4895833333333333,0.0,-0.999899
-0.9791666666666665,0.49479166666666663,0.0,-0.999894
-0.9791666666666665,0.5,0.0,-0.999888
-1.0,0.0,0.0,-0.999999
-1.0,0.005208333333333333,0.0,-0.999999
-1.0,0.010416666666666666,0.0,-0.999999
-1.0,0.015625,0.0,-0.999999
-1.0,0.020833333333333332,0.0,-0.999999
-1.0,0.026041666666666664,0.0,-0.999999
-1.0,0.03125,0.0,-0.999999
-1.0,0.03645833333333333,0.0,-0.999999
-1.0,0.041666666666666664,0.0,-0.999999
-1.0,0.046875,0.0,-0.999999
-1.0,0.05208333333333333,0.0,-0.999999
-1.0,0.057291666666666664,0.0,-0.999999
-1.0,0.0625,0.0,-0.999999
-1.0,0.06770833333333333,0.0,-0.999999
-1.0,0.07291666666666666,0.0,-0.999999
-1.0,0.078125,0.0,-0.999999
-1.0,0.08333333333333333,0.0,-0.999999
-1.0,0.08854166666666666,0.0,-0.999999
-1.0,0.09375,0.0,-0.999998
-1.0,0.09895833333333333,0.0,-0.999998
-1.0,0.10416666666666666,0.0,-0.999998
-1.0,0.109375,0.0,-0.999998
-1.0,0.11458333333333333,0.0,-0.999998
-1.0,0.11979166666666666,0.0,-0.999998
-1.0,0.125,0.0,-0.999998
-1.0,0.13020833333333331,0.0,-0.999998
-1.0,0.13541666666666666,0.0,-0.999998
-1.0,0.140625,0.0,-0.999998
-1.0,0.14583333333333331,0.0,-0.999997
-1.0,0.15104166666666666,0.0,-0.999997
-1.0,0.15625,0.0,-0.999997
-1.0,0.16145833333333331,0.0,-0.999997
-1.0,0.16666666666666666,0.0,-0.999997
-1.0,0.171875,0.0,-0.999997
-1.0,0.17708333333333331,0.0,-0.999996
-1.0,0.18229166666666666,0.0,-0.999996
-1.0,0.1875,0.0,-0.999996
-1.0,0.19270833333333331,0.0,-0.999996
-1.0,0.19791666666666666,0.0,-0.999996
-1.0,0.203125,0.0,-0.999995
-1.0,0.20833333333333331,0.0,-0.999995
-1.0,0.21354166666666666,0.0,-0.999995
-1.0,0.21875,0.0,-0.999995
-1.0,0.22395833333333331,0.0,-0.999994
-1.0,0.22916666666666666,0.0,-0.999994
-1.0,0.234375,0.0,-0.999994
-1.0,0.23958333333333331,0.0,-0.999993
-1.0,0.24479166666666666,0.0,-0.999993
-1.0,0.25,0.0,-0.999993
-1.0,0.2552083333333333,0.0,-0.999992
-1.0,0.26041666666666663,0.0,-0.999992
-1.0,0.265625,0.0,-0.999991
-1.0,0.2708333333333333,0.0,-0.999991
-1.0,0.27604166666666663,0.0,-0.99999
-1.0,0.28125,0.0,-0.99999
-1.0,0.2864583333333333,0.0,-0.999989
-1.0,0.29166666666666663,0.0,-0.999989
-1.0,0.296875,0.0,-0.999988
-1.0,0.3020833333333333,0.0,-0.999987
-1.0,0.30729166666666663,0.0,-0.999987
-1.0,0.3125,0.0,-0.999986
-1.0,0.3177083333333333,0.0,-0.999985
-1.0,0.32291666666666663,0.0,-0.999985
-1.0,0.328125,0.0,-0.999984
-1.0,0.3333333333333333,0.0,-0.999983
-1.0,0.33854166666666663,0.0,-0.999982
-1.0,0.34375,0.0,-0.999981
-1.0,0.3489583333333333,0.0,-0.99998
-1.0,0.35416666666666663,0.0,-0.999979
-1.0,0.359375,0.0,-0.999978
-1.0,0.3645833333333333,0.0,-0.999977
-1.0,0.36979166666666663,0.0,-0.999975
-1.0,0.375,0.0,-0.999974
-1.0,0.3802083333333333,0.0,-0.999973
-1.0,0.38541666666666663,0.0,-0.999971
-1.0,0.390625,0.0,-0.99997
-1.0,0.3958333333333333,0.0,-0.999968
-1.0,0.40104166666666663,0.0,-0.999966
-1.0,0.40625,0.0,-0.999964
-1.0,0.4114583333333333,0.0,-0.999963
-1.0,0.41666666666666663,0.0,-0.999961
-1.0,0.421875,0.0,-0.999958
-1.0,0.4270833333333333,0.0,-0.999956
-1.0,0.43229166666666663,0.0,-0.999954
-1.0,0.4375,0.0,-0.999951
-1.0,0.4427083333333333,0.0,-0.999949
-1.0,0.44791666666666663,0.0,-0.999946
-1.0,0.453125,0.0,-0.999943
-1.0,0.4583333333333333,0.0,-0.99994
-1.0,0.46354166666666663,0.0,-0.999937
-1.0,0.46875,0.0,-0.999934
-1.0,0.4739583333333333,0.0,-0.99993
-1.0,0.47916666666666663,0.0,-0.999926
-1.0,0.484375,0.0,-0.999922
-1.0,0.4895833333333333,0.0,-0.999918
-1.0,0.49479166666666663,0.0,-0.999914
-1.0,0.5,0.0,-0.999909
