X,Y,Z,U_exact,U_approx
-1.0,0.0,0.0,1.22465e-16,1.22465e-16
-1.0,0.010416666666666666,0.0,1.22465e-16,0.0
-1.0,0.020833333333333332,0.0,1.22465e-16,0.0
-1.0,0.03125,0.0,1.22465e-16,0.0
-1.0,0.041666666666666664,0.0,1.22465e-16,0.0
-1.0,0.05208333333333333,0.0,1.22465e-16,0.0
-1.0,0.0625,0.0,1.22465e-16,0.0
-1.0,0.07291666666666666,0.0,1.22465e-16,0.0
-1.0,0.08333333333333333,0.0,1.22465e-16,0.0
-1.0,0.09375,0.0,1.22465e-16,0.0
-1.0,0.10416666666666666,0.0,1.22465e-16,0.0
-1.0,0.11458333333333333,0.0,1.22465e-16,0.0
-1.0,0.125,0.0,1.22465e-16,0.0
-1.0,0.13541666666666666,0.0,1.22465e-16,0.0
-1.0,0.14583333333333331,0.0,1.22465e-16,0.0
-1.0,0.15625,0.0,1.22465e-16,0.0
-1.0,0.16666666666666666,0.0,1.22465e-16,0.0
-1.0,0.17708333333333331,0.0,1.22465e-16,0.0
-1.0,0.1875,0.0,1.22465e-16,0.0
-1.0,0.19791666666666666,0.0,1.22465e-16,0.0
-1.0,0.20833333333333331,0.0,1.22465e-16,0.0
-1.0,0.21875,0.0,1.22465e-16,0.0
-1.0,0.22916666666666666,0.0,1.22465e-16,0.0
-1.0,0.23958333333333331,0.0,1.22465e-16,0.0
-1.0,0.25,0.0,1.22465e-16,0.0
-1.0,0.26041666666666663,0.0,1.22465e-16,0.0
-1.0,0.2708333333333333,0.0,1.22465e-16,0.0
-1.0,0.28125,0.0,1.22465e-16,0.0
-1.0,0.29166666666666663,0.0,1.22465e-16,0.0
-1.0,0.3020833333333333,0.0,1.22465e-16,0.0
-1.0,0.3125,0.0,1.22465e-16,0.0
-1.0,0.32291666666666663,0.0,1.22465e-16,0.0
-1.0,0.3333333333333333,0.0,1.22465e-16,0.0
-1.0,0.34375,0.0,1.22465e-16,0.0
-1.0,0.35416666666666663,0.0,1.22465e-16,0.0
-1.0,0.3645833333333333,0.0,1.22465e-16,0.0
-1.0,0.375,0.0,1.22465e-16,0.0
-1.0,0.38541666666666663,0.0,1.22465e-16,0.0
-1.0,0.3958333333333333,0.0,1.22465e-16,0.0
-1.0,0.40625,0.0,1.22465e-16,0.0
-1.0,0.41666666666666663,0.0,1.22465e-16,0.0
-1.0,0.4270833333333333,0.0,1.22465e-16,0.0
-1.0,0.4375,0.0,1.22465e-16,0.0
-1.0,0.44791666666666663,0.0,1.22465e-16,0.0
-1.0,0.4583333333333333,0.0,1.22465e-16,0.0
-1.0,0.46875,0.0,1.22465e-16,0.0
-1.0,0.47916666666666663,0.0,1.22465e-16,0.0
-1.0,0.4895833333333333,0.0,1.22465e-16,0.0
-1.0,0.5,0.0,1.22465e-16,0.0
-0.9583333333333334,0.0,0.0,0.130526,0.130526
-0.9583333333333334,0.010416666666666666,0.0,0.125209,0.125209
-0.9583333333333334,0.020833333333333332,0.0,0.120361,0.120361
-0.9583333333333334,0.03125,0.0,0.115918,0.115918
-0.9583333333333334,0.041666666666666664,0.0,0.111826,0.111827
-0.9583333333333334,0.05208333333333333,0.0,0.108044,0.108044
-0.9583333333333334,0.0625,0.0,0.104535,0.104535
-0.9583333333333334,0.07291666666666666,0.0,0.101267,0.101268
-0.9583333333333334,0.08333333333333333,0.0,0.0982168,0.0982169
-0.9583333333333334,0.09375,0.0,0.0953604,0.0953605
-0.9583333333333334,0.10416666666666666,0.0,0.0926792,0.0926793
-0.9583333333333334,0.11458333333333333,0.0,0.0901566,0.0901567
-0.9583333333333334,0.125,0.0,0.0877781,0.0877782
-0.9583333333333334,0.13541666666666666,0.0,0.0855312,0.0855313
-0.9583333333333334,0.14583333333333331,0.0,0.0834045,0.0834045
-0.9583333333333334,0.15625,0.0,0.0813881,0.0813882
-0.9583333333333334,0.16666666666666666,0.0,0.0794733,0.0794734
-0.9583333333333334,0.17708333333333331,0.0,0.0776522,0.0776522
-0.9583333333333334,0.1875,0.0,0.0759177,0.0759177
-0.9583333333333334,0.19791666666666666,0.0,0.0742635,0.0742635
-0.9583333333333334,0.20833333333333331,0.0,0.0726839,0.0726838
-0.9583333333333334,0.21875,0.0,0.0711737,0.0711736
-0.9583333333333334,0.22916666666666666,0.0,0.0697282,0.069728
-0.9583333333333334,0.23958333333333331,0.0,0.0683431,0.068343
-0.9583333333333334,0.25,0.0,0.0670146,0.0670144
-0.9583333333333334,0.26041666666666663,0.0,0.0657391,0.0657389
-0.9583333333333334,0.2708333333333333,0.0,0.0645133,0.0645132
-0.9583333333333334,0.28125,0.0,0.0633343,0.0633342
-0.9583333333333334,0.29166666666666663,0.0,0.0621993,0.0621992
-0.9583333333333334,0.3020833333333333,0.0,0.0611058,0.0611058
-0.9583333333333334,0.3125,0.0,0.0600514,0.0600514
-0.9583333333333334,0.32291666666666663,0.0,0.0590339,0.0590341
-0.9583333333333334,0.3333333333333333,0.0,0.0580514,0.0580517
-0.9583333333333334,0.34375,0.0,0.0571019,0.0571025
-0.9583333333333334,0.35416666666666663,0.0,0.0561838,0.0561847
-0.9583333333333334,0.3645833333333333,0.0,0.0552954,0.0552966
-0.9583333333333334,0.375,0.0,0.0544352,0.0544369
-0.9583333333333334,0.38541666666666663,0.0,0.0536018,0.053604
-0.9583333333333334,0.3958333333333333,0.0,0.0527939,0.0527967
-0.9583333333333334,0.40625,0.0,0.0520102,0.0520138
-0.9583333333333334,0.41666666666666663,0.0,0.0512495,0.0512541
-0.9583333333333334,0.4270833333333333,0.0,0.0505109,0.0505165
-0.9583333333333334,0.4375,0.0,0.0497931,0.0498001
-0.9583333333333334,0.44791666666666663,0.0,0.0490953,0.0491039
-0.9583333333333334,0.4583333333333333,0.0,0.0484166,0.0484269
-0.9583333333333334,0.46875,0.0,0.047756,0.0477683
-0.9583333333333334,0.47916666666666663,0.0,0.0471128,0.0471275
-0.9583333333333334,0.4895833333333333,0.0,0.0464862,0.0465035
-0.9583333333333334,0.5,0.0,0.0458754,0.0458957
-0.9166666666666666,0.0,0.0,0.258819,0.258819
-0.9166666666666666,0.010416666666666666,0.0,0.248467,0.248467
-0.9166666666666666,0.020833333333333332,0.0,0.239003,0.239004
-0.9166666666666666,0.03125,0.0,0.230311,0.230311
-0.9166666666666666,0.041666666666666664,0.0,0.222292,0.222292
-0.9166666666666666,0.05208333333333333,0.0,0.214866,0.214866
-0.9166666666666666,0.0625,0.0,0.207966,0.207967
-0.9166666666666666,0.07291666666666666,0.0,0.201535,0.201535
-0.9166666666666666,0.08333333333333333,0.0,0.195523,0.195523
-0.9166666666666666,0.09375,0.0,0.189888,0.189888
-0.9166666666666666,0.10416666666666666,0.0,0.184594,0.184595
-0.9166666666666666,0.11458333333333333,0.0,0.17961,0.17961
-0.9166666666666666,0.125,0.0,0.174907,0.174907
-0.9166666666666666,0.13541666666666666,0.0,0.170461,0.170461
-0.9166666666666666,0.14583333333333331,0.0,0.16625,0.16625
-0.9166666666666666,0.15625,0.0,0.162256,0.162256
-0.9166666666666666,0.16666666666666666,0.0,0.158461,0.158461
-0.9166666666666666,0.17708333333333331,0.0,0.15485,0.15485
-0.9166666666666666,0.1875,0.0,0.151409,0.151409
-0.9166666666666666,0.19791666666666666,0.0,0.148127,0.148127
-0.9166666666666666,0.20833333333333331,0.0,0.144991,0.144991
-0.9166666666666666,0.21875,0.0,0.141992,0.141992
-0.9166666666666666,0.22916666666666666,0.0,0.139121,0.13912
-0.9166666666666666,0.23958333333333331,0.0,0.136369,0.136368
-0.9166666666666666,0.25,0.0,0.133728,0.133728
-0.9166666666666666,0.26041666666666663,0.0,0.131192,0.131192
-0.9166666666666666,0.2708333333333333,0.0,0.128755,0.128754
-0.9166666666666666,0.28125,0.0,0.12641,0.126409
-0.9166666666666666,0.29166666666666663,0.0,0.124152,0.124152
-0.9166666666666666,0.3020833333333333,0.0,0.121976,0.121976
-0.9166666666666666,0.3125,0.0,0.119878,0.119877
-0.9166666666666666,0.32291666666666663,0.0,0.117852,0.117852
-0.9166666666666666,0.3333333333333333,0.0,0.115897,0.115896
-0.9166666666666666,0.34375,0.0,0.114006,0.114006
-0.9166666666666666,0.35416666666666663,0.0,0.112178,0.112178
-0.9166666666666666,0.3645833333333333,0.0,0.110409,0.110409
-0.9166666666666666,0.375,0.0,0.108696,0.108697
-0.9166666666666666,0.38541666666666663,0.0,0.107036,0.107037
-0.9166666666666666,0.3958333333333333,0.0,0.105426,0.105429
-0.9166666666666666,0.40625,0.0,0.103865,0.103868
-0.9166666666666666,0.41666666666666663,0.0,0.10235,0.102354
-0.9166666666666666,0.4270833333333333,0.0,0.100878,0.100884
-0.9166666666666666,0.4375,0.0,0.0994481,0.0994553
-0.9166666666666666,0.44791666666666663,0.0,0.098058,0.098067
-0.9166666666666666,0.4583333333333333,0.0,0.0967059,0.096717
-0.9166666666666666,0.46875,0.0,0.0953901,0.0954036
-0.9166666666666666,0.47916666666666663,0.0,0.0941089,0.0941253
-0.9166666666666666,0.4895833333333333,0.0,0.0928609,0.0928806
-0.9166666666666666,0.5,0.0,0.0916446,0.0916681
-0.875,0.0,0.0,0.382683,0.382683
-0.875,0.010416666666666666,0.0,0.367844,0.367844
-0.875,0.020833333333333332,0.0,0.354219,0.35422
-0.875,0.03125,0.0,0.341658,0.341658
-0.875,0.041666666666666664,0.0,0.330033,0.330034
-0.875,0.05208333333333333,0.0,0.319239,0.31924
-0.875,0.0625,0.0,0.309185,0.309185
-0.875,0.07291666666666666,0.0,0.299793,0.299794
-0.875,0.08333333333333333,0.0,0.290998,0.290998
-0.875,0.09375,0.0,0.282741,0.282741
-0.875,0.10416666666666666,0.0,0.274971,0.274972
-0.875,0.11458333333333333,0.0,0.267646,0.267646
-0.875,0.125,0.0,0.260726,0.260726
-0.875,0.13541666666666666,0.0,0.254177,0.254177
-0.875,0.14583333333333331,0.0,0.247968,0.247969
-0.875,0.15625,0.0,0.242073,0.242074
-0.875,0.16666666666666666,0.0,0.236468,0.236468
-0.875,0.17708333333333331,0.0,0.23113,0.23113
-0.875,0.1875,0.0,0.22604,0.22604
-0.875,0.19791666666666666,0.0,0.221181,0.221181
-0.875,0.20833333333333331,0.0,0.216536,0.216536
-0.875,0.21875,0.0,0.212092,0.212091
-0.875,0.22916666666666666,0.0,0.207834,0.207834
-0.875,0.23958333333333331,0.0,0.203751,0.20375
-0.875,0.25,0.0,0.199832,0.199831
-0.875,0.26041666666666663,0.0,0.196067,0.196066
-0.875,0.2708333333333333,0.0,0.192446,0.192445
-0.875,0.28125,0.0,0.188961,0.18896
-0.875,0.29166666666666663,0.0,0.185604,0.185603
-0.875,0.3020833333333333,0.0,0.182369,0.182368
-0.875,0.3125,0.0,0.179247,0.179246
-0.875,0.32291666666666663,0.0,0.176234,0.176232
-0.875,0.3333333333333333,0.0,0.173323,0.173321
-0.875,0.34375,0.0,0.170508,0.170507
-0.875,0.35416666666666663,0.0,0.167786,0.167784
-0.875,0.3645833333333333,0.0,0.165151,0.165149
-0.875,0.375,0.0,0.162598,0.162597
-0.875,0.38541666666666663,0.0,0.160125,0.160124
-0.875,0.3958333333333333,0.0,0.157727,0.157725
-0.875,0.40625,0.0,0.1554,0.155399
-0.875,0.41666666666666663,0.0,0.153141,0.15314
-0.875,0.4270833333333333,0.0,0.150948,0.150947
-0.875,0.4375,0.0,0.148816,0.148816
-0.875,0.44791666666666663,0.0,0.146744,0.146744
-0.875,0.4583333333333333,0.0,0.144728,0.144729
-0.875,0.46875,0.0,0.142766,0.142768
-0.875,0.47916666666666663,0.0,0.140856,0.140859
-0.875,0.4895833333333333,0.0,0.138996,0.139
-0.875,0.5,0.0,0.137183,0.137189
-0.8333333333333334,0.0,0.0,0.5,0.5
-0.8333333333333334,0.010416666666666666,0.0,0.481455,0.481455
-0.8333333333333334,0.020833333333333332,0.0,0.464323,0.464324
-0.8333333333333334,0.03125,0.0,0.448446,0.448446
-0.8333333333333334,0.041666666666666664,0.0,0.433686,0.433686
-0.8333333333333334,0.05208333333333333,0.0,0.419926,0.419927
-0.8333333333333334,0.0625,0.0,0.407066,0.407067
-0.8333333333333334,0.07291666666666666,0.0,0.395017,0.395018
-0.8333333333333334,0.08333333333333333,0.0,0.383702,0.383703
-0.8333333333333334,0.09375,0.0,0.373054,0.373055
-0.8333333333333334,0.10416666666666666,0.0,0.363014,0.363015
-0.8333333333333334,0.11458333333333333,0.0,0.35353,0.353531
-0.8333333333333334,0.125,0.0,0.344554,0.344555
-0.8333333333333334,0.13541666666666666,0.0,0.336047,0.336047
-0.8333333333333334,0.14583333333333331,0.0,0.32797,0.32797
-0.8333333333333334,0.15625,0.0,0.32029,0.320291
-0.8333333333333334,0.16666666666666666,0.0,0.312979,0.31298
-0.8333333333333334,0.17708333333333331,0.0,0.30601,0.30601
-0.8333333333333334,0.1875,0.0,0.299357,0.299357
-0.8333333333333334,0.19791666666666666,0.0,0.293,0.292999
-0.8333333333333334,0.20833333333333331,0.0,0.286918,0.286917
-0.8333333333333334,0.21875,0.0,0.281093,0.281092
-0.8333333333333334,0.22916666666666666,0.0,0.275508,0.275508
-0.8333333333333334,0.23958333333333331,0.0,0.27015,0.270149
-0.8333333333333334,0.25,0.0,0.265003,0.265002
-0.8333333333333334,0.26041666666666663,0.0,0.260054,0.260053
-0.8333333333333334,0.2708333333333333,0.0,0.255293,0.255292
-0.8333333333333334,0.28125,0.0,0.250708,0.250707
-0.8333333333333334,0.29166666666666663,0.0,0.24629,0.246288
-0.8333333333333334,0.3020833333333333,0.0,0.242028,0.242026
-0.8333333333333334,0.3125,0.0,0.237915,0.237913
-0.8333333333333334,0.32291666666666663,0.0,0.233943,0.23394
-0.8333333333333334,0.3333333333333333,0.0,0.230104,0.230101
-0.8333333333333334,0.34375,0.0,0.226391,0.226388
-0.8333333333333334,0.35416666666666663,0.0,0.222798,0.222795
-0.8333333333333334,0.3645833333333333,0.0,0.219319,0.219315
-0.8333333333333334,0.375,0.0,0.215949,0.215944
-0.8333333333333334,0.38541666666666663,0.0,0.212681,0.212676
-0.8333333333333334,0.3958333333333333,0.0,0.209512,0.209506
-0.8333333333333334,0.40625,0.0,0.206437,0.20643
-0.8333333333333334,0.41666666666666663,0.0,0.203451,0.203443
-0.8333333333333334,0.4270833333333333,0.0,0.20055,0.200542
-0.8333333333333334,0.4375,0.0,0.197731,0.197721
-0.8333333333333334,0.44791666666666663,0.0,0.194989,0.194979
-0.8333333333333334,0.4583333333333333,0.0,0.192323,0.192311
-0.8333333333333334,0.46875,0.0,0.189727,0.189714
-0.8333333333333334,0.47916666666666663,0.0,0.1872,0.187185
-0.8333333333333334,0.4895833333333333,0.0,0.184738,0.184722
-0.8333333333333334,0.5,0.0,0.182339,0.182321
-0.7916666666666667,0.0,0.0,0.608761,0.608761
-0.7916666666666667,0.010416666666666666,0.0,0.587481,0.58748
-0.7916666666666667,0.020833333333333332,0.0,0.567664,0.567664
-0.7916666666666667,0.03125,0.0,0.549172,0.549172
-0.7916666666666667,0.041666666666666664,0.0,0.53188,0.531881
-0.7916666666666667,0.05208333333333333,0.0,0.515677,0.515678
-0.7916666666666667,0.0625,0.0,0.500464,0.500465
-0.7916666666666667,0.07291666666666666,0.0,0.486153,0.486154
-0.7916666666666667,0.08333333333333333,0.0,0.472667,0.472668
-0.7916666666666667,0.09375,0.0,0.459936,0.459937
-0.7916666666666667,0.10416666666666666,0.0,0.447897,0.447898
-0.7916666666666667,0.11458333333333333,0.0,0.436494,0.436495
-0.7916666666666667,0.125,0.0,0.425679,0.42568
-0.7916666666666667,0.13541666666666666,0.0,0.415405,0.415406
-0.7916666666666667,0.14583333333333331,0.0,0.405633,0.405634
-0.7916666666666667,0.15625,0.0,0.396326,0.396326
-0.7916666666666667,0.16666666666666666,0.0,0.387451,0.387451
-0.7916666666666667,0.17708333333333331,0.0,0.378977,0.378977
-0.7916666666666667,0.1875,0.0,0.370878,0.370878
-0.7916666666666667,0.19791666666666666,0.0,0.363128,0.363128
-0.7916666666666667,0.20833333333333331,0.0,0.355706,0.355705
-0.7916666666666667,0.21875,0.0,0.348589,0.348589
-0.7916666666666667,0.22916666666666666,0.0,0.341759,0.341759
-0.7916666666666667,0.23958333333333331,0.0,0.335199,0.335199
-0.7916666666666667,0.25,0.0,0.328893,0.328892
-0.7916666666666667,0.26041666666666663,0.0,0.322825,0.322823
-0.7916666666666667,0.2708333333333333,0.0,0.316981,0.31698
-0.7916666666666667,0.28125,0.0,0.31135,0.311349
-0.7916666666666667,0.29166666666666663,0.0,0.30592,0.305918
-0.7916666666666667,0.3020833333333333,0.0,0.300679,0.300676
-0.7916666666666667,0.3125,0.0,0.295617,0.295615
-0.7916666666666667,0.32291666666666663,0.0,0.290726,0.290723
-0.7916666666666667,0.3333333333333333,0.0,0.285996,0.285992
-0.7916666666666667,0.34375,0.0,0.281419,0.281415
-0.7916666666666667,0.35416666666666663,0.0,0.276987,0.276983
-0.7916666666666667,0.3645833333333333,0.0,0.272694,0.272689
-0.7916666666666667,0.375,0.0,0.268533,0.268527
-0.7916666666666667,0.38541666666666663,0.0,0.264497,0.264491
-0.7916666666666667,0.3958333333333333,0.0,0.260581,0.260574
-0.7916666666666667,0.40625,0.0,0.25678,0.256771
-0.7916666666666667,0.41666666666666663,0.0,0.253087,0.253077
-0.7916666666666667,0.4270833333333333,0.0,0.249498,0.249487
-0.7916666666666667,0.4375,0.0,0.246009,0.245996
-0.7916666666666667,0.44791666666666663,0.0,0.242616,0.242601
-0.7916666666666667,0.4583333333333333,0.0,0.239313,0.239296
-0.7916666666666667,0.46875,0.0,0.236098,0.236078
-0.7916666666666667,0.47916666666666663,0.0,0.232967,0.232944
-0.7916666666666667,0.4895833333333333,0.0,0.229916,0.22989
-0.7916666666666667,0.5,0.0,0.226942,0.226912
-0.75,0.0,0.0,0.707107,0.707107
-0.75,0.010416666666666666,0.0,0.68419,0.68419
-0.75,0.020833333333333332,0.0,0.662638,0.662638
-0.75,0.03125,0.0,0.642355,0.642355
-0.75,0.041666666666666664,0.0,0.623247,0.623247
-0.75,0.05208333333333333,0.0,0.605225,0.605226
-0.75,0.0625,0.0,0.588207,0.588208
-0.75,0.07291666666666666,0.0,0.572118,0.572119
-0.75,0.08333333333333333,0.0,0.556886,0.556887
-0.75,0.09375,0.0,0.542449,0.54245
-0.75,0.10416666666666666,0.0,0.528747,0.528748
-0.75,0.11458333333333333,0.0,0.515727,0.515729
-0.75,0.125,0.0,0.503341,0.503342
-0.75,0.13541666666666666,0.0,0.491543,0.491544
-0.75,0.14583333333333331,0.0,0.480294,0.480295
-0.75,0.15625,0.0,0.469556,0.469557
-0.75,0.16666666666666666,0.0,0.459294,0.459295
-0.75,0.17708333333333331,0.0,0.449479,0.44948
-0.75,0.1875,0.0,0.440081,0.440081
-0.75,0.19791666666666666,0.0,0.431074,0.431074
-0.75,0.20833333333333331,0.0,0.422434,0.422433
-0.75,0.21875,0.0,0.414138,0.414137
-0.75,0.22916666666666666,0.0,0.406166,0.406166
-0.75,0.23958333333333331,0.0,0.3985,0.398499
-0.75,0.25,0.0,0.391121,0.39112
-0.75,0.26041666666666663,0.0,0.384014,0.384013
-0.75,0.2708333333333333,0.0,0.377164,0.377162
-0.75,0.28125,0.0,0.370555,0.370553
-0.75,0.29166666666666663,0.0,0.364176,0.364174
-0.75,0.3020833333333333,0.0,0.358015,0.358013
-0.75,0.3125,0.0,0.35206,0.352057
-0.75,0.32291666666666663,0.0,0.3463,0.346297
-0.75,0.3333333333333333,0.0,0.340726,0.340723
-0.75,0.34375,0.0,0.335329,0.335326
-0.75,0.35416666666666663,0.0,0.3301,0.330096
-0.75,0.3645833333333333,0.0,0.325031,0.325027
-0.75,0.375,0.0,0.320114,0.32011
-0.75,0.38541666666666663,0.0,0.315343,0.315338
-0.75,0.3958333333333333,0.0,0.310711,0.310706
-0.75,0.40625,0.0,0.306211,0.306205
-0.75,0.41666666666666663,0.0,0.301838,0.301831
-0.75,0.4270833333333333,0.0,0.297586,0.297578
-0.75,0.4375,0.0,0.293449,0.293441
-0.75,0.44791666666666663,0.0,0.289424,0.289414
-0.75,0.4583333333333333,0.0,0.285505,0.285493
-0.75,0.46875,0.0,0.281687,0.281674
-0.75,0.47916666666666663,0.0,0.277968,0.277952
-0.75,0.4895833333333333,0.0,0.274342,0.274324
-0.75,0.5,0.0,0.270806,0.270785
-0.7083333333333334,0.0,0.0,0.793353,0.793353
-0.7083333333333334,0.010416666666666666,0.0,0.769966,0.769965
-0.7083333333333334,0.020833333333333332,0.0,0.747708,0.747708
-0.7083333333333334,0.03125,0.0,0.726541,0.726541
-0.7083333333333334,0.041666666666666664,0.0,0.706418,0.706418
-0.7083333333333334,0.05208333333333333,0.0,0.687286,0.687287
-0.7083333333333334,0.0625,0.0,0.669092,0.669094
-0.7083333333333334,0.07291666666666666,0.0,0.651783,0.651784
-0.7083333333333334,0.08333333333333333,0.0,0.635304,0.635305
-0.7083333333333334,0.09375,0.0,0.619605,0.619607
-0.7083333333333334,0.10416666666666666,0.0,0.604639,0.604641
-0.7083333333333334,0.11458333333333333,0.0,0.590359,0.590361
-0.7083333333333334,0.125,0.0,0.576724,0.576726
-0.7083333333333334,0.13541666666666666,0.0,0.563693,0.563695
-0.7083333333333334,0.14583333333333331,0.0,0.551229,0.551231
-0.7083333333333334,0.15625,0.0,0.539298,0.5393
-0.7083333333333334,0.16666666666666666,0.0,0.527868,0.527869
-0.7083333333333334,0.17708333333333331,0.0,0.516908,0.516909
-0.7083333333333334,0.1875,0.0,0.50639,0.506391
-0.7083333333333334,0.19791666666666666,0.0,0.49629,0.49629
-0.7083333333333334,0.20833333333333331,0.0,0.486583,0.486583
-0.7083333333333334,0.21875,0.0,0.477246,0.477246
-0.7083333333333334,0.22916666666666666,0.0,0.46826,0.468259
-0.7083333333333334,0.23958333333333331,0.0,0.459604,0.459603
-0.7083333333333334,0.25,0.0,0.451261,0.45126
-0.7083333333333334,0.26041666666666663,0.0,0.443215,0.443213
-0.7083333333333334,0.2708333333333333,0.0,0.435448,0.435447
-0.7083333333333334,0.28125,0.0,0.427948,0.427946
-0.7083333333333334,0.29166666666666663,0.0,0.4207,0.420698
-0.7083333333333334,0.3020833333333333,0.0,0.413691,0.413689
-0.7083333333333334,0.3125,0.0,0.40691,0.406907
-0.7083333333333334,0.32291666666666663,0.0,0.400345,0.400342
-0.7083333333333334,0.3333333333333333,0.0,0.393986,0.393983
-0.7083333333333334,0.34375,0.0,0.387823,0.387821
-0.7083333333333334,0.35416666666666663,0.0,0.381847,0.381845
-0.7083333333333334,0.3645833333333333,0.0,0.37605,0.376047
-0.7083333333333334,0.375,0.0,0.370422,0.370419
-0.7083333333333334,0.38541666666666663,0.0,0.364956,0.364954
-0.7083333333333334,0.3958333333333333,0.0,0.359645,0.359643
-0.7083333333333334,0.40625,0.0,0.354483,0.354481
-0.7083333333333334,0.41666666666666663,0.0,0.349462,0.349461
-0.7083333333333334,0.4270833333333333,0.0,0.344577,0.344576
-0.7083333333333334,0.4375,0.0,0.339822,0.339821
-0.7083333333333334,0.44791666666666663,0.0,0.335191,0.33519
-0.7083333333333334,0.4583333333333333,0.0,0.330679,0.330679
-0.7083333333333334,0.46875,0.0,0.326282,0.326282
-0.7083333333333334,0.47916666666666663,0.0,0.321994,0.321994
-0.7083333333333334,0.4895833333333333,0.0,0.317812,0.317812
-0.7083333333333334,0.5,0.0,0.313731,0.313731
-0.6666666666666667,0.0,0.0,0.866025,0.866025
-0.6666666666666667,0.010416666666666666,0.0,0.843329,0.843328
-0.6666666666666667,0.020833333333333332,0.0,0.821417,0.821416
-0.6666666666666667,0.03125,0.0,0.800316,0.800316
-0.6666666666666667,0.041666666666666664,0.0,0.780033,0.780034
-0.6666666666666667,0.05208333333333333,0.0,0.760561,0.760563
-0.6666666666666667,0.0625,0.0,0.741883,0.741885
-0.6666666666666667,0.07291666666666666,0.0,0.723975,0.723977
-0.6666666666666667,0.08333333333333333,0.0,0.706808,0.706811
-0.6666666666666667,0.09375,0.0,0.690353,0.690356
-0.6666666666666667,0.10416666666666666,0.0,0.674578,0.674581
-0.6666666666666667,0.11458333333333333,0.0,0.659451,0.659453
-0.6666666666666667,0.125,0.0,0.644939,0.644942
-0.6666666666666667,0.13541666666666666,0.0,0.631013,0.631016
-0.6666666666666667,0.14583333333333331,0.0,0.617643,0.617645
-0.6666666666666667,0.15625,0.0,0.604799,0.604801
-0.6666666666666667,0.16666666666666666,0.0,0.592454,0.592456
-0.6666666666666667,0.17708333333333331,0.0,0.580582,0.580584
-0.6666666666666667,0.1875,0.0,0.569159,0.569161
-0.6666666666666667,0.19791666666666666,0.0,0.558162,0.558163
-0.6666666666666667,0.20833333333333331,0.0,0.547567,0.547568
-0.6666666666666667,0.21875,0.0,0.537355,0.537355
-0.6666666666666667,0.22916666666666666,0.0,0.527505,0.527506
-0.6666666666666667,0.23958333333333331,0.0,0.518001,0.518
-0.6666666666666667,0.25,0.0,0.508823,0.508822
-0.6666666666666667,0.26041666666666663,0.0,0.499956,0.499955
-0.6666666666666667,0.2708333333333333,0.0,0.491385,0.491384
-0.6666666666666667,0.28125,0.0,0.483095,0.483093
-0.6666666666666667,0.29166666666666663,0.0,0.475072,0.47507
-0.6666666666666667,0.3020833333333333,0.0,0.467305,0.467302
-0.6666666666666667,0.3125,0.0,0.459779,0.459777
-0.6666666666666667,0.32291666666666663,0.0,0.452486,0.452483
-0.6666666666666667,0.3333333333333333,0.0,0.445413,0.44541
-0.6666666666666667,0.34375,0.0,0.43855,0.438548
-0.6666666666666667,0.35416666666666663,0.0,0.431889,0.431886
-0.6666666666666667,0.3645833333333333,0.0,0.42542,0.425417
-0.6666666666666667,0.375,0.0,0.419134,0.419132
-0.6666666666666667,0.38541666666666663,0.0,0.413024,0.413022
-0.6666666666666667,0.3958333333333333,0.0,0.407081,0.40708
-0.6666666666666667,0.40625,0.0,0.4013,0.401299
-0.6666666666666667,0.41666666666666663,0.0,0.395672,0.395673
-0.6666666666666667,0.4270833333333333,0.0,0.390191,0.390193
-0.6666666666666667,0.4375,0.0,0.384852,0.384856
-0.6666666666666667,0.44791666666666663,0.0,0.379649,0.379654
-0.6666666666666667,0.4583333333333333,0.0,0.374575,0.374582
-0.6666666666666667,0.46875,0.0,0.369626,0.369635
-0.6666666666666667,0.47916666666666663,0.0,0.364796,0.364808
-0.6666666666666667,0.4895833333333333,0.0,0.360082,0.360097
-0.6666666666666667,0.5,0.0,0.355478,0.355496
-0.625,0.0,0.0,0.92388,0.92388
-0.625,0.010416666666666666,0.0,0.902961,0.90296
-0.625,0.020833333333333332,0.0,0.882414,0.882414
-0.625,0.03125,0.0,0.862325,0.862325
-0.625,0.041666666666666664,0.0,0.842754,0.842755
-0.625,0.05208333333333333,0.0,0.823742,0.823743
-0.625,0.0625,0.0,0.80531,0.805312
-0.625,0.07291666666666666,0.0,0.78747,0.787473
-0.625,0.08333333333333333,0.0,0.770225,0.770228
-0.625,0.09375,0.0,0.753568,0.753571
-0.625,0.10416666666666666,0.0,0.737489,0.737493
-0.625,0.11458333333333333,0.0,0.721974,0.721978
-0.625,0.125,0.0,0.707008,0.707012
-0.625,0.13541666666666666,0.0,0.692571,0.692575
-0.625,0.14583333333333331,0.0,0.678644,0.678648
-0.625,0.15625,0.0,0.665209,0.665213
-0.625,0.16666666666666666,0.0,0.652244,0.652248
-0.625,0.17708333333333331,0.0,0.639732,0.639735
-0.625,0.1875,0.0,0.627651,0.627654
-0.625,0.19791666666666666,0.0,0.615984,0.615986
-0.625,0.20833333333333331,0.0,0.604712,0.604714
-0.625,0.21875,0.0,0.593817,0.593819
-0.625,0.22916666666666666,0.0,0.583284,0.583285
-0.625,0.23958333333333331,0.0,0.573095,0.573096
-0.625,0.25,0.0,0.563235,0.563235
-0.625,0.26041666666666663,0.0,0.553689,0.553689
-0.625,0.2708333333333333,0.0,0.544444,0.544443
-0.625,0.28125,0.0,0.535485,0.535484
-0.625,0.29166666666666663,0.0,0.526801,0.5268
-0.625,0.3020833333333333,0.0,0.518378,0.518377
-0.625,0.3125,0.0,0.510206,0.510205
-0.625,0.32291666666666663,0.0,0.502274,0.502272
-0.625,0.3333333333333333,0.0,0.494571,0.494568
-0.625,0.34375,0.0,0.487087,0.487084
-0.625,0.35416666666666663,0.0,0.479813,0.47981
-0.625,0.3645833333333333,0.0,0.47274,0.472738
-0.625,0.375,0.0,0.46586,0.465857
-0.625,0.38541666666666663,0.0,0.459164,0.459162
-0.625,0.3958333333333333,0.0,0.452645,0.452643
-0.625,0.40625,0.0,0.446296,0.446294
-0.625,0.41666666666666663,0.0,0.440109,0.440109
-0.625,0.4270833333333333,0.0,0.434079,0.434079
-0.625,0.4375,0.0,0.428198,0.428199
-0.625,0.44791666666666663,0.0,0.422461,0.422464
-0.625,0.4583333333333333,0.0,0.416862,0.416867
-0.625,0.46875,0.0,0.411396,0.411404
-0.625,0.47916666666666663,0.0,0.406057,0.406068
-0.625,0.4895833333333333,0.0,0.400841,0.400855
-0.625,0.5,0.0,0.395743,0.395761
-0.5833333333333334,0.0,0.0,0.965926,0.965926
-0.5833333333333334,0.010416666666666666,0.0,0.947732,0.947732
-0.5833333333333334,0.020833333333333332,0.0,0.929477,0.929476
-0.5833333333333334,0.03125,0.0,0.91129,0.91129
-0.5833333333333334,0.041666666666666664,0.0,0.893276,0.893277
-0.5833333333333334,0.05208333333333333,0.0,0.875517,0.875519
-0.5833333333333334,0.0625,0.0,0.858074,0.858077
-0.5833333333333334,0.07291666666666666,0.0,0.840994,0.840997
-0.5833333333333334,0.08333333333333333,0.0,0.824308,0.824312
-0.5833333333333334,0.09375,0.0,0.808039,0.808044
-0.5833333333333334,0.10416666666666666,0.0,0.792202,0.792207
-0.5833333333333334,0.11458333333333333,0.0,0.776803,0.776808
-0.5833333333333334,0.125,0.0,0.761843,0.761849
-0.5833333333333334,0.13541666666666666,0.0,0.747321,0.747327
-0.5833333333333334,0.14583333333333331,0.0,0.733231,0.733237
-0.5833333333333334,0.15625,0.0,0.719565,0.719571
-0.5833333333333334,0.16666666666666666,0.0,0.706314,0.70632
-0.5833333333333334,0.17708333333333331,0.0,0.693467,0.693472
-0.5833333333333334,0.1875,0.0,0.681011,0.681017
-0.5833333333333334,0.19791666666666666,0.0,0.668936,0.668941
-0.5833333333333334,0.20833333333333331,0.0,0.657228,0.657233
-0.5833333333333334,0.21875,0.0,0.645875,0.645879
-0.5833333333333334,0.22916666666666666,0.0,0.634863,0.634867
-0.5833333333333334,0.23958333333333331,0.0,0.624181,0.624185
-0.5833333333333334,0.25,0.0,0.613816,0.613819
-0.5833333333333334,0.26041666666666663,0.0,0.603756,0.603758
-0.5833333333333334,0.2708333333333333,0.0,0.593988,0.593991
-0.5833333333333334,0.28125,0.0,0.584503,0.584505
-0.5833333333333334,0.29166666666666663,0.0,0.575287,0.575289
-0.5833333333333334,0.3020833333333333,0.0,0.566332,0.566334
-0.5833333333333334,0.3125,0.0,0.557627,0.557628
-0.5833333333333334,0.32291666666666663,0.0,0.549161,0.549162
-0.5833333333333334,0.3333333333333333,0.0,0.540926,0.540926
-0.5833333333333334,0.34375,0.0,0.532912,0.532912
-0.5833333333333334,0.35416666666666663,0.0,0.52511,0.52511
-0.5833333333333334,0.3645833333333333,0.0,0.517513,0.517512
-0.5833333333333334,0.375,0.0,0.510112,0.51011
-0.5833333333333334,0.38541666666666663,0.0,0.502899,0.502897
-0.5833333333333334,0.3958333333333333,0.0,0.495867,0.495866
-0.5833333333333334,0.40625,0.0,0.48901,0.489008
-0.5833333333333334,0.41666666666666663,0.0,0.48232,0.482318
-0.5833333333333334,0.4270833333333333,0.0,0.475791,0.475789
-0.5833333333333334,0.4375,0.0,0.469417,0.469416
-0.5833333333333334,0.44791666666666663,0.0,0.463192,0.463191
-0.5833333333333334,0.4583333333333333,0.0,0.45711,0.45711
-0.5833333333333334,0.46875,0.0,0.451166,0.451167
-0.5833333333333334,0.47916666666666663,0.0,0.445355,0.445358
-0.5833333333333334,0.4895833333333333,0.0,0.439672,0.439676
-0.5833333333333334,0.5,0.0,0.434112,0.434119
-0.5416666666666667,0.0,0.0,0.991445,0.991445
-0.5416666666666667,0.010416666666666666,0.0,0.976726,0.976726
-0.5416666666666667,0.020833333333333332,0.0,0.961539,0.961539
-0.5416666666666667,0.03125,0.0,0.946037,0.946037
-0.5416666666666667,0.041666666666666664,0.0,0.930352,0.930353
-0.5416666666666667,0.05208333333333333,0.0,0.914595,0.914597
-0.5416666666666667,0.0625,0.0,0.89886,0.898863
-0.5416666666666667,0.07291666666666666,0.0,0.883222,0.883226
-0.5416666666666667,0.08333333333333333,0.0,0.867743,0.867748
-0.5416666666666667,0.09375,0.0,0.852471,0.852477
-0.5416666666666667,0.10416666666666666,0.0,0.837444,0.837451
-0.5416666666666667,0.11458333333333333,0.0,0.822691,0.822698
-0.5416666666666667,0.125,0.0,0.808233,0.808242
-0.5416666666666667,0.13541666666666666,0.0,0.794087,0.794095
-0.5416666666666667,0.14583333333333331,0.0,0.780261,0.78027
-0.5416666666666667,0.15625,0.0,0.766762,0.766771
-0.5416666666666667,0.16666666666666666,0.0,0.753593,0.753602
-0.5416666666666667,0.17708333333333331,0.0,0.740753,0.740763
-0.5416666666666667,0.1875,0.0,0.728241,0.72825
-0.5416666666666667,0.19791666666666666,0.0,0.716052,0.716061
-0.5416666666666667,0.20833333333333331,0.0,0.704181,0.70419
-0.5416666666666667,0.21875,0.0,0.692622,0.692631
-0.5416666666666667,0.22916666666666666,0.0,0.681368,0.681377
-0.5416666666666667,0.23958333333333331,0.0,0.670411,0.67042
-0.5416666666666667,0.25,0.0,0.659744,0.659752
-0.5416666666666667,0.26041666666666663,0.0,0.649357,0.649365
-0.5416666666666667,0.2708333333333333,0.0,0.639243,0.639251
-0.5416666666666667,0.28125,0.0,0.629393,0.6294
-0.5416666666666667,0.29166666666666663,0.0,0.619798,0.619806
-0.5416666666666667,0.3020833333333333,0.0,0.610451,0.610458
-0.5416666666666667,0.3125,0.0,0.601343,0.60135
-0.5416666666666667,0.32291666666666663,0.0,0.592466,0.592472
-0.5416666666666667,0.3333333333333333,0.0,0.583811,0.583818
-0.5416666666666667,0.34375,0.0,0.575372,0.575378
-0.5416666666666667,0.35416666666666663,0.0,0.567141,0.567147
-0.5416666666666667,0.3645833333333333,0.0,0.55911,0.559115
-0.5416666666666667,0.375,0.0,0.551272,0.551277
-0.5416666666666667,0.38541666666666663,0.0,0.543621,0.543626
-0.5416666666666667,0.3958333333333333,0.0,0.536149,0.536154
-0.5416666666666667,0.40625,0.0,0.528852,0.528856
-0.5416666666666667,0.41666666666666663,0.0,0.521721,0.521725
-0.5416666666666667,0.4270833333333333,0.0,0.514753,0.514756
-0.5416666666666667,0.4375,0.0,0.50794,0.507942
-0.5416666666666667,0.44791666666666663,0.0,0.501277,0.501278
-0.5416666666666667,0.4583333333333333,0.0,0.494759,0.49476
-0.5416666666666667,0.46875,0.0,0.488382,0.488382
-0.5416666666666667,0.47916666666666663,0.0,0.482139,0.482138
-0.5416666666666667,0.4895833333333333,0.0,0.476027,0.476025
-0.5416666666666667,0.5,0.0,0.470041,0.470038
-0.5,0.0,0.0,1.0,1.0
-0.5,0.010416666666666666,0.0,0.989264,0.989264
-0.5,0.020833333333333332,0.0,0.977723,0.977722
-0.5,0.03125,0.0,0.965528,0.965528
-0.5,0.041666666666666664,0.0,0.952821,0.952821
-0.5,0.05208333333333333,0.0,0.939726,0.939727
-0.5,0.0625,0.0,0.926353,0.926356
-0.5,0.07291666666666666,0.0,0.912801,0.912805
-0.5,0.08333333333333333,0.0,0.899151,0.899156
-0.5,0.09375,0.0,0.885474,0.885481
-0.5,0.10416666666666666,0.0,0.871829,0.871837
-0.5,0.11458333333333333,0.0,0.858265,0.858275
-0.5,0.125,0.0,0.844823,0.844834
-0.5,0.13541666666666666,0.0,0.831535,0.831548
-0.5,0.14583333333333331,0.0,0.818428,0.818442
-0.5,0.15625,0.0,0.805523,0.805537
-0.5,0.16666666666666666,0.0,0.792834,0.792849
-0.5,0.17708333333333331,0.0,0.780375,0.780391
-0.5,0.1875,0.0,0.768154,0.76817
-0.5,0.19791666666666666,0.0,0.756177,0.756193
-0.5,0.20833333333333331,0.0,0.744447,0.744463
-0.5,0.21875,0.0,0.732966,0.732982
-0.5,0.22916666666666666,0.0,0.721733,0.721749
-0.5,0.23958333333333331,0.0,0.710747,0.710764
-0.5,0.25,0.0,0.700006,0.700023
-0.5,0.26041666666666663,0.0,0.689507,0.689523
-0.5,0.2708333333333333,0.0,0.679244,0.679261
-0.5,0.28125,0.0,0.669215,0.669232
-0.5,0.29166666666666663,0.0,0.659413,0.659431
-0.5,0.3020833333333333,0.0,0.649835,0.649852
-0.5,0.3125,0.0,0.640473,0.640491
-0.5,0.32291666666666663,0.0,0.631323,0.631341
-0.5,0.3333333333333333,0.0,0.622379,0.622397
-0.5,0.34375,0.0,0.613635,0.613653
-0.5,0.35416666666666663,0.0,0.605085,0.605104
-0.5,0.3645833333333333,0.0,0.596724,0.596743
-0.5,0.375,0.0,0.588546,0.588566
-0.5,0.38541666666666663,0.0,0.580546,0.580566
-0.5,0.3958333333333333,0.0,0.572718,0.572738
-0.5,0.40625,0.0,0.565057,0.565077
-0.5,0.41666666666666663,0.0,0.557558,0.557578
-0.5,0.4270833333333333,0.0,0.550215,0.550235
-0.5,0.4375,0.0,0.543025,0.543043
-0.5,0.44791666666666663,0.0,0.535981,0.535998
-0.5,0.4583333333333333,0.0,0.529079,0.529096
-0.5,0.46875,0.0,0.522316,0.522331
-0.5,0.47916666666666663,0.0,0.515686,0.515699
-0.5,0.4895833333333333,0.0,0.509186,0.509197
-0.5,0.5,0.0,0.502811,0.502819
-0.45833333333333337,0.0,0.0,0.991445,0.991445
-0.45833333333333337,0.010416666666666666,0.0,0.984926,0.984925
-0.45833333333333337,0.020833333333333332,0.0,0.977368,0.977367
-0.45833333333333337,0.03125,0.0,0.9689,0.968899
-0.45833333333333337,0.041666666666666664,0.0,0.959648,0.959648
-0.45833333333333337,0.05208333333333333,0.0,0.949733,0.949734
-0.45833333333333337,0.0625,0.0,0.93927,0.939272
-0.45833333333333337,0.07291666666666666,0.0,0.928362,0.928366
-0.45833333333333337,0.08333333333333333,0.0,0.917103,0.917109
-0.45833333333333337,0.09375,0.0,0.905578,0.905586
-0.45833333333333337,0.10416666666666666,0.0,0.89386,0.89387
-0.45833333333333337,0.11458333333333333,0.0,0.882015,0.882027
-0.45833333333333337,0.125,0.0,0.870098,0.870113
-0.45833333333333337,0.13541666666666666,0.0,0.858158,0.858175
-0.45833333333333337,0.14583333333333331,0.0,0.846235,0.846254
-0.45833333333333337,0.15625,0.0,0.834366,0.834386
-0.45833333333333337,0.16666666666666666,0.0,0.822578,0.8226
-0.45833333333333337,0.17708333333333331,0.0,0.810895,0.810919
-0.45833333333333337,0.1875,0.0,0.799339,0.799364
-0.45833333333333337,0.19791666666666666,0.0,0.787924,0.78795
-0.45833333333333337,0.20833333333333331,0.0,0.776664,0.776691
-0.45833333333333337,0.21875,0.0,0.76557,0.765598
-0.45833333333333337,0.22916666666666666,0.0,0.754648,0.754677
-0.45833333333333337,0.23958333333333331,0.0,0.743905,0.743935
-0.45833333333333337,0.25,0.0,0.733344,0.733375
-0.45833333333333337,0.26041666666666663,0.0,0.722969,0.723001
-0.45833333333333337,0.2708333333333333,0.0,0.712781,0.712813
-0.45833333333333337,0.28125,0.0,0.702779,0.702812
-0.45833333333333337,0.29166666666666663,0.0,0.692964,0.692998
-0.45833333333333337,0.3020833333333333,0.0,0.683334,0.683369
-0.45833333333333337,0.3125,0.0,0.673887,0.673923
-0.45833333333333337,0.32291666666666663,0.0,0.664621,0.664658
-0.45833333333333337,0.3333333333333333,0.0,0.655534,0.655571
-0.45833333333333337,0.34375,0.0,0.646621,0.646659
-0.45833333333333337,0.35416666666666663,0.0,0.63788,0.63792
-0.45833333333333337,0.3645833333333333,0.0,0.629307,0.629348
-0.45833333333333337,0.375,0.0,0.620899,0.620941
-0.45833333333333337,0.38541666666666663,0.0,0.612651,0.612695
-0.45833333333333337,0.3958333333333333,0.0,0.604561,0.604606
-0.45833333333333337,0.40625,0.0,0.596625,0.59667
-0.45833333333333337,0.41666666666666663,0.0,0.588837,0.588884
-0.45833333333333337,0.4270833333333333,0.0,0.581196,0.581244
-0.45833333333333337,0.4375,0.0,0.573697,0.573745
-0.45833333333333337,0.44791666666666663,0.0,0.566336,0.566384
-0.45833333333333337,0.4583333333333333,0.0,0.55911,0.559158
-0.45833333333333337,0.46875,0.0,0.552015,0.552063
-0.45833333333333337,0.47916666666666663,0.0,0.545048,0.545095
-0.45833333333333337,0.4895833333333333,0.0,0.538205,0.538251
-0.45833333333333337,0.5,0.0,0.531483,0.531528
-0.41666666666666674,0.0,0.0,0.965926,0.965926
-0.41666666666666674,0.010416666666666666,0.0,0.963574,0.963574
-0.41666666666666674,0.020833333333333332,0.0,0.96007,0.96007
-0.41666666666666674,0.03125,0.0,0.955503,0.955502
-0.41666666666666674,0.041666666666666664,0.0,0.94997,0.949969
-0.41666666666666674,0.05208333333333333,0.0,0.943569,0.943569
-0.41666666666666674,0.0625,0.0,0.936402,0.936403
-0.41666666666666674,0.07291666666666666,0.0,0.928566,0.928569
-0.41666666666666674,0.08333333333333333,0.0,0.920154,0.920159
-0.41666666666666674,0.09375,0.0,0.911252,0.911261
-0.41666666666666674,0.10416666666666666,0.0,0.901942,0.901954
-0.41666666666666674,0.11458333333333333,0.0,0.892296,0.892311
-0.41666666666666674,0.125,0.0,0.882381,0.882399
-0.41666666666666674,0.13541666666666666,0.0,0.872256,0.872277
-0.41666666666666674,0.14583333333333331,0.0,0.861972,0.861997
-0.41666666666666674,0.15625,0.0,0.851577,0.851605
-0.41666666666666674,0.16666666666666666,0.0,0.841111,0.841142
-0.41666666666666674,0.17708333333333331,0.0,0.830609,0.830643
-0.41666666666666674,0.1875,0.0,0.820102,0.820139
-0.41666666666666674,0.19791666666666666,0.0,0.809616,0.809656
-0.41666666666666674,0.20833333333333331,0.0,0.799174,0.799216
-0.41666666666666674,0.21875,0.0,0.788794,0.788839
-0.41666666666666674,0.22916666666666666,0.0,0.778494,0.77854
-0.41666666666666674,0.23958333333333331,0.0,0.768285,0.768334
-0.41666666666666674,0.25,0.0,0.75818,0.758231
-0.41666666666666674,0.26041666666666663,0.0,0.748187,0.748241
-0.41666666666666674,0.2708333333333333,0.0,0.738315,0.73837
-0.41666666666666674,0.28125,0.0,0.728569,0.728626
-0.41666666666666674,0.29166666666666663,0.0,0.718953,0.719012
-0.41666666666666674,0.3020833333333333,0.0,0.709471,0.709532
-0.41666666666666674,0.3125,0.0,0.700125,0.700188
-0.41666666666666674,0.32291666666666663,0.0,0.690918,0.690982
-0.41666666666666674,0.3333333333333333,0.0,0.681849,0.681916
-0.41666666666666674,0.34375,0.0,0.67292,0.672988
-0.41666666666666674,0.35416666666666663,0.0,0.664129,0.664199
-0.41666666666666674,0.3645833333333333,0.0,0.655477,0.655549
-0.41666666666666674,0.375,0.0,0.646961,0.647036
-0.41666666666666674,0.38541666666666663,0.0,0.638582,0.638659
-0.41666666666666674,0.3958333333333333,0.0,0.630337,0.630416
-0.41666666666666674,0.40625,0.0,0.622224,0.622305
-0.41666666666666674,0.41666666666666663,0.0,0.614242,0.614325
-0.41666666666666674,0.4270833333333333,0.0,0.606389,0.606474
-0.41666666666666674,0.4375,0.0,0.598661,0.598748
-0.41666666666666674,0.44791666666666663,0.0,0.591058,0.591147
-0.41666666666666674,0.4583333333333333,0.0,0.583576,0.583667
-0.41666666666666674,0.46875,0.0,0.576214,0.576307
-0.41666666666666674,0.47916666666666663,0.0,0.568969,0.569064
-0.41666666666666674,0.4895833333333333,0.0,0.561839,0.561935
-0.41666666666666674,0.5,0.0,0.554821,0.554918
-0.375,0.0,0.0,0.92388,0.92388
-0.375,0.010416666666666666,0.0,0.925369,0.925369
-0.375,0.020833333333333332,0.0,0.925714,0.925713
-0.375,0.03125,0.0,0.924957,0.924955
-0.375,0.041666666666666664,0.0,0.923153,0.923151
-0.375,0.05208333333333333,0.0,0.92037,0.920368
-0.375,0.0625,0.0,0.91668,0.916679
-0.375,0.07291666666666666,0.0,0.912161,0.912163
-0.375,0.08333333333333333,0.0,0.906893,0.906897
-0.375,0.09375,0.0,0.900953,0.90096
-0.375,0.10416666666666666,0.0,0.894418,0.894429
-0.375,0.11458333333333333,0.0,0.88736,0.887375
-0.375,0.125,0.0,0.879847,0.879868
-0.375,0.13541666666666666,0.0,0.871944,0.871969
-0.375,0.14583333333333331,0.0,0.863707,0.863738
-0.375,0.15625,0.0,0.855192,0.855227
-0.375,0.16666666666666666,0.0,0.846445,0.846486
-0.375,0.17708333333333331,0.0,0.837512,0.837558
-0.375,0.1875,0.0,0.82843,0.828481
-0.375,0.19791666666666666,0.0,0.819236,0.819291
-0.375,0.20833333333333331,0.0,0.809959,0.810019
-0.375,0.21875,0.0,0.800628,0.800692
-0.375,0.22916666666666666,0.0,0.791265,0.791335
-0.375,0.23958333333333331,0.0,0.781893,0.781967
-0.375,0.25,0.0,0.77253,0.772608
-0.375,0.26041666666666663,0.0,0.763192,0.763273
-0.375,0.2708333333333333,0.0,0.753892,0.753977
-0.375,0.28125,0.0,0.744642,0.744731
-0.375,0.29166666666666663,0.0,0.735454,0.735546
-0.375,0.3020833333333333,0.0,0.726334,0.72643
-0.375,0.3125,0.0,0.717292,0.71739
-0.375,0.32291666666666663,0.0,0.708332,0.708434
-0.375,0.3333333333333333,0.0,0.699461,0.699565
-0.375,0.34375,0.0,0.690682,0.690789
-0.375,0.35416666666666663,0.0,0.681998,0.682108
-0.375,0.3645833333333333,0.0,0.673413,0.673525
-0.375,0.375,0.0,0.664929,0.665044
-0.375,0.38541666666666663,0.0,0.656547,0.656664
-0.375,0.3958333333333333,0.0,0.648268,0.648387
-0.375,0.40625,0.0,0.640093,0.640215
-0.375,0.41666666666666663,0.0,0.632023,0.632147
-0.375,0.4270833333333333,0.0,0.624057,0.624184
-0.375,0.4375,0.0,0.616195,0.616325
-0.375,0.44791666666666663,0.0,0.608438,0.60857
-0.375,0.4583333333333333,0.0,0.600783,0.600919
-0.375,0.46875,0.0,0.593232,0.59337
-0.375,0.47916666666666663,0.0,0.585783,0.585924
-0.375,0.4895833333333333,0.0,0.578434,0.578578
-0.375,0.5,0.0,0.571186,0.571333
-0.33333333333333337,0.0,0.0,0.866025,0.866025
-0.33333333333333337,0.010416666666666666,0.0,0.870781,0.87078
-0.33333333333333337,0.020833333333333332,0.0,0.874504,0.874503
-0.33333333333333337,0.03125,0.0,0.877192,0.87719
-0.33333333333333337,0.041666666666666664,0.0,0.87886,0.878857
-0.33333333333333337,0.05208333333333333,0.0,0.879533,0.87953
-0.33333333333333337,0.0625,0.0,0.879253,0.87925
-0.33333333333333337,0.07291666666666666,0.0,0.878066,0.878065
-0.33333333333333337,0.08333333333333333,0.0,0.876029,0.876029
-0.33333333333333337,0.09375,0.0,0.873198,0.873202
-0.33333333333333337,0.10416666666666666,0.0,0.869637,0.869645
-0.33333333333333337,0.11458333333333333,0.0,0.865408,0.86542
-0.33333333333333337,0.125,0.0,0.860571,0.860589
-0.33333333333333337,0.13541666666666666,0.0,0.855186,0.855211
-0.33333333333333337,0.14583333333333331,0.0,0.849312,0.849344
-0.33333333333333337,0.15625,0.0,0.843003,0.843041
-0.33333333333333337,0.16666666666666666,0.0,0.836309,0.836355
-0.33333333333333337,0.17708333333333331,0.0,0.82928,0.829333
-0.33333333333333337,0.1875,0.0,0.821957,0.822018
-0.33333333333333337,0.19791666666666666,0.0,0.814384,0.814452
-0.33333333333333337,0.20833333333333331,0.0,0.806595,0.806671
-0.33333333333333337,0.21875,0.0,0.798626,0.79871
-0.33333333333333337,0.22916666666666666,0.0,0.790507,0.790598
-0.33333333333333337,0.23958333333333331,0.0,0.782266,0.782363
-0.33333333333333337,0.25,0.0,0.773927,0.774031
-0.33333333333333337,0.26041666666666663,0.0,0.765513,0.765623
-0.33333333333333337,0.2708333333333333,0.0,0.757044,0.75716
-0.33333333333333337,0.28125,0.0,0.748538,0.748659
-0.33333333333333337,0.29166666666666663,0.0,0.740011,0.740138
-0.33333333333333337,0.3020833333333333,0.0,0.731477,0.731609
-0.33333333333333337,0.3125,0.0,0.722949,0.723085
-0.33333333333333337,0.32291666666666663,0.0,0.714437,0.714577
-0.33333333333333337,0.3333333333333333,0.0,0.705953,0.706096
-0.33333333333333337,0.34375,0.0,0.697503,0.697651
-0.33333333333333337,0.35416666666666663,0.0,0.689097,0.689247
-0.33333333333333337,0.3645833333333333,0.0,0.68074,0.680893
-0.33333333333333337,0.375,0.0,0.672439,0.672594
-0.33333333333333337,0.38541666666666663,0.0,0.664198,0.664355
-0.33333333333333337,0.3958333333333333,0.0,0.656022,0.656181
-0.33333333333333337,0.40625,0.0,0.647914,0.648076
-0.33333333333333337,0.41666666666666663,0.0,0.639879,0.640042
-0.33333333333333337,0.4270833333333333,0.0,0.631918,0.632082
-0.33333333333333337,0.4375,0.0,0.624034,0.624199
-0.33333333333333337,0.44791666666666663,0.0,0.616229,0.616396
-0.33333333333333337,0.4583333333333333,0.0,0.608504,0.608672
-0.33333333333333337,0.46875,0.0,0.600861,0.601031
-0.33333333333333337,0.47916666666666663,0.0,0.5933,0.593472
-0.33333333333333337,0.4895833333333333,0.0,0.585824,0.585998
-0.33333333333333337,0.5,0.0,0.578431,0.578607
-0.29166666666666674,0.0,0.0,0.793353,0.793353
-0.29166666666666674,0.010416666666666666,0.0,0.800595,0.800594
-0.29166666666666674,0.020833333333333332,0.0,0.806991,0.806989
-0.29166666666666674,0.03125,0.0,0.812505,0.812502
-0.29166666666666674,0.041666666666666664,0.0,0.817114,0.81711
-0.29166666666666674,0.05208333333333333,0.0,0.82081,0.820804
-0.29166666666666674,0.0625,0.0,0.823595,0.823589
-0.29166666666666674,0.07291666666666666,0.0,0.825486,0.825479
-0.29166666666666674,0.08333333333333333,0.0,0.826507,0.826501
-0.29166666666666674,0.09375,0.0,0.82669,0.826686
-0.29166666666666674,0.10416666666666666,0.0,0.826075,0.826075
-0.29166666666666674,0.11458333333333333,0.0,0.824706,0.824709
-0.29166666666666674,0.125,0.0,0.822628,0.822637
-0.29166666666666674,0.13541666666666666,0.0,0.81989,0.819905
-0.29166666666666674,0.14583333333333331,0.0,0.816541,0.816563
-0.29166666666666674,0.15625,0.0,0.81263,0.81266
-0.29166666666666674,0.16666666666666666,0.0,0.808204,0.808243
-0.29166666666666674,0.17708333333333331,0.0,0.803309,0.803358
-0.29166666666666674,0.1875,0.0,0.797991,0.798049
-0.29166666666666674,0.19791666666666666,0.0,0.792291,0.792359
-0.29166666666666674,0.20833333333333331,0.0,0.786249,0.786326
-0.29166666666666674,0.21875,0.0,0.779902,0.779989
-0.29166666666666674,0.22916666666666666,0.0,0.773285,0.773381
-0.29166666666666674,0.23958333333333331,0.0,0.76643,0.766535
-0.29166666666666674,0.25,0.0,0.759368,0.759482
-0.29166666666666674,0.26041666666666663,0.0,0.752126,0.752248
-0.29166666666666674,0.2708333333333333,0.0,0.744728,0.744858
-0.29166666666666674,0.28125,0.0,0.7372,0.737336
-0.29166666666666674,0.29166666666666663,0.0,0.72956,0.729704
-0.29166666666666674,0.3020833333333333,0.0,0.72183,0.72198
-0.29166666666666674,0.3125,0.0,0.714027,0.714182
-0.29166666666666674,0.32291666666666663,0.0,0.706167,0.706327
-0.29166666666666674,0.3333333333333333,0.0,0.698264,0.698429
-0.29166666666666674,0.34375,0.0,0.690333,0.690501
-0.29166666666666674,0.35416666666666663,0.0,0.682384,0.682555
-0.29166666666666674,0.3645833333333333,0.0,0.674429,0.674602
-0.29166666666666674,0.375,0.0,0.666477,0.666653
-0.29166666666666674,0.38541666666666663,0.0,0.658539,0.658715
-0.29166666666666674,0.3958333333333333,0.0,0.65062,0.650798
-0.29166666666666674,0.40625,0.0,0.64273,0.642907
-0.29166666666666674,0.41666666666666663,0.0,0.634873,0.635051
-0.29166666666666674,0.4270833333333333,0.0,0.627057,0.627234
-0.29166666666666674,0.4375,0.0,0.619286,0.619461
-0.29166666666666674,0.44791666666666663,0.0,0.611564,0.611739
-0.29166666666666674,0.4583333333333333,0.0,0.603896,0.60407
-0.29166666666666674,0.46875,0.0,0.596286,0.596458
-0.29166666666666674,0.47916666666666663,0.0,0.588737,0.588907
-0.29166666666666674,0.4895833333333333,0.0,0.581251,0.58142
-0.29166666666666674,0.5,0.0,0.573831,0.573999
-0.25,0.0,0.0,0.707107,0.707107
-0.25,0.010416666666666666,0.0,0.71591,0.71591
-0.25,0.020833333333333332,0.0,0.724093,0.724091
-0.25,0.03125,0.0,0.731598,0.731595
-0.25,0.041666666666666664,0.0,0.738377,0.738372
-0.25,0.05208333333333333,0.0,0.744395,0.744387
-0.25,0.0625,0.0,0.749625,0.749614
-0.25,0.07291666666666666,0.0,0.754051,0.754039
-0.25,0.08333333333333333,0.0,0.757671,0.757657
-0.25,0.09375,0.0,0.760488,0.760472
-0.25,0.10416666666666666,0.0,0.762514,0.762499
-0.25,0.11458333333333333,0.0,0.763771,0.763758
-0.25,0.125,0.0,0.764285,0.764273
-0.25,0.13541666666666666,0.0,0.764084,0.764077
-0.25,0.14583333333333331,0.0,0.763205,0.763202
-0.25,0.15625,0.0,0.761682,0.761686
-0.25,0.16666666666666666,0.0,0.759555,0.759565
-0.25,0.17708333333333331,0.0,0.756862,0.75688
-0.25,0.1875,0.0,0.753642,0.753669
-0.25,0.19791666666666666,0.0,0.749935,0.749971
-0.25,0.20833333333333331,0.0,0.745779,0.745823
-0.25,0.21875,0.0,0.741209,0.741263
-0.25,0.22916666666666666,0.0,0.736262,0.736325
-0.25,0.23958333333333331,0.0,0.730972,0.731044
-0.25,0.25,0.0,0.725372,0.725452
-0.25,0.26041666666666663,0.0,0.719491,0.71958
-0.25,0.2708333333333333,0.0,0.713359,0.713455
-0.25,0.28125,0.0,0.707003,0.707106
-0.25,0.29166666666666663,0.0,0.700448,0.700558
-0.25,0.3020833333333333,0.0,0.693718,0.693834
-0.25,0.3125,0.0,0.686836,0.686956
-0.25,0.32291666666666663,0.0,0.679821,0.679946
-0.25,0.3333333333333333,0.0,0.672692,0.672821
-0.25,0.34375,0.0,0.665468,0.6656
-0.25,0.35416666666666663,0.0,0.658164,0.658298
-0.25,0.3645833333333333,0.0,0.650796,0.650932
-0.25,0.375,0.0,0.643377,0.643514
-0.25,0.38541666666666663,0.0,0.635921,0.636057
-0.25,0.3958333333333333,0.0,0.628438,0.628574
-0.25,0.40625,0.0,0.620939,0.621074
-0.25,0.41666666666666663,0.0,0.613435,0.613568
-0.25,0.4270833333333333,0.0,0.605934,0.606065
-0.25,0.4375,0.0,0.598445,0.598572
-0.25,0.44791666666666663,0.0,0.590974,0.591098
-0.25,0.4583333333333333,0.0,0.583529,0.58365
-0.25,0.46875,0.0,0.576117,0.576233
-0.25,0.47916666666666663,0.0,0.568741,0.568853
-0.25,0.4895833333333333,0.0,0.561409,0.561515
-0.25,0.5,0.0,0.554123,0.554225
-0.20833333333333337,0.0,0.0,0.608761,0.608761
-0.20833333333333337,0.010416666666666666,0.0,0.618131,0.61813
-0.20833333333333337,0.020833333333333332,0.0,0.627103,0.627101
-0.20833333333333337,0.03125,0.0,0.635614,0.63561
-0.20833333333333337,0.041666666666666664,0.0,0.643606,0.643599
-0.20833333333333337,0.05208333333333333,0.0,0.651027,0.651017
-0.20833333333333337,0.0625,0.0,0.657832,0.657817
-0.20833333333333337,0.07291666666666666,0.0,0.663985,0.663966
-0.20833333333333337,0.08333333333333333,0.0,0.669458,0.669434
-0.20833333333333337,0.09375,0.0,0.674232,0.674202
-0.20833333333333337,0.10416666666666666,0.0,0.678295,0.678261
-0.20833333333333337,0.11458333333333333,0.0,0.681645,0.681607
-0.20833333333333337,0.125,0.0,0.684286,0.684244
-0.20833333333333337,0.13541666666666666,0.0,0.686227,0.686182
-0.20833333333333337,0.14583333333333331,0.0,0.687484,0.687438
-0.20833333333333337,0.15625,0.0,0.688079,0.688032
-0.20833333333333337,0.16666666666666666,0.0,0.688034,0.687987
-0.20833333333333337,0.17708333333333331,0.0,0.687377,0.687332
-0.20833333333333337,0.1875,0.0,0.686138,0.686094
-0.20833333333333337,0.19791666666666666,0.0,0.684346,0.684305
-0.20833333333333337,0.20833333333333331,0.0,0.682035,0.681997
-0.20833333333333337,0.21875,0.0,0.679237,0.679203
-0.20833333333333337,0.22916666666666666,0.0,0.675984,0.675953
-0.20833333333333337,0.23958333333333331,0.0,0.672308,0.672281
-0.20833333333333337,0.25,0.0,0.668241,0.668218
-0.20833333333333337,0.26041666666666663,0.0,0.663815,0.663796
-0.20833333333333337,0.2708333333333333,0.0,0.659058,0.659042
-0.20833333333333337,0.28125,0.0,0.654,0.653988
-0.20833333333333337,0.29166666666666663,0.0,0.648668,0.648659
-0.20833333333333337,0.3020833333333333,0.0,0.643089,0.643082
-0.20833333333333337,0.3125,0.0,0.637287,0.637283
-0.20833333333333337,0.32291666666666663,0.0,0.631286,0.631284
-0.20833333333333337,0.3333333333333333,0.0,0.625109,0.625107
-0.20833333333333337,0.34375,0.0,0.618776,0.618775
-0.20833333333333337,0.35416666666666663,0.0,0.612307,0.612306
-0.20833333333333337,0.3645833333333333,0.0,0.60572,0.605719
-0.20833333333333337,0.375,0.0,0.599032,0.599032
-0.20833333333333337,0.38541666666666663,0.0,0.59226,0.592259
-0.20833333333333337,0.3958333333333333,0.0,0.585419,0.585416
-0.20833333333333337,0.40625,0.0,0.578521,0.578516
-0.20833333333333337,0.41666666666666663,0.0,0.571581,0.571574
-0.20833333333333337,0.4270833333333333,0.0,0.564609,0.564599
-0.20833333333333337,0.4375,0.0,0.557617,0.557604
-0.20833333333333337,0.44791666666666663,0.0,0.550615,0.550599
-0.20833333333333337,0.4583333333333333,0.0,0.543612,0.543591
-0.20833333333333337,0.46875,0.0,0.536617,0.536591
-0.20833333333333337,0.47916666666666663,0.0,0.529636,0.529606
-0.20833333333333337,0.4895833333333333,0.0,0.522679,0.522643
-0.20833333333333337,0.5,0.0,0.51575,0.515709
-0.16666666666666674,0.0,0.0,0.5,0.5
-0.16666666666666674,0.010416666666666666,0.0,0.508944,0.508944
-0.16666666666666674,0.020833333333333332,0.0,0.51768,0.517678
-0.16666666666666674,0.03125,0.0,0.526149,0.526145
-0.16666666666666674,0.041666666666666664,0.0,0.534294,0.534287
-0.16666666666666674,0.05208333333333333,0.0,0.542062,0.542051
-0.16666666666666674,0.0625,0.0,0.5494,0.549383
-0.16666666666666674,0.07291666666666666,0.0,0.556263,0.556239
-0.16666666666666674,0.08333333333333333,0.0,0.562611,0.562578
-0.16666666666666674,0.09375,0.0,0.568408,0.568365
-0.16666666666666674,0.10416666666666666,0.0,0.573626,0.573573
-0.16666666666666674,0.11458333333333333,0.0,0.578247,0.578182
-0.16666666666666674,0.125,0.0,0.582253,0.582177
-0.16666666666666674,0.13541666666666666,0.0,0.58564,0.585551
-0.16666666666666674,0.14583333333333331,0.0,0.588404,0.588303
-0.16666666666666674,0.15625,0.0,0.59055,0.590437
-0.16666666666666674,0.16666666666666666,0.0,0.592086,0.591962
-0.16666666666666674,0.17708333333333331,0.0,0.593027,0.592892
-0.16666666666666674,0.1875,0.0,0.593389,0.593243
-0.16666666666666674,0.19791666666666666,0.0,0.593192,0.593037
-0.16666666666666674,0.20833333333333331,0.0,0.59246,0.592296
-0.16666666666666674,0.21875,0.0,0.591217,0.591044
-0.16666666666666674,0.22916666666666666,0.0,0.589489,0.589309
-0.16666666666666674,0.23958333333333331,0.0,0.587304,0.587116
-0.16666666666666674,0.25,0.0,0.584689,0.584494
-0.16666666666666674,0.26041666666666663,0.0,0.581672,0.581471
-0.16666666666666674,0.2708333333333333,0.0,0.578281,0.578075
-0.16666666666666674,0.28125,0.0,0.574544,0.574333
-0.16666666666666674,0.29166666666666663,0.0,0.570488,0.570273
-0.16666666666666674,0.3020833333333333,0.0,0.566139,0.56592
-0.16666666666666674,0.3125,0.0,0.561522,0.5613
-0.16666666666666674,0.32291666666666663,0.0,0.556663,0.556437
-0.16666666666666674,0.3333333333333333,0.0,0.551585,0.551356
-0.16666666666666674,0.34375,0.0,0.546309,0.546078
-0.16666666666666674,0.35416666666666663,0.0,0.540859,0.540625
-0.16666666666666674,0.3645833333333333,0.0,0.535252,0.535017
-0.16666666666666674,0.375,0.0,0.52951,0.529273
-0.16666666666666674,0.38541666666666663,0.0,0.523649,0.523411
-0.16666666666666674,0.3958333333333333,0.0,0.517687,0.517447
-0.16666666666666674,0.40625,0.0,0.511638,0.511398
-0.16666666666666674,0.41666666666666663,0.0,0.505519,0.505277
-0.16666666666666674,0.4270833333333333,0.0,0.499342,0.499099
-0.16666666666666674,0.4375,0.0,0.49312,0.492877
-0.16666666666666674,0.44791666666666663,0.0,0.486865,0.486621
-0.16666666666666674,0.4583333333333333,0.0,0.480587,0.480343
-0.16666666666666674,0.46875,0.0,0.474298,0.474053
-0.16666666666666674,0.47916666666666663,0.0,0.468006,0.46776
-0.16666666666666674,0.4895833333333333,0.0,0.461719,0.461472
-0.16666666666666674,0.5,0.0,0.455445,0.455198
-0.125,0.0,0.0,0.382683,0.382683
-0.125,0.010416666666666666,0.0,0.390295,0.390295
-0.125,0.020833333333333332,0.0,0.397831,0.397829
-0.125,0.03125,0.0,0.405245,0.405242
-0.125,0.041666666666666664,0.0,0.412491,0.412484
-0.125,0.05208333333333333,0.0,0.419522,0.419511
-0.125,0.0625,0.0,0.426291,0.426274
-0.125,0.07291666666666666,0.0,0.432754,0.432729
-0.125,0.08333333333333333,0.0,0.43887,0.438833
-0.125,0.09375,0.0,0.444599,0.444549
-0.125,0.10416666666666666,0.0,0.449907,0.449843
-0.125,0.11458333333333333,0.0,0.454766,0.454684
-0.125,0.125,0.0,0.459151,0.45905
-0.125,0.13541666666666666,0.0,0.463044,0.462922
-0.125,0.14583333333333331,0.0,0.466432,0.466287
-0.125,0.15625,0.0,0.469306,0.469138
-0.125,0.16666666666666666,0.0,0.471664,0.471472
-0.125,0.17708333333333331,0.0,0.473507,0.473291
-0.125,0.1875,0.0,0.474842,0.474601
-0.125,0.19791666666666666,0.0,0.475677,0.475413
-0.125,0.20833333333333331,0.0,0.476027,0.475739
-0.125,0.21875,0.0,0.475906,0.475595
-0.125,0.22916666666666666,0.0,0.475332,0.475001
-0.125,0.23958333333333331,0.0,0.474327,0.473975
-0.125,0.25,0.0,0.472911,0.472539
-0.125,0.26041666666666663,0.0,0.471106,0.470717
-0.125,0.2708333333333333,0.0,0.468936,0.468531
-0.125,0.28125,0.0,0.466425,0.466004
-0.125,0.29166666666666663,0.0,0.463595,0.463161
-0.125,0.3020833333333333,0.0,0.460471,0.460025
-0.125,0.3125,0.0,0.457075,0.456619
-0.125,0.32291666666666663,0.0,0.45343,0.452966
-0.125,0.3333333333333333,0.0,0.449558,0.449087
-0.125,0.34375,0.0,0.445481,0.445003
-0.125,0.35416666666666663,0.0,0.441218,0.440736
-0.125,0.3645833333333333,0.0,0.436789,0.436303
-0.125,0.375,0.0,0.432213,0.431725
-0.125,0.38541666666666663,0.0,0.427507,0.427018
-0.125,0.3958333333333333,0.0,0.422687,0.422199
-0.125,0.40625,0.0,0.41777,0.417283
-0.125,0.41666666666666663,0.0,0.41277,0.412284
-0.125,0.4270833333333333,0.0,0.407701,0.407218
-0.125,0.4375,0.0,0.402574,0.402095
-0.125,0.44791666666666663,0.0,0.397403,0.396928
-0.125,0.4583333333333333,0.0,0.392198,0.391728
-0.125,0.46875,0.0,0.38697,0.386505
-0.125,0.47916666666666663,0.0,0.381727,0.381268
-0.125,0.4895833333333333,0.0,0.376478,0.376026
-0.125,0.5,0.0,0.371232,0.370787
-0.08333333333333337,0.0,0.0,0.258819,0.258819
-0.08333333333333337,0.010416666666666666,0.0,0.264346,0.264345
-0.08333333333333337,0.020833333333333332,0.0,0.269866,0.269865
-0.08333333333333337,0.03125,0.0,0.275351,0.275349
-0.08333333333333337,0.041666666666666664,0.0,0.280768,0.280763
-0.08333333333333337,0.05208333333333333,0.0,0.286084,0.286076
-0.08333333333333337,0.0625,0.0,0.291265,0.291251
-0.08333333333333337,0.07291666666666666,0.0,0.296277,0.296255
-0.08333333333333337,0.08333333333333333,0.0,0.301086,0.301054
-0.08333333333333337,0.09375,0.0,0.30566,0.305616
-0.08333333333333337,0.10416666666666666,0.0,0.30997,0.309911
-0.08333333333333337,0.11458333333333333,0.0,0.313989,0.313911
-0.08333333333333337,0.125,0.0,0.317693,0.317594
-0.08333333333333337,0.13541666666666666,0.0,0.321062,0.32094
-0.08333333333333337,0.14583333333333331,0.0,0.32408,0.323932
-0.08333333333333337,0.15625,0.0,0.326734,0.326559
-0.08333333333333337,0.16666666666666666,0.0,0.329016,0.328812
-0.08333333333333337,0.17708333333333331,0.0,0.330922,0.330687
-0.08333333333333337,0.1875,0.0,0.332449,0.332184
-0.08333333333333337,0.19791666666666666,0.0,0.333601,0.333306
-0.08333333333333337,0.20833333333333331,0.0,0.334383,0.334057
-0.08333333333333337,0.21875,0.0,0.334803,0.334447
-0.08333333333333337,0.22916666666666666,0.0,0.334871,0.334487
-0.08333333333333337,0.23958333333333331,0.0,0.334599,0.334188
-0.08333333333333337,0.25,0.0,0.334002,0.333565
-0.08333333333333337,0.26041666666666663,0.0,0.333094,0.332633
-0.08333333333333337,0.2708333333333333,0.0,0.331893,0.331409
-0.08333333333333337,0.28125,0.0,0.330414,0.32991
-0.08333333333333337,0.29166666666666663,0.0,0.328675,0.328154
-0.08333333333333337,0.3020833333333333,0.0,0.326695,0.326158
-0.08333333333333337,0.3125,0.0,0.32449,0.323939
-0.08333333333333337,0.32291666666666663,0.0,0.322078,0.321516
-0.08333333333333337,0.3333333333333333,0.0,0.319477,0.318905
-0.08333333333333337,0.34375,0.0,0.316702,0.316124
-0.08333333333333337,0.35416666666666663,0.0,0.313771,0.313187
-0.08333333333333337,0.3645833333333333,0.0,0.310699,0.310111
-0.08333333333333337,0.375,0.0,0.3075,0.306911
-0.08333333333333337,0.38541666666666663,0.0,0.30419,0.3036
-0.08333333333333337,0.3958333333333333,0.0,0.300781,0.300193
-0.08333333333333337,0.40625,0.0,0.297287,0.296701
-0.08333333333333337,0.41666666666666663,0.0,0.293719,0.293138
-0.08333333333333337,0.4270833333333333,0.0,0.290088,0.289513
-0.08333333333333337,0.4375,0.0,0.286406,0.285837
-0.08333333333333337,0.44791666666666663,0.0,0.282681,0.28212
-0.08333333333333337,0.4583333333333333,0.0,0.278923,0.278371
-0.08333333333333337,0.46875,0.0,0.275141,0.274599
-0.08333333333333337,0.47916666666666663,0.0,0.271342,0.270811
-0.08333333333333337,0.4895833333333333,0.0,0.267533,0.267013
-0.08333333333333337,0.5,0.0,0.263721,0.263213
-0.04166666666666674,0.0,0.0,0.130526,0.130526
-0.04166666666666674,0.010416666666666666,0.0,0.13343,0.133429
-0.04166666666666674,0.020833333333333332,0.0,0.136345,0.136344
-0.04166666666666674,0.03125,0.0,0.139258,0.139256
-0.04166666666666674,0.041666666666666664,0.0,0.142152,0.142149
-0.04166666666666674,0.05208333333333333,0.0,0.14501,0.145006
-0.04166666666666674,0.0625,0.0,0.147816,0.147808
-0.04166666666666674,0.07291666666666666,0.0,0.150549,0.150537
-0.04166666666666674,0.08333333333333333,0.0,0.153193,0.153174
-0.04166666666666674,0.09375,0.0,0.155729,0.155703
-0.04166666666666674,0.10416666666666666,0.0,0.15814,0.158104
-0.04166666666666674,0.11458333333333333,0.0,0.160411,0.160363
-0.04166666666666674,0.125,0.0,0.162526,0.162464
-0.04166666666666674,0.13541666666666666,0.0,0.164474,0.164396
-0.04166666666666674,0.14583333333333331,0.0,0.166243,0.166148
-0.04166666666666674,0.15625,0.0,0.167824,0.167711
-0.04166666666666674,0.16666666666666666,0.0,0.169212,0.169078
-0.04166666666666674,0.17708333333333331,0.0,0.170401,0.170246
-0.04166666666666674,0.1875,0.0,0.17139,0.171213
-0.04166666666666674,0.19791666666666666,0.0,0.172176,0.171978
-0.04166666666666674,0.20833333333333331,0.0,0.172763,0.172542
-0.04166666666666674,0.21875,0.0,0.173152,0.17291
-0.04166666666666674,0.22916666666666666,0.0,0.173348,0.173085
-0.04166666666666674,0.23958333333333331,0.0,0.173357,0.173074
-0.04166666666666674,0.25,0.0,0.173185,0.172884
-0.04166666666666674,0.26041666666666663,0.0,0.17284,0.172521
-0.04166666666666674,0.2708333333333333,0.0,0.17233,0.171995
-0.04166666666666674,0.28125,0.0,0.171665,0.171315
-0.04166666666666674,0.29166666666666663,0.0,0.170852,0.170489
-0.04166666666666674,0.3020833333333333,0.0,0.169903,0.169528
-0.04166666666666674,0.3125,0.0,0.168825,0.168441
-0.04166666666666674,0.32291666666666663,0.0,0.16763,0.167237
-0.04166666666666674,0.3333333333333333,0.0,0.166326,0.165927
-0.04166666666666674,0.34375,0.0,0.164922,0.164518
-0.04166666666666674,0.35416666666666663,0.0,0.163428,0.163021
-0.04166666666666674,0.3645833333333333,0.0,0.161853,0.161443
-0.04166666666666674,0.375,0.0,0.160204,0.159794
-0.04166666666666674,0.38541666666666663,0.0,0.158491,0.15808
-0.04166666666666674,0.3958333333333333,0.0,0.15672,0.156311
-0.04166666666666674,0.40625,0.0,0.154899,0.154492
-0.04166666666666674,0.41666666666666663,0.0,0.153034,0.152631
-0.04166666666666674,0.4270833333333333,0.0,0.151133,0.150735
-0.04166666666666674,0.4375,0.0,0.1492,0.148807
-0.04166666666666674,0.44791666666666663,0.0,0.147243,0.146856
-0.04166666666666674,0.4583333333333333,0.0,0.145264,0.144885
-0.04166666666666674,0.46875,0.0,0.143271,0.142899
-0.04166666666666674,0.47916666666666663,0.0,0.141266,0.140903
-0.04166666666666674,0.4895833333333333,0.0,0.139255,0.1389
-0.04166666666666674,0.5,0.0,0.13724,0.136895
0.0,0.0,0.0,-0.0,0.0
0.0,0.010416666666666666,0.0,-0.0,6.64837e-16
0.0,0.020833333333333332,0.0,-0.0,7.8755e-16
0.0,0.03125,0.0,-0.0,9.88669e-16
0.0,0.041666666666666664,0.0,-0.0,1.02912e-15
0.0,0.05208333333333333,0.0,-0.0,1.23215e-15
0.0,0.0625,0.0,-0.0,1.20119e-15
0.0,0.07291666666666666,0.0,-0.0,1.31027e-15
0.0,0.08333333333333333,0.0,-0.0,1.28314e-15
0.0,0.09375,0.0,-0.0,1.3407e-15
0.0,0.10416666666666666,0.0,-0.0,1.36096e-15
0.0,0.11458333333333333,0.0,-0.0,1.4005e-15
0.0,0.125,0.0,-0.0,1.40521e-15
0.0,0.13541666666666666,0.0,-0.0,1.42607e-15
0.0,0.14583333333333331,0.0,-0.0,1.41621e-15
0.0,0.15625,0.0,-0.0,1.3877e-15
0.0,0.16666666666666666,0.0,-0.0,1.34772e-15
0.0,0.17708333333333331,0.0,-0.0,1.34543e-15
0.0,0.1875,0.0,-0.0,1.32164e-15
0.0,0.19791666666666666,0.0,-0.0,1.38176e-15
0.0,0.20833333333333331,0.0,-0.0,1.36357e-15
0.0,0.21875,0.0,-0.0,1.41388e-15
0.0,0.22916666666666666,0.0,-0.0,1.39881e-15
0.0,0.23958333333333331,0.0,-0.0,1.39474e-15
0.0,0.25,0.0,-0.0,1.43327e-15
0.0,0.26041666666666663,0.0,-0.0,1.31091e-15
0.0,0.2708333333333333,0.0,-0.0,1.36861e-15
0.0,0.28125,0.0,-0.0,1.30964e-15
0.0,0.29166666666666663,0.0,-0.0,1.40654e-15
0.0,0.3020833333333333,0.0,-0.0,1.37537e-15
0.0,0.3125,0.0,-0.0,1.44871e-15
0.0,0.32291666666666663,0.0,-0.0,1.36937e-15
0.0,0.3333333333333333,0.0,-0.0,1.43648e-15
0.0,0.34375,0.0,-0.0,1.35578e-15
0.0,0.35416666666666663,0.0,-0.0,1.42271e-15
0.0,0.3645833333333333,0.0,-0.0,1.33244e-15
0.0,0.375,0.0,-0.0,1.4226e-15
0.0,0.38541666666666663,0.0,-0.0,1.35228e-15
0.0,0.3958333333333333,0.0,-0.0,1.40041e-15
0.0,0.40625,0.0,-0.0,1.32583e-15
0.0,0.41666666666666663,0.0,-0.0,1.34349e-15
0.0,0.4270833333333333,0.0,-0.0,1.31938e-15
0.0,0.4375,0.0,-0.0,1.34809e-15
0.0,0.44791666666666663,0.0,-0.0,1.2911e-15
0.0,0.4583333333333333,0.0,-0.0,1.30695e-15
0.0,0.46875,0.0,-0.0,1.28567e-15
0.0,0.47916666666666663,0.0,-0.0,1.28259e-15
0.0,0.4895833333333333,0.0,-0.0,1.27595e-15
0.0,0.5,0.0,-0.0,1.25947e-15
0.04166666666666652,0.0,0.0,-0.130526,-0.130526
0.04166666666666652,0.010416666666666666,0.0,-0.13343,-0.133429
0.04166666666666652,0.020833333333333332,0.0,-0.136345,-0.136344
0.04166666666666652,0.03125,0.0,-0.139258,-0.139256
0.04166666666666652,0.041666666666666664,0.0,-0.142152,-0.142149
0.04166666666666652,0.05208333333333333,0.0,-0.14501,-0.145006
0.04166666666666652,0.0625,0.0,-0.147816,-0.147808
0.04166666666666652,0.07291666666666666,0.0,-0.150549,-0.150537
0.04166666666666652,0.08333333333333333,0.0,-0.153193,-0.153174
0.04166666666666652,0.09375,0.0,-0.155729,-0.155703
0.04166666666666652,0.10416666666666666,0.0,-0.15814,-0.158104
0.04166666666666652,0.11458333333333333,0.0,-0.160411,-0.160363
0.04166666666666652,0.125,0.0,-0.162526,-0.162464
0.04166666666666652,0.13541666666666666,0.0,-0.164474,-0.164396
0.04166666666666652,0.14583333333333331,0.0,-0.166243,-0.166148
0.04166666666666652,0.15625,0.0,-0.167824,-0.167711
0.04166666666666652,0.16666666666666666,0.0,-0.169212,-0.169078
0.04166666666666652,0.17708333333333331,0.0,-0.170401,-0.170246
0.04166666666666652,0.1875,0.0,-0.17139,-0.171213
0.04166666666666652,0.19791666666666666,0.0,-0.172176,-0.171978
0.04166666666666652,0.20833333333333331,0.0,-0.172763,-0.172542
0.04166666666666652,0.21875,0.0,-0.173152,-0.17291
0.04166666666666652,0.22916666666666666,0.0,-0.173348,-0.173085
0.04166666666666652,0.23958333333333331,0.0,-0.173357,-0.173074
0.04166666666666652,0.25,0.0,-0.173185,-0.172884
0.04166666666666652,0.26041666666666663,0.0,-0.17284,-0.172521
0.04166666666666652,0.2708333333333333,0.0,-0.17233,-0.171995
0.04166666666666652,0.28125,0.0,-0.171665,-0.171315
0.04166666666666652,0.29166666666666663,0.0,-0.170852,-0.170489
0.04166666666666652,0.3020833333333333,0.0,-0.169903,-0.169528
0.04166666666666652,0.3125,0.0,-0.168825,-0.168441
0.04166666666666652,0.32291666666666663,0.0,-0.16763,-0.167237
0.04166666666666652,0.3333333333333333,0.0,-0.166326,-0.165927
0.04166666666666652,0.34375,0.0,-0.164922,-0.164518
0.04166666666666652,0.35416666666666663,0.0,-0.163428,-0.163021
0.04166666666666652,0.3645833333333333,0.0,-0.161853,-0.161443
0.04166666666666652,0.375,0.0,-0.160204,-0.159794
0.04166666666666652,0.38541666666666663,0.0,-0.158491,-0.15808
0.04166666666666652,0.3958333333333333,0.0,-0.15672,-0.156311
0.04166666666666652,0.40625,0.0,-0.154899,-0.154492
0.04166666666666652,0.41666666666666663,0.0,-0.153034,-0.152631
0.04166666666666652,0.4270833333333333,0.0,-0.151133,-0.150735
0.04166666666666652,0.4375,0.0,-0.1492,-0.148807
0.04166666666666652,0.44791666666666663,0.0,-0.147243,-0.146856
0.04166666666666652,0.4583333333333333,0.0,-0.145264,-0.144885
0.04166666666666652,0.46875,0.0,-0.143271,-0.142899
0.04166666666666652,0.47916666666666663,0.0,-0.141266,-0.140903
0.04166666666666652,0.4895833333333333,0.0,-0.139255,-0.1389
0.04166666666666652,0.5,0.0,-0.13724,-0.136895
0.08333333333333326,0.0,0.0,-0.258819,-0.258819
0.08333333333333326,0.010416666666666666,0.0,-0.264346,-0.264345
0.08333333333333326,0.020833333333333332,0.0,-0.269866,-0.269865
0.08333333333333326,0.03125,0.0,-0.275351,-0.275349
0.08333333333333326,0.041666666666666664,0.0,-0.280768,-0.280763
0.08333333333333326,0.05208333333333333,0.0,-0.286084,-0.286076
0.08333333333333326,0.0625,0.0,-0.291265,-0.291251
0.08333333333333326,0.07291666666666666,0.0,-0.296277,-0.296255
0.08333333333333326,0.08333333333333333,0.0,-0.301086,-0.301054
0.08333333333333326,0.09375,0.0,-0.30566,-0.305616
0.08333333333333326,0.10416666666666666,0.0,-0.30997,-0.309911
0.08333333333333326,0.11458333333333333,0.0,-0.313989,-0.313911
0.08333333333333326,0.125,0.0,-0.317693,-0.317594
0.08333333333333326,0.13541666666666666,0.0,-0.321062,-0.32094
0.08333333333333326,0.14583333333333331,0.0,-0.32408,-0.323932
0.08333333333333326,0.15625,0.0,-0.326734,-0.326559
0.08333333333333326,0.16666666666666666,0.0,-0.329016,-0.328812
0.08333333333333326,0.17708333333333331,0.0,-0.330922,-0.330687
0.08333333333333326,0.1875,0.0,-0.332449,-0.332184
0.08333333333333326,0.19791666666666666,0.0,-0.333601,-0.333306
0.08333333333333326,0.20833333333333331,0.0,-0.334383,-0.334057
0.08333333333333326,0.21875,0.0,-0.334803,-0.334447
0.08333333333333326,0.22916666666666666,0.0,-0.334871,-0.334487
0.08333333333333326,0.23958333333333331,0.0,-0.334599,-0.334188
0.08333333333333326,0.25,0.0,-0.334002,-0.333565
0.08333333333333326,0.26041666666666663,0.0,-0.333094,-0.332633
0.08333333333333326,0.2708333333333333,0.0,-0.331893,-0.331409
0.08333333333333326,0.28125,0.0,-0.330414,-0.32991
0.08333333333333326,0.29166666666666663,0.0,-0.328675,-0.328154
0.08333333333333326,0.3020833333333333,0.0,-0.326695,-0.326158
0.08333333333333326,0.3125,0.0,-0.32449,-0.323939
0.08333333333333326,0.32291666666666663,0.0,-0.322078,-0.321516
0.08333333333333326,0.3333333333333333,0.0,-0.319477,-0.318905
0.08333333333333326,0.34375,0.0,-0.316702,-0.316124
0.08333333333333326,0.35416666666666663,0.0,-0.313771,-0.313187
0.08333333333333326,0.3645833333333333,0.0,-0.310699,-0.310111
0.08333333333333326,0.375,0.0,-0.3075,-0.306911
0.08333333333333326,0.38541666666666663,0.0,-0.30419,-0.3036
0.08333333333333326,0.3958333333333333,0.0,-0.300781,-0.300193
0.08333333333333326,0.40625,0.0,-0.297287,-0.296701
0.08333333333333326,0.41666666666666663,0.0,-0.293719,-0.293138
0.08333333333333326,0.4270833333333333,0.0,-0.290088,-0.289513
0.08333333333333326,0.4375,0.0,-0.286406,-0.285837
0.08333333333333326,0.44791666666666663,0.0,-0.282681,-0.28212
0.08333333333333326,0.4583333333333333,0.0,-0.278923,-0.278371
0.08333333333333326,0.46875,0.0,-0.275141,-0.274599
0.08333333333333326,0.47916666666666663,0.0,-0.271342,-0.270811
0.08333333333333326,0.4895833333333333,0.0,-0.267533,-0.267013
0.08333333333333326,0.5,0.0,-0.263721,-0.263213
0.125,0.0,0.0,-0.382683,-0.382683
0.125,0.010416666666666666,0.0,-0.390295,-0.390295
0.125,0.020833333333333332,0.0,-0.397831,-0.397829
0.125,0.03125,0.0,-0.405245,-0.405242
0.125,0.041666666666666664,0.0,-0.412491,-0.412484
0.125,0.05208333333333333,0.0,-0.419522,-0.419511
0.125,0.0625,0.0,-0.426291,-0.426274
0.125,0.07291666666666666,0.0,-0.432754,-0.432729
0.125,0.08333333333333333,0.0,-0.43887,-0.438833
0.125,0.09375,0.0,-0.444599,-0.444549
0.125,0.10416666666666666,0.0,-0.449907,-0.449843
0.125,0.11458333333333333,0.0,-0.454766,-0.454684
0.125,0.125,0.0,-0.459151,-0.45905
0.125,0.13541666666666666,0.0,-0.463044,-0.462922
0.125,0.14583333333333331,0.0,-0.466432,-0.466287
0.125,0.15625,0.0,-0.469306,-0.469138
0.125,0.16666666666666666,0.0,-0.471664,-0.471472
0.125,0.17708333333333331,0.0,-0.473507,-0.473291
0.125,0.1875,0.0,-0.474842,-0.474601
0.125,0.19791666666666666,0.0,-0.475677,-0.475413
0.125,0.20833333333333331,0.0,-0.476027,-0.475739
0.125,0.21875,0.0,-0.475906,-0.475595
0.125,0.22916666666666666,0.0,-0.475332,-0.475001
0.125,0.23958333333333331,0.0,-0.474327,-0.473975
0.125,0.25,0.0,-0.472911,-0.472539
0.125,0.26041666666666663,0.0,-0.471106,-0.470717
0.125,0.2708333333333333,0.0,-0.468936,-0.468531
0.125,0.28125,0.0,-0.466425,-0.466004
0.125,0.29166666666666663,0.0,-0.463595,-0.463161
0.125,0.3020833333333333,0.0,-0.460471,-0.460025
0.125,0.3125,0.0,-0.457075,-0.456619
0.125,0.32291666666666663,0.0,-0.45343,-0.452966
0.125,0.3333333333333333,0.0,-0.449558,-0.449087
0.125,0.34375,0.0,-0.445481,-0.445003
0.125,0.35416666666666663,0.0,-0.441218,-0.440736
0.125,0.3645833333333333,0.0,-0.436789,-0.436303
0.125,0.375,0.0,-0.432213,-0.431725
0.125,0.38541666666666663,0.0,-0.427507,-0.427018
0.125,0.3958333333333333,0.0,-0.422687,-0.422199
0.125,0.40625,0.0,-0.41777,-0.417283
0.125,0.41666666666666663,0.0,-0.41277,-0.412284
0.125,0.4270833333333333,0.0,-0.407701,-0.407218
0.125,0.4375,0.0,-0.402574,-0.402095
0.125,0.44791666666666663,0.0,-0.397403,-0.396928
0.125,0.4583333333333333,0.0,-0.392198,-0.391728
0.125,0.46875,0.0,-0.38697,-0.386505
0.125,0.47916666666666663,0.0,-0.381727,-0.381268
0.125,0.4895833333333333,0.0,-0.376478,-0.376026
0.125,0.5,0.0,-0.371232,-0.370787
0.16666666666666652,0.0,0.0,-0.5,-0.5
0.16666666666666652,0.010416666666666666,0.0,-0.508944,-0.508944
0.16666666666666652,0.020833333333333332,0.0,-0.51768,-0.517678
0.16666666666666652,0.03125,0.0,-0.526149,-0.526145
0.16666666666666652,0.041666666666666664,0.0,-0.534294,-0.534287
0.16666666666666652,0.05208333333333333,0.0,-0.542062,-0.542051
0.16666666666666652,0.0625,0.0,-0.5494,-0.549383
0.16666666666666652,0.07291666666666666,0.0,-0.556263,-0.556239
0.16666666666666652,0.08333333333333333,0.0,-0.562611,-0.562578
0.16666666666666652,0.09375,0.0,-0.568408,-0.568365
0.16666666666666652,0.10416666666666666,0.0,-0.573626,-0.573573
0.16666666666666652,0.11458333333333333,0.0,-0.578247,-0.578182
0.16666666666666652,0.125,0.0,-0.582253,-0.582177
0.16666666666666652,0.13541666666666666,0.0,-0.58564,-0.585551
0.16666666666666652,0.14583333333333331,0.0,-0.588404,-0.588303
0.16666666666666652,0.15625,0.0,-0.59055,-0.590437
0.16666666666666652,0.16666666666666666,0.0,-0.592086,-0.591962
0.16666666666666652,0.17708333333333331,0.0,-0.593027,-0.592892
0.16666666666666652,0.1875,0.0,-0.593389,-0.593243
0.16666666666666652,0.19791666666666666,0.0,-0.593192,-0.593037
0.16666666666666652,0.20833333333333331,0.0,-0.59246,-0.592296
0.16666666666666652,0.21875,0.0,-0.591217,-0.591044
0.16666666666666652,0.22916666666666666,0.0,-0.589489,-0.589309
0.16666666666666652,0.23958333333333331,0.0,-0.587304,-0.587116
0.16666666666666652,0.25,0.0,-0.584689,-0.584494
0.16666666666666652,0.26041666666666663,0.0,-0.581672,-0.581471
0.16666666666666652,0.2708333333333333,0.0,-0.578281,-0.578075
0.16666666666666652,0.28125,0.0,-0.574544,-0.574333
0.16666666666666652,0.29166666666666663,0.0,-0.570488,-0.570273
0.16666666666666652,0.3020833333333333,0.0,-0.566139,-0.56592
0.16666666666666652,0.3125,0.0,-0.561522,-0.5613
0.16666666666666652,0.32291666666666663,0.0,-0.556663,-0.556437
0.16666666666666652,0.3333333333333333,0.0,-0.551585,-0.551356
0.16666666666666652,0.34375,0.0,-0.546309,-0.546078
0.16666666666666652,0.35416666666666663,0.0,-0.540859,-0.540625
0.16666666666666652,0.3645833333333333,0.0,-0.535252,-0.535017
0.16666666666666652,0.375,0.0,-0.52951,-0.529273
0.16666666666666652,0.38541666666666663,0.0,-0.523649,-0.523411
0.16666666666666652,0.3958333333333333,0.0,-0.517687,-0.517447
0.16666666666666652,0.40625,0.0,-0.511638,-0.511398
0.16666666666666652,0.41666666666666663,0.0,-0.505519,-0.505277
0.16666666666666652,0.4270833333333333,0.0,-0.499342,-0.499099
0.16666666666666652,0.4375,0.0,-0.49312,-0.492877
0.16666666666666652,0.44791666666666663,0.0,-0.486865,-0.486621
0.16666666666666652,0.4583333333333333,0.0,-0.480587,-0.480343
0.16666666666666652,0.46875,0.0,-0.474298,-0.474053
0.16666666666666652,0.47916666666666663,0.0,-0.468006,-0.46776
0.16666666666666652,0.4895833333333333,0.0,-0.461719,-0.461472
0.16666666666666652,0.5,0.0,-0.455445,-0.455198
0.20833333333333326,0.0,0.0,-0.608761,-0.608761
0.20833333333333326,0.010416666666666666,0.0,-0.618131,-0.61813
0.20833333333333326,0.020833333333333332,0.0,-0.627103,-0.627101
0.20833333333333326,0.03125,0.0,-0.635614,-0.63561
0.20833333333333326,0.041666666666666664,0.0,-0.643606,-0.643599
0.20833333333333326,0.05208333333333333,0.0,-0.651027,-0.651017
0.20833333333333326,0.0625,0.0,-0.657832,-0.657817
0.20833333333333326,0.07291666666666666,0.0,-0.663985,-0.663966
0.20833333333333326,0.08333333333333333,0.0,-0.669458,-0.669434
0.20833333333333326,0.09375,0.0,-0.674232,-0.674202
0.20833333333333326,0.10416666666666666,0.0,-0.678295,-0.678261
0.20833333333333326,0.11458333333333333,0.0,-0.681645,-0.681607
0.20833333333333326,0.125,0.0,-0.684286,-0.684244
0.20833333333333326,0.13541666666666666,0.0,-0.686227,-0.686182
0.20833333333333326,0.14583333333333331,0.0,-0.687484,-0.687438
0.20833333333333326,0.15625,0.0,-0.688079,-0.688032
0.20833333333333326,0.16666666666666666,0.0,-0.688034,-0.687987
0.20833333333333326,0.17708333333333331,0.0,-0.687377,-0.687332
0.20833333333333326,0.1875,0.0,-0.686138,-0.686094
0.20833333333333326,0.19791666666666666,0.0,-0.684346,-0.684305
0.20833333333333326,0.20833333333333331,0.0,-0.682035,-0.681997
0.20833333333333326,0.21875,0.0,-0.679237,-0.679203
0.20833333333333326,0.22916666666666666,0.0,-0.675984,-0.675953
0.20833333333333326,0.23958333333333331,0.0,-0.672308,-0.672281
0.20833333333333326,0.25,0.0,-0.668241,-0.668218
0.20833333333333326,0.26041666666666663,0.0,-0.663815,-0.663796
0.20833333333333326,0.2708333333333333,0.0,-0.659058,-0.659042
0.20833333333333326,0.28125,0.0,-0.654,-0.653988
0.20833333333333326,0.29166666666666663,0.0,-0.648668,-0.648659
0.20833333333333326,0.3020833333333333,0.0,-0.643089,-0.643082
0.20833333333333326,0.3125,0.0,-0.637287,-0.637283
0.20833333333333326,0.32291666666666663,0.0,-0.631286,-0.631284
0.20833333333333326,0.3333333333333333,0.0,-0.625109,-0.625107
0.20833333333333326,0.34375,0.0,-0.618776,-0.618775
0.20833333333333326,0.35416666666666663,0.0,-0.612307,-0.612306
0.20833333333333326,0.3645833333333333,0.0,-0.60572,-0.605719
0.20833333333333326,0.375,0.0,-0.599032,-0.599032
0.20833333333333326,0.38541666666666663,0.0,-0.59226,-0.592259
0.20833333333333326,0.3958333333333333,0.0,-0.585419,-0.585416
0.20833333333333326,0.40625,0.0,-0.578521,-0.578516
0.20833333333333326,0.41666666666666663,0.0,-0.571581,-0.571574
0.20833333333333326,0.4270833333333333,0.0,-0.564609,-0.564599
0.20833333333333326,0.4375,0.0,-0.557617,-0.557604
0.20833333333333326,0.44791666666666663,0.0,-0.550615,-0.550599
0.20833333333333326,0.4583333333333333,0.0,-0.543612,-0.543591
0.20833333333333326,0.46875,0.0,-0.536617,-0.536591
0.20833333333333326,0.47916666666666663,0.0,-0.529636,-0.529606
0.20833333333333326,0.4895833333333333,0.0,-0.522679,-0.522643
0.20833333333333326,0.5,0.0,-0.51575,-0.515709
0.25,0.0,0.0,-0.707107,-0.707107
0.25,0.010416666666666666,0.0,-0.71591,-0.71591
0.25,0.020833333333333332,0.0,-0.724093,-0.724091
0.25,0.03125,0.0,-0.731598,-0.731595
0.25,0.041666666666666664,0.0,-0.738377,-0.738372
0.25,0.05208333333333333,0.0,-0.744395,-0.744387
0.25,0.0625,0.0,-0.749625,-0.749614
0.25,0.07291666666666666,0.0,-0.754051,-0.754039
0.25,0.08333333333333333,0.0,-0.757671,-0.757657
0.25,0.09375,0.0,-0.760488,-0.760472
0.25,0.10416666666666666,0.0,-0.762514,-0.762499
0.25,0.11458333333333333,0.0,-0.763771,-0.763758
0.25,0.125,0.0,-0.764285,-0.764273
0.25,0.13541666666666666,0.0,-0.764084,-0.764077
0.25,0.14583333333333331,0.0,-0.763205,-0.763202
0.25,0.15625,0.0,-0.761682,-0.761686
0.25,0.16666666666666666,0.0,-0.759555,-0.759565
0.25,0.17708333333333331,0.0,-0.756862,-0.75688
0.25,0.1875,0.0,-0.753642,-0.753669
0.25,0.19791666666666666,0.0,-0.749935,-0.749971
0.25,0.20833333333333331,0.0,-0.745779,-0.745823
0.25,0.21875,0.0,-0.741209,-0.741263
0.25,0.22916666666666666,0.0,-0.736262,-0.736325
0.25,0.23958333333333331,0.0,-0.730972,-0.731044
0.25,0.25,0.0,-0.725372,-0.725452
0.25,0.26041666666666663,0.0,-0.719491,-0.71958
0.25,0.2708333333333333,0.0,-0.713359,-0.713455
0.25,0.28125,0.0,-0.707003,-0.707106
0.25,0.29166666666666663,0.0,-0.700448,-0.700558
0.25,0.3020833333333333,0.0,-0.693718,-0.693834
0.25,0.3125,0.0,-0.686836,-0.686956
0.25,0.32291666666666663,0.0,-0.679821,-0.679946
0.25,0.3333333333333333,0.0,-0.672692,-0.672821
0.25,0.34375,0.0,-0.665468,-0.6656
0.25,0.35416666666666663,0.0,-0.658164,-0.658298
0.25,0.3645833333333333,0.0,-0.650796,-0.650932
0.25,0.375,0.0,-0.643377,-0.643514
0.25,0.38541666666666663,0.0,-0.635921,-0.636057
0.25,0.3958333333333333,0.0,-0.628438,-0.628574
0.25,0.40625,0.0,-0.620939,-0.621074
0.25,0.41666666666666663,0.0,-0.613435,-0.613568
0.25,0.4270833333333333,0.0,-0.605934,-0.606065
0.25,0.4375,0.0,-0.598445,-0.598572
0.25,0.44791666666666663,0.0,-0.590974,-0.591098
0.25,0.4583333333333333,0.0,-0.583529,-0.58365
0.25,0.46875,0.0,-0.576117,-0.576233
0.25,0.47916666666666663,0.0,-0.568741,-0.568853
0.25,0.4895833333333333,0.0,-0.561409,-0.561515
0.25,0.5,0.0,-0.554123,-0.554225
0.2916666666666665,0.0,0.0,-0.793353,-0.793353
0.2916666666666665,0.010416666666666666,0.0,-0.800595,-0.800594
0.2916666666666665,0.020833333333333332,0.0,-0.806991,-0.806989
0.2916666666666665,0.03125,0.0,-0.812505,-0.812502
0.2916666666666665,0.041666666666666664,0.0,-0.817114,-0.81711
0.2916666666666665,0.05208333333333333,0.0,-0.82081,-0.820804
0.2916666666666665,0.0625,0.0,-0.823595,-0.823589
0.2916666666666665,0.07291666666666666,0.0,-0.825486,-0.825479
0.2916666666666665,0.08333333333333333,0.0,-0.826507,-0.826501
0.2916666666666665,0.09375,0.0,-0.82669,-0.826686
0.2916666666666665,0.10416666666666666,0.0,-0.826075,-0.826075
0.2916666666666665,0.11458333333333333,0.0,-0.824706,-0.824709
0.2916666666666665,0.125,0.0,-0.822628,-0.822637
0.2916666666666665,0.13541666666666666,0.0,-0.81989,-0.819905
0.2916666666666665,0.14583333333333331,0.0,-0.816541,-0.816563
0.2916666666666665,0.15625,0.0,-0.81263,-0.81266
0.2916666666666665,0.16666666666666666,0.0,-0.808204,-0.808243
0.2916666666666665,0.17708333333333331,0.0,-0.803309,-0.803358
0.2916666666666665,0.1875,0.0,-0.797991,-0.798049
0.2916666666666665,0.19791666666666666,0.0,-0.792291,-0.792359
0.2916666666666665,0.20833333333333331,0.0,-0.786249,-0.786326
0.2916666666666665,0.21875,0.0,-0.779902,-0.779989
0.2916666666666665,0.22916666666666666,0.0,-0.773285,-0.773381
0.2916666666666665,0.23958333333333331,0.0,-0.76643,-0.766535
0.2916666666666665,0.25,0.0,-0.759368,-0.759482
0.2916666666666665,0.26041666666666663,0.0,-0.752126,-0.752248
0.2916666666666665,0.2708333333333333,0.0,-0.744728,-0.744858
0.2916666666666665,0.28125,0.0,-0.7372,-0.737336
0.2916666666666665,0.29166666666666663,0.0,-0.72956,-0.729704
0.2916666666666665,0.3020833333333333,0.0,-0.72183,-0.72198
0.2916666666666665,0.3125,0.0,-0.714027,-0.714182
0.2916666666666665,0.32291666666666663,0.0,-0.706167,-0.706327
0.2916666666666665,0.3333333333333333,0.0,-0.698264,-0.698429
0.2916666666666665,0.34375,0.0,-0.690333,-0.690501
0.2916666666666665,0.35416666666666663,0.0,-0.682384,-0.682555
0.2916666666666665,0.3645833333333333,0.0,-0.674429,-0.674602
0.2916666666666665,0.375,0.0,-0.666477,-0.666653
0.2916666666666665,0.38541666666666663,0.0,-0.658539,-0.658715
0.2916666666666665,0.3958333333333333,0.0,-0.65062,-0.650798
0.2916666666666665,0.40625,0.0,-0.64273,-0.642907
0.2916666666666665,0.41666666666666663,0.0,-0.634873,-0.635051
0.2916666666666665,0.4270833333333333,0.0,-0.627057,-0.627234
0.2916666666666665,0.4375,0.0,-0.619286,-0.619461
0.2916666666666665,0.44791666666666663,0.0,-0.611564,-0.611739
0.2916666666666665,0.4583333333333333,0.0,-0.603896,-0.60407
0.2916666666666665,0.46875,0.0,-0.596286,-0.596458
0.2916666666666665,0.47916666666666663,0.0,-0.588737,-0.588907
0.2916666666666665,0.4895833333333333,0.0,-0.581251,-0.58142
0.2916666666666665,0.5,0.0,-0.573831,-0.573999
0.33333333333333326,0.0,0.0,-0.866025,-0.866025
0.33333333333333326,0.010416666666666666,0.0,-0.870781,-0.87078
0.33333333333333326,0.020833333333333332,0.0,-0.874504,-0.874503
0.33333333333333326,0.03125,0.0,-0.877192,-0.87719
0.33333333333333326,0.041666666666666664,0.0,-0.87886,-0.878857
0.33333333333333326,0.05208333333333333,0.0,-0.879533,-0.87953
0.33333333333333326,0.0625,0.0,-0.879253,-0.87925
0.33333333333333326,0.07291666666666666,0.0,-0.878066,-0.878065
0.33333333333333326,0.08333333333333333,0.0,-0.876029,-0.876029
0.33333333333333326,0.09375,0.0,-0.873198,-0.873202
0.33333333333333326,0.10416666666666666,0.0,-0.869637,-0.869645
0.33333333333333326,0.11458333333333333,0.0,-0.865408,-0.86542
0.33333333333333326,0.125,0.0,-0.860571,-0.860589
0.33333333333333326,0.13541666666666666,0.0,-0.855186,-0.855211
0.33333333333333326,0.14583333333333331,0.0,-0.849312,-0.849344
0.33333333333333326,0.15625,0.0,-0.843003,-0.843041
0.33333333333333326,0.16666666666666666,0.0,-0.836309,-0.836355
0.33333333333333326,0.17708333333333331,0.0,-0.82928,-0.829333
0.33333333333333326,0.1875,0.0,-0.821957,-0.822018
0.33333333333333326,0.19791666666666666,0.0,-0.814384,-0.814452
0.33333333333333326,0.20833333333333331,0.0,-0.806595,-0.806671
0.33333333333333326,0.21875,0.0,-0.798626,-0.79871
0.33333333333333326,0.22916666666666666,0.0,-0.790507,-0.790598
0.33333333333333326,0.23958333333333331,0.0,-0.782266,-0.782363
0.33333333333333326,0.25,0.0,-0.773927,-0.774031
0.33333333333333326,0.26041666666666663,0.0,-0.765513,-0.765623
0.33333333333333326,0.2708333333333333,0.0,-0.757044,-0.75716
0.33333333333333326,0.28125,0.0,-0.748538,-0.748659
0.33333333333333326,0.29166666666666663,0.0,-0.740011,-0.740138
0.33333333333333326,0.3020833333333333,0.0,-0.731477,-0.731609
0.33333333333333326,0.3125,0.0,-0.722949,-0.723085
0.33333333333333326,0.32291666666666663,0.0,-0.714437,-0.714577
0.33333333333333326,0.3333333333333333,0.0,-0.705953,-0.706096
0.33333333333333326,0.34375,0.0,-0.697503,-0.697651
0.33333333333333326,0.35416666666666663,0.0,-0.689097,-0.689247
0.33333333333333326,0.3645833333333333,0.0,-0.68074,-0.680893
0.33333333333333326,0.375,0.0,-0.672439,-0.672594
0.33333333333333326,0.38541666666666663,0.0,-0.664198,-0.664355
0.33333333333333326,0.3958333333333333,0.0,-0.656022,-0.656181
0.33333333333333326,0.40625,0.0,-0.647914,-0.648076
0.33333333333333326,0.41666666666666663,0.0,-0.639879,-0.640042
0.33333333333333326,0.4270833333333333,0.0,-0.631918,-0.632082
0.33333333333333326,0.4375,0.0,-0.624034,-0.624199
0.33333333333333326,0.44791666666666663,0.0,-0.616229,-0.616396
0.33333333333333326,0.4583333333333333,0.0,-0.608504,-0.608672
0.33333333333333326,0.46875,0.0,-0.600861,-0.601031
0.33333333333333326,0.47916666666666663,0.0,-0.5933,-0.593472
0.33333333333333326,0.4895833333333333,0.0,-0.585824,-0.585998
0.33333333333333326,0.5,0.0,-0.578431,-0.578607
0.375,0.0,0.0,-0.92388,-0.92388
0.375,0.010416666666666666,0.0,-0.925369,-0.925369
0.375,0.020833333333333332,0.0,-0.925714,-0.925713
0.375,0.03125,0.0,-0.924957,-0.924955
0.375,0.041666666666666664,0.0,-0.923153,-0.923151
0.375,0.05208333333333333,0.0,-0.92037,-0.920368
0.375,0.0625,0.0,-0.91668,-0.916679
0.375,0.07291666666666666,0.0,-0.912161,-0.912163
0.375,0.08333333333333333,0.0,-0.906893,-0.906897
0.375,0.09375,0.0,-0.900953,-0.90096
0.375,0.10416666666666666,0.0,-0.894418,-0.894429
0.375,0.11458333333333333,0.0,-0.88736,-0.887375
0.375,0.125,0.0,-0.879847,-0.879868
0.375,0.13541666666666666,0.0,-0.871944,-0.871969
0.375,0.14583333333333331,0.0,-0.863707,-0.863738
0.375,0.15625,0.0,-0.855192,-0.855227
0.375,0.16666666666666666,0.0,-0.846445,-0.846486
0.375,0.17708333333333331,0.0,-0.837512,-0.837558
0.375,0.1875,0.0,-0.82843,-0.828481
0.375,0.19791666666666666,0.0,-0.819236,-0.819291
0.375,0.20833333333333331,0.0,-0.809959,-0.810019
0.375,0.21875,0.0,-0.800628,-0.800692
0.375,0.22916666666666666,0.0,-0.791265,-0.791335
0.375,0.23958333333333331,0.0,-0.781893,-0.781967
0.375,0.25,0.0,-0.77253,-0.772608
0.375,0.26041666666666663,0.0,-0.763192,-0.763273
0.375,0.2708333333333333,0.0,-0.753892,-0.753977
0.375,0.28125,0.0,-0.744642,-0.744731
0.375,0.29166666666666663,0.0,-0.735454,-0.735546
0.375,0.3020833333333333,0.0,-0.726334,-0.72643
0.375,0.3125,0.0,-0.717292,-0.71739
0.375,0.32291666666666663,0.0,-0.708332,-0.708434
0.375,0.3333333333333333,0.0,-0.699461,-0.699565
0.375,0.34375,0.0,-0.690682,-0.690789
0.375,0.35416666666666663,0.0,-0.681998,-0.682108
0.375,0.3645833333333333,0.0,-0.673413,-0.673525
0.375,0.375,0.0,-0.664929,-0.665044
0.375,0.38541666666666663,0.0,-0.656547,-0.656664
0.375,0.3958333333333333,0.0,-0.648268,-0.648387
0.375,0.40625,0.0,-0.640093,-0.640215
0.375,0.41666666666666663,0.0,-0.632023,-0.632147
0.375,0.4270833333333333,0.0,-0.624057,-0.624184
0.375,0.4375,0.0,-0.616195,-0.616325
0.375,0.44791666666666663,0.0,-0.608438,-0.60857
0.375,0.4583333333333333,0.0,-0.600783,-0.600919
0.375,0.46875,0.0,-0.593232,-0.59337
0.375,0.47916666666666663,0.0,-0.585783,-0.585924
0.375,0.4895833333333333,0.0,-0.578434,-0.578578
0.375,0.5,0.0,-0.571186,-0.571333
0.4166666666666665,0.0,0.0,-0.965926,-0.965926
0.4166666666666665,0.010416666666666666,0.0,-0.963574,-0.963574
0.4166666666666665,0.020833333333333332,0.0,-0.96007,-0.96007
0.4166666666666665,0.03125,0.0,-0.955503,-0.955502
0.4166666666666665,0.041666666666666664,0.0,-0.94997,-0.949969
0.4166666666666665,0.05208333333333333,0.0,-0.943569,-0.943569
0.4166666666666665,0.0625,0.0,-0.936402,-0.936403
0.4166666666666665,0.07291666666666666,0.0,-0.928566,-0.928569
0.4166666666666665,0.08333333333333333,0.0,-0.920154,-0.920159
0.4166666666666665,0.09375,0.0,-0.911252,-0.911261
0.4166666666666665,0.10416666666666666,0.0,-0.901942,-0.901954
0.4166666666666665,0.11458333333333333,0.0,-0.892296,-0.892311
0.4166666666666665,0.125,0.0,-0.882381,-0.882399
0.4166666666666665,0.13541666666666666,0.0,-0.872256,-0.872277
0.4166666666666665,0.14583333333333331,0.0,-0.861972,-0.861997
0.4166666666666665,0.15625,0.0,-0.851577,-0.851605
0.4166666666666665,0.16666666666666666,0.0,-0.841111,-0.841142
0.4166666666666665,0.17708333333333331,0.0,-0.830609,-0.830643
0.4166666666666665,0.1875,0.0,-0.820102,-0.820139
0.4166666666666665,0.19791666666666666,0.0,-0.809616,-0.809656
0.4166666666666665,0.20833333333333331,0.0,-0.799174,-0.799216
0.4166666666666665,0.21875,0.0,-0.788794,-0.788839
0.4166666666666665,0.22916666666666666,0.0,-0.778494,-0.77854
0.4166666666666665,0.23958333333333331,0.0,-0.768285,-0.768334
0.4166666666666665,0.25,0.0,-0.75818,-0.758231
0.4166666666666665,0.26041666666666663,0.0,-0.748187,-0.748241
0.4166666666666665,0.2708333333333333,0.0,-0.738315,-0.73837
0.4166666666666665,0.28125,0.0,-0.728569,-0.728626
0.4166666666666665,0.29166666666666663,0.0,-0.718953,-0.719012
0.4166666666666665,0.3020833333333333,0.0,-0.709471,-0.709532
0.4166666666666665,0.3125,0.0,-0.700125,-0.700188
0.4166666666666665,0.32291666666666663,0.0,-0.690918,-0.690982
0.4166666666666665,0.3333333333333333,0.0,-0.681849,-0.681916
0.4166666666666665,0.34375,0.0,-0.67292,-0.672988
0.4166666666666665,0.35416666666666663,0.0,-0.664129,-0.664199
0.4166666666666665,0.3645833333333333,0.0,-0.655477,-0.655549
0.4166666666666665,0.375,0.0,-0.646961,-0.647036
0.4166666666666665,0.38541666666666663,0.0,-0.638582,-0.638659
0.4166666666666665,0.3958333333333333,0.0,-0.630337,-0.630416
0.4166666666666665,0.40625,0.0,-0.622224,-0.622305
0.4166666666666665,0.41666666666666663,0.0,-0.614242,-0.614325
0.4166666666666665,0.4270833333333333,0.0,-0.606389,-0.606474
0.4166666666666665,0.4375,0.0,-0.598661,-0.598748
0.4166666666666665,0.44791666666666663,0.0,-0.591058,-0.591147
0.4166666666666665,0.4583333333333333,0.0,-0.583576,-0.583667
0.4166666666666665,0.46875,0.0,-0.576214,-0.576307
0.4166666666666665,0.47916666666666663,0.0,-0.568969,-0.569064
0.4166666666666665,0.4895833333333333,0.0,-0.561839,-0.561935
0.4166666666666665,0.5,0.0,-0.554821,-0.554918
0.45833333333333326,0.0,0.0,-0.991445,-0.991445
0.45833333333333326,0.010416666666666666,0.0,-0.984926,-0.984925
0.45833333333333326,0.020833333333333332,0.0,-0.977368,-0.977367
0.45833333333333326,0.03125,0.0,-0.9689,-0.968899
0.45833333333333326,0.041666666666666664,0.0,-0.959648,-0.959648
0.45833333333333326,0.05208333333333333,0.0,-0.949733,-0.949734
0.45833333333333326,0.0625,0.0,-0.93927,-0.939272
0.45833333333333326,0.07291666666666666,0.0,-0.928362,-0.928366
0.45833333333333326,0.08333333333333333,0.0,-0.917103,-0.917109
0.45833333333333326,0.09375,0.0,-0.905578,-0.905586
0.45833333333333326,0.10416666666666666,0.0,-0.89386,-0.89387
0.45833333333333326,0.11458333333333333,0.0,-0.882015,-0.882027
0.45833333333333326,0.125,0.0,-0.870098,-0.870113
0.45833333333333326,0.13541666666666666,0.0,-0.858158,-0.858175
0.45833333333333326,0.14583333333333331,0.0,-0.846235,-0.846254
0.45833333333333326,0.15625,0.0,-0.834366,-0.834386
0.45833333333333326,0.16666666666666666,0.0,-0.822578,-0.8226
0.45833333333333326,0.17708333333333331,0.0,-0.810895,-0.810919
0.45833333333333326,0.1875,0.0,-0.799339,-0.799364
0.45833333333333326,0.19791666666666666,0.0,-0.787924,-0.78795
0.45833333333333326,0.20833333333333331,0.0,-0.776664,-0.776691
0.45833333333333326,0.21875,0.0,-0.76557,-0.765598
0.45833333333333326,0.22916666666666666,0.0,-0.754648,-0.754677
0.45833333333333326,0.23958333333333331,0.0,-0.743905,-0.743935
0.45833333333333326,0.25,0.0,-0.733344,-0.733375
0.45833333333333326,0.26041666666666663,0.0,-0.722969,-0.723001
0.45833333333333326,0.2708333333333333,0.0,-0.712781,-0.712813
0.45833333333333326,0.28125,0.0,-0.702779,-0.702812
0.45833333333333326,0.29166666666666663,0.0,-0.692964,-0.692998
0.45833333333333326,0.3020833333333333,0.0,-0.683334,-0.683369
0.45833333333333326,0.3125,0.0,-0.673887,-0.673923
0.45833333333333326,0.32291666666666663,0.0,-0.664621,-0.664658
0.45833333333333326,0.3333333333333333,0.0,-0.655534,-0.655571
0.45833333333333326,0.34375,0.0,-0.646621,-0.646659
0.45833333333333326,0.35416666666666663,0.0,-0.63788,-0.63792
0.45833333333333326,0.3645833333333333,0.0,-0.629307,-0.629348
0.45833333333333326,0.375,0.0,-0.620899,-0.620941
0.45833333333333326,0.38541666666666663,0.0,-0.612651,-0.612695
0.45833333333333326,0.3958333333333333,0.0,-0.604561,-0.604606
0.45833333333333326,0.40625,0.0,-0.596625,-0.59667
0.45833333333333326,0.41666666666666663,0.0,-0.588837,-0.588884
0.45833333333333326,0.4270833333333333,0.0,-0.581196,-0.581244
0.45833333333333326,0.4375,0.0,-0.573697,-0.573745
0.45833333333333326,0.44791666666666663,0.0,-0.566336,-0.566384
0.45833333333333326,0.4583333333333333,0.0,-0.55911,-0.559158
0.45833333333333326,0.46875,0.0,-0.552015,-0.552063
0.45833333333333326,0.47916666666666663,0.0,-0.545048,-0.545095
0.45833333333333326,0.4895833333333333,0.0,-0.538205,-0.538251
0.45833333333333326,0.5,0.0,-0.531483,-0.531528
0.5,0.0,0.0,-1.0,-1.0
0.5,0.010416666666666666,0.0,-0.989264,-0.989264
0.5,0.020833333333333332,0.0,-0.977723,-0.977722
0.5,0.03125,0.0,-0.965528,-0.965528
0.5,0.041666666666666664,0.0,-0.952821,-0.952821
0.5,0.05208333333333333,0.0,-0.939726,-0.939727
0.5,0.0625,0.0,-0.926353,-0.926356
0.5,0.07291666666666666,0.0,-0.912801,-0.912805
0.5,0.08333333333333333,0.0,-0.899151,-0.899156
0.5,0.09375,0.0,-0.885474,-0.885481
0.5,0.10416666666666666,0.0,-0.871829,-0.871837
0.5,0.11458333333333333,0.0,-0.858265,-0.858275
0.5,0.125,0.0,-0.844823,-0.844834
0.5,0.13541666666666666,0.0,-0.831535,-0.831548
0.5,0.14583333333333331,0.0,-0.818428,-0.818442
0.5,0.15625,0.0,-0.805523,-0.805537
0.5,0.16666666666666666,0.0,-0.792834,-0.792849
0.5,0.17708333333333331,0.0,-0.780375,-0.780391
0.5,0.1875,0.0,-0.768154,-0.76817
0.5,0.19791666666666666,0.0,-0.756177,-0.756193
0.5,0.20833333333333331,0.0,-0.744447,-0.744463
0.5,0.21875,0.0,-0.732966,-0.732982
0.5,0.22916666666666666,0.0,-0.721733,-0.721749
0.5,0.23958333333333331,0.0,-0.710747,-0.710764
0.5,0.25,0.0,-0.700006,-0.700023
0.5,0.26041666666666663,0.0,-0.689507,-0.689523
0.5,0.2708333333333333,0.0,-0.679244,-0.679261
0.5,0.28125,0.0,-0.669215,-0.669232
0.5,0.29166666666666663,0.0,-0.659413,-0.659431
0.5,0.3020833333333333,0.0,-0.649835,-0.649852
0.5,0.3125,0.0,-0.640473,-0.640491
0.5,0.32291666666666663,0.0,-0.631323,-0.631341
0.5,0.3333333333333333,0.0,-0.622379,-0.622397
0.5,0.34375,0.0,-0.613635,-0.613653
0.5,0.35416666666666663,0.0,-0.605085,-0.605104
0.5,0.3645833333333333,0.0,-0.596724,-0.596743
0.5,0.375,0.0,-0.588546,-0.588566
0.5,0.38541666666666663,0.0,-0.580546,-0.580566
0.5,0.3958333333333333,0.0,-0.572718,-0.572738
0.5,0.40625,0.0,-0.565057,-0.565077
0.5,0.41666666666666663,0.0,-0.557558,-0.557578
0.5,0.4270833333333333,0.0,-0.550215,-0.550235
0.5,0.4375,0.0,-0.543025,-0.543043
0.5,0.44791666666666663,0.0,-0.535981,-0.535998
0.5,0.4583333333333333,0.0,-0.529079,-0.529096
0.5,0.46875,0.0,-0.522316,-0.522331
0.5,0.47916666666666663,0.0,-0.515686,-0.515699
0.5,0.4895833333333333,0.0,-0.509186,-0.509197
0.5,0.5,0.0,-0.502811,-0.502819
0.5416666666666665,0.0,0.0,-0.991445,-0.991445
0.5416666666666665,0.010416666666666666,0.0,-0.976726,-0.976726
0.5416666666666665,0.020833333333333332,0.0,-0.961539,-0.961539
0.5416666666666665,0.03125,0.0,-0.946037,-0.946037
0.5416666666666665,0.041666666666666664,0.0,-0.930352,-0.930353
0.5416666666666665,0.05208333333333333,0.0,-0.914595,-0.914597
0.5416666666666665,0.0625,0.0,-0.89886,-0.898863
0.5416666666666665,0.07291666666666666,0.0,-0.883222,-0.883226
0.5416666666666665,0.08333333333333333,0.0,-0.867743,-0.867748
0.5416666666666665,0.09375,0.0,-0.852471,-0.852477
0.5416666666666665,0.10416666666666666,0.0,-0.837444,-0.837451
0.5416666666666665,0.11458333333333333,0.0,-0.822691,-0.822698
0.5416666666666665,0.125,0.0,-0.808233,-0.808242
0.5416666666666665,0.13541666666666666,0.0,-0.794087,-0.794095
0.5416666666666665,0.14583333333333331,0.0,-0.780261,-0.78027
0.5416666666666665,0.15625,0.0,-0.766762,-0.766771
0.5416666666666665,0.16666666666666666,0.0,-0.753593,-0.753602
0.5416666666666665,0.17708333333333331,0.0,-0.740753,-0.740763
0.5416666666666665,0.1875,0.0,-0.728241,-0.72825
0.5416666666666665,0.19791666666666666,0.0,-0.716052,-0.716061
0.5416666666666665,0.20833333333333331,0.0,-0.704181,-0.70419
0.5416666666666665,0.21875,0.0,-0.692622,-0.692631
0.5416666666666665,0.22916666666666666,0.0,-0.681368,-0.681377
0.5416666666666665,0.23958333333333331,0.0,-0.670411,-0.67042
0.5416666666666665,0.25,0.0,-0.659744,-0.659752
0.5416666666666665,0.26041666666666663,0.0,-0.649357,-0.649365
0.5416666666666665,0.2708333333333333,0.0,-0.639243,-0.639251
0.5416666666666665,0.28125,0.0,-0.629393,-0.6294
0.5416666666666665,0.29166666666666663,0.0,-0.619798,-0.619806
0.5416666666666665,0.3020833333333333,0.0,-0.610451,-0.610458
0.5416666666666665,0.3125,0.0,-0.601343,-0.60135
0.5416666666666665,0.32291666666666663,0.0,-0.592466,-0.592472
0.5416666666666665,0.3333333333333333,0.0,-0.583811,-0.583818
0.5416666666666665,0.34375,0.0,-0.575372,-0.575378
0.5416666666666665,0.35416666666666663,0.0,-0.567141,-0.567147
0.5416666666666665,0.3645833333333333,0.0,-0.55911,-0.559115
0.5416666666666665,0.375,0.0,-0.551272,-0.551277
0.5416666666666665,0.38541666666666663,0.0,-0.543621,-0.543626
0.5416666666666665,0.3958333333333333,0.0,-0.536149,-0.536154
0.5416666666666665,0.40625,0.0,-0.528852,-0.528856
0.5416666666666665,0.41666666666666663,0.0,-0.521721,-0.521725
0.5416666666666665,0.4270833333333333,0.0,-0.514753,-0.514756
0.5416666666666665,0.4375,0.0,-0.50794,-0.507942
0.5416666666666665,0.44791666666666663,0.0,-0.501277,-0.501278
0.5416666666666665,0.4583333333333333,0.0,-0.494759,-0.49476
0.5416666666666665,0.46875,0.0,-0.488382,-0.488382
0.5416666666666665,0.47916666666666663,0.0,-0.482139,-0.482138
0.5416666666666665,0.4895833333333333,0.0,-0.476027,-0.476025
0.5416666666666665,0.5,0.0,-0.470041,-0.470038
0.5833333333333333,0.0,0.0,-0.965926,-0.965926
0.5833333333333333,0.010416666666666666,0.0,-0.947732,-0.947732
0.5833333333333333,0.020833333333333332,0.0,-0.929477,-0.929476
0.5833333333333333,0.03125,0.0,-0.91129,-0.91129
0.5833333333333333,0.041666666666666664,0.0,-0.893276,-0.893277
0.5833333333333333,0.05208333333333333,0.0,-0.875517,-0.875519
0.5833333333333333,0.0625,0.0,-0.858074,-0.858077
0.5833333333333333,0.07291666666666666,0.0,-0.840994,-0.840997
0.5833333333333333,0.08333333333333333,0.0,-0.824308,-0.824312
0.5833333333333333,0.09375,0.0,-0.808039,-0.808044
0.5833333333333333,0.10416666666666666,0.0,-0.792202,-0.792207
0.5833333333333333,0.11458333333333333,0.0,-0.776803,-0.776808
0.5833333333333333,0.125,0.0,-0.761843,-0.761849
0.5833333333333333,0.13541666666666666,0.0,-0.747321,-0.747327
0.5833333333333333,0.14583333333333331,0.0,-0.733231,-0.733237
0.5833333333333333,0.15625,0.0,-0.719565,-0.719571
0.5833333333333333,0.16666666666666666,0.0,-0.706314,-0.70632
0.5833333333333333,0.17708333333333331,0.0,-0.693467,-0.693472
0.5833333333333333,0.1875,0.0,-0.681011,-0.681017
0.5833333333333333,0.19791666666666666,0.0,-0.668936,-0.668941
0.5833333333333333,0.20833333333333331,0.0,-0.657228,-0.657233
0.5833333333333333,0.21875,0.0,-0.645875,-0.645879
0.5833333333333333,0.22916666666666666,0.0,-0.634863,-0.634867
0.5833333333333333,0.23958333333333331,0.0,-0.624181,-0.624185
0.5833333333333333,0.25,0.0,-0.613816,-0.613819
0.5833333333333333,0.26041666666666663,0.0,-0.603756,-0.603758
0.5833333333333333,0.2708333333333333,0.0,-0.593988,-0.593991
0.5833333333333333,0.28125,0.0,-0.584503,-0.584505
0.5833333333333333,0.29166666666666663,0.0,-0.575287,-0.575289
0.5833333333333333,0.3020833333333333,0.0,-0.566332,-0.566334
0.5833333333333333,0.3125,0.0,-0.557627,-0.557628
0.5833333333333333,0.32291666666666663,0.0,-0.549161,-0.549162
0.5833333333333333,0.3333333333333333,0.0,-0.540926,-0.540926
0.5833333333333333,0.34375,0.0,-0.532912,-0.532912
0.5833333333333333,0.35416666666666663,0.0,-0.52511,-0.52511
0.5833333333333333,0.3645833333333333,0.0,-0.517513,-0.517512
0.5833333333333333,0.375,0.0,-0.510112,-0.51011
0.5833333333333333,0.38541666666666663,0.0,-0.502899,-0.502897
0.5833333333333333,0.3958333333333333,0.0,-0.495867,-0.495866
0.5833333333333333,0.40625,0.0,-0.48901,-0.489008
0.5833333333333333,0.41666666666666663,0.0,-0.48232,-0.482318
0.5833333333333333,0.4270833333333333,0.0,-0.475791,-0.475789
0.5833333333333333,0.4375,0.0,-0.469417,-0.469416
0.5833333333333333,0.44791666666666663,0.0,-0.463192,-0.463191
0.5833333333333333,0.4583333333333333,0.0,-0.45711,-0.45711
0.5833333333333333,0.46875,0.0,-0.451166,-0.451167
0.5833333333333333,0.47916666666666663,0.0,-0.445355,-0.445358
0.5833333333333333,0.4895833333333333,0.0,-0.439672,-0.439676
0.5833333333333333,0.5,0.0,-0.434112,-0.434119
0.625,0.0,0.0,-0.92388,-0.92388
0.625,0.010416666666666666,0.0,-0.902961,-0.90296
0.625,0.020833333333333332,0.0,-0.882414,-0.882414
0.625,0.03125,0.0,-0.862325,-0.862325
0.625,0.041666666666666664,0.0,-0.842754,-0.842755
0.625,0.05208333333333333,0.0,-0.823742,-0.823743
0.625,0.0625,0.0,-0.80531,-0.805312
0.625,0.07291666666666666,0.0,-0.78747,-0.787473
0.625,0.08333333333333333,0.0,-0.770225,-0.770228
0.625,0.09375,0.0,-0.753568,-0.753571
0.625,0.10416666666666666,0.0,-0.737489,-0.737493
0.625,0.11458333333333333,0.0,-0.721974,-0.721978
0.625,0.125,0.0,-0.707008,-0.707012
0.625,0.13541666666666666,0.0,-0.692571,-0.692575
0.625,0.14583333333333331,0.0,-0.678644,-0.678648
0.625,0.15625,0.0,-0.665209,-0.665213
0.625,0.16666666666666666,0.0,-0.652244,-0.652248
0.625,0.17708333333333331,0.0,-0.639732,-0.639735
0.625,0.1875,0.0,-0.627651,-0.627654
0.625,0.19791666666666666,0.0,-0.615984,-0.615986
0.625,0.20833333333333331,0.0,-0.604712,-0.604714
0.625,0.21875,0.0,-0.593817,-0.593819
0.625,0.22916666666666666,0.0,-0.583284,-0.583285
0.625,0.23958333333333331,0.0,-0.573095,-0.573096
0.625,0.25,0.0,-0.563235,-0.563235
0.625,0.26041666666666663,0.0,-0.553689,-0.553689
0.625,0.2708333333333333,0.0,-0.544444,-0.544443
0.625,0.28125,0.0,-0.535485,-0.535484
0.625,0.29166666666666663,0.0,-0.526801,-0.5268
0.625,0.3020833333333333,0.0,-0.518378,-0.518377
0.625,0.3125,0.0,-0.510206,-0.510205
0.625,0.32291666666666663,0.0,-0.502274,-0.502272
0.625,0.3333333333333333,0.0,-0.494571,-0.494568
0.625,0.34375,0.0,-0.487087,-0.487084
0.625,0.35416666666666663,0.0,-0.479813,-0.47981
0.625,0.3645833333333333,0.0,-0.47274,-0.472738
0.625,0.375,0.0,-0.46586,-0.465857
0.625,0.38541666666666663,0.0,-0.459164,-0.459162
0.625,0.3958333333333333,0.0,-0.452645,-0.452643
0.625,0.40625,0.0,-0.446296,-0.446294
0.625,0.41666666666666663,0.0,-0.440109,-0.440109
0.625,0.4270833333333333,0.0,-0.434079,-0.434079
0.625,0.4375,0.0,-0.428198,-0.428199
0.625,0.44791666666666663,0.0,-0.422461,-0.422464
0.625,0.4583333333333333,0.0,-0.416862,-0.416867
0.625,0.46875,0.0,-0.411396,-0.411404
0.625,0.47916666666666663,0.0,-0.406057,-0.406068
0.625,0.4895833333333333,0.0,-0.400841,-0.400855
0.625,0.5,0.0,-0.395743,-0.395761
0.6666666666666665,0.0,0.0,-0.866025,-0.866025
0.6666666666666665,0.010416666666666666,0.0,-0.843329,-0.843328
0.6666666666666665,0.020833333333333332,0.0,-0.821417,-0.821416
0.6666666666666665,0.03125,0.0,-0.800316,-0.800316
0.6666666666666665,0.041666666666666664,0.0,-0.780033,-0.780034
0.6666666666666665,0.05208333333333333,0.0,-0.760561,-0.760563
0.6666666666666665,0.0625,0.0,-0.741883,-0.741885
0.6666666666666665,0.07291666666666666,0.0,-0.723975,-0.723977
0.6666666666666665,0.08333333333333333,0.0,-0.706808,-0.706811
0.6666666666666665,0.09375,0.0,-0.690353,-0.690356
0.6666666666666665,0.10416666666666666,0.0,-0.674578,-0.674581
0.6666666666666665,0.11458333333333333,0.0,-0.659451,-0.659453
0.6666666666666665,0.125,0.0,-0.644939,-0.644942
0.6666666666666665,0.13541666666666666,0.0,-0.631013,-0.631016
0.6666666666666665,0.14583333333333331,0.0,-0.617643,-0.617645
0.6666666666666665,0.15625,0.0,-0.604799,-0.604801
0.6666666666666665,0.16666666666666666,0.0,-0.592454,-0.592456
0.6666666666666665,0.17708333333333331,0.0,-0.580582,-0.580584
0.6666666666666665,0.1875,0.0,-0.569159,-0.569161
0.6666666666666665,0.19791666666666666,0.0,-0.558162,-0.558163
0.6666666666666665,0.20833333333333331,0.0,-0.547567,-0.547568
0.6666666666666665,0.21875,0.0,-0.537355,-0.537355
0.6666666666666665,0.22916666666666666,0.0,-0.527505,-0.527506
0.6666666666666665,0.23958333333333331,0.0,-0.518001,-0.518
0.6666666666666665,0.25,0.0,-0.508823,-0.508822
0.6666666666666665,0.26041666666666663,0.0,-0.499956,-0.499955
0.6666666666666665,0.2708333333333333,0.0,-0.491385,-0.491384
0.6666666666666665,0.28125,0.0,-0.483095,-0.483093
0.6666666666666665,0.29166666666666663,0.0,-0.475072,-0.47507
0.6666666666666665,0.3020833333333333,0.0,-0.467305,-0.467302
0.6666666666666665,0.3125,0.0,-0.459779,-0.459777
0.6666666666666665,0.32291666666666663,0.0,-0.452486,-0.452483
0.6666666666666665,0.3333333333333333,0.0,-0.445413,-0.44541
0.6666666666666665,0.34375,0.0,-0.43855,-0.438548
0.6666666666666665,0.35416666666666663,0.0,-0.431889,-0.431886
0.6666666666666665,0.3645833333333333,0.0,-0.42542,-0.425417
0.6666666666666665,0.375,0.0,-0.419134,-0.419132
0.6666666666666665,0.38541666666666663,0.0,-0.413024,-0.413022
0.6666666666666665,0.3958333333333333,0.0,-0.407081,-0.40708
0.6666666666666665,0.40625,0.0,-0.4013,-0.401299
0.6666666666666665,0.41666666666666663,0.0,-0.395672,-0.395673
0.6666666666666665,0.4270833333333333,0.0,-0.390191,-0.390193
0.6666666666666665,0.4375,0.0,-0.384852,-0.384856
0.6666666666666665,0.44791666666666663,0.0,-0.379649,-0.379654
0.6666666666666665,0.4583333333333333,0.0,-0.374575,-0.374582
0.6666666666666665,0.46875,0.0,-0.369626,-0.369635
0.6666666666666665,0.47916666666666663,0.0,-0.364796,-0.364808
0.6666666666666665,0.4895833333333333,0.0,-0.360082,-0.360097
0.6666666666666665,0.5,0.0,-0.355478,-0.355496
0.7083333333333333,0.0,0.0,-0.793353,-0.793353
0.7083333333333333,0.010416666666666666,0.0,-0.769966,-0.769965
0.7083333333333333,0.020833333333333332,0.0,-0.747708,-0.747708
0.7083333333333333,0.03125,0.0,-0.726541,-0.726541
0.7083333333333333,0.041666666666666664,0.0,-0.706418,-0.706418
0.7083333333333333,0.05208333333333333,0.0,-0.687286,-0.687287
0.7083333333333333,0.0625,0.0,-0.669092,-0.669094
0.7083333333333333,0.07291666666666666,0.0,-0.651783,-0.651784
0.7083333333333333,0.08333333333333333,0.0,-0.635304,-0.635305
0.7083333333333333,0.09375,0.0,-0.619605,-0.619607
0.7083333333333333,0.10416666666666666,0.0,-0.604639,-0.604641
0.7083333333333333,0.11458333333333333,0.0,-0.590359,-0.590361
0.7083333333333333,0.125,0.0,-0.576724,-0.576726
0.7083333333333333,0.13541666666666666,0.0,-0.563693,-0.563695
0.7083333333333333,0.14583333333333331,0.0,-0.551229,-0.551231
0.7083333333333333,0.15625,0.0,-0.539298,-0.5393
0.7083333333333333,0.16666666666666666,0.0,-0.527868,-0.527869
0.7083333333333333,0.17708333333333331,0.0,-0.516908,-0.516909
0.7083333333333333,0.1875,0.0,-0.50639,-0.506391
0.7083333333333333,0.19791666666666666,0.0,-0.49629,-0.49629
0.7083333333333333,0.20833333333333331,0.0,-0.486583,-0.486583
0.7083333333333333,0.21875,0.0,-0.477246,-0.477246
0.7083333333333333,0.22916666666666666,0.0,-0.46826,-0.468259
0.7083333333333333,0.23958333333333331,0.0,-0.459604,-0.459603
0.7083333333333333,0.25,0.0,-0.451261,-0.45126
0.7083333333333333,0.26041666666666663,0.0,-0.443215,-0.443213
0.7083333333333333,0.2708333333333333,0.0,-0.435448,-0.435447
0.7083333333333333,0.28125,0.0,-0.427948,-0.427946
0.7083333333333333,0.29166666666666663,0.0,-0.4207,-0.420698
0.7083333333333333,0.3020833333333333,0.0,-0.413691,-0.413689
0.7083333333333333,0.3125,0.0,-0.40691,-0.406907
0.7083333333333333,0.32291666666666663,0.0,-0.400345,-0.400342
0.7083333333333333,0.3333333333333333,0.0,-0.393986,-0.393983
0.7083333333333333,0.34375,0.0,-0.387823,-0.387821
0.7083333333333333,0.35416666666666663,0.0,-0.381847,-0.381845
0.7083333333333333,0.3645833333333333,0.0,-0.37605,-0.376047
0.7083333333333333,0.375,0.0,-0.370422,-0.370419
0.7083333333333333,0.38541666666666663,0.0,-0.364956,-0.364954
0.7083333333333333,0.3958333333333333,0.0,-0.359645,-0.359643
0.7083333333333333,0.40625,0.0,-0.354483,-0.354481
0.7083333333333333,0.41666666666666663,0.0,-0.349462,-0.349461
0.7083333333333333,0.4270833333333333,0.0,-0.344577,-0.344576
0.7083333333333333,0.4375,0.0,-0.339822,-0.339821
0.7083333333333333,0.44791666666666663,0.0,-0.335191,-0.33519
0.7083333333333333,0.4583333333333333,0.0,-0.330679,-0.330679
0.7083333333333333,0.46875,0.0,-0.326282,-0.326282
0.7083333333333333,0.47916666666666663,0.0,-0.321994,-0.321994
0.7083333333333333,0.4895833333333333,0.0,-0.317812,-0.317812
0.7083333333333333,0.5,0.0,-0.313731,-0.313731
0.75,0.0,0.0,-0.707107,-0.707107
0.75,0.010416666666666666,0.0,-0.68419,-0.68419
0.75,0.020833333333333332,0.0,-0.662638,-0.662638
0.75,0.03125,0.0,-0.642355,-0.642355
0.75,0.041666666666666664,0.0,-0.623247,-0.623247
0.75,0.05208333333333333,0.0,-0.605225,-0.605226
0.75,0.0625,0.0,-0.588207,-0.588208
0.75,0.07291666666666666,0.0,-0.572118,-0.572119
0.75,0.08333333333333333,0.0,-0.556886,-0.556887
0.75,0.09375,0.0,-0.542449,-0.54245
0.75,0.10416666666666666,0.0,-0.528747,-0.528748
0.75,0.11458333333333333,0.0,-0.515727,-0.515729
0.75,0.125,0.0,-0.503341,-0.503342
0.75,0.13541666666666666,0.0,-0.491543,-0.491544
0.75,0.14583333333333331,0.0,-0.480294,-0.480295
0.75,0.15625,0.0,-0.469556,-0.469557
0.75,0.16666666666666666,0.0,-0.459294,-0.459295
0.75,0.17708333333333331,0.0,-0.449479,-0.44948
0.75,0.1875,0.0,-0.440081,-0.440081
0.75,0.19791666666666666,0.0,-0.431074,-0.431074
0.75,0.20833333333333331,0.0,-0.422434,-0.422433
0.75,0.21875,0.0,-0.414138,-0.414137
0.75,0.22916666666666666,0.0,-0.406166,-0.406166
0.75,0.23958333333333331,0.0,-0.3985,-0.398499
0.75,0.25,0.0,-0.391121,-0.39112
0.75,0.26041666666666663,0.0,-0.384014,-0.384013
0.75,0.2708333333333333,0.0,-0.377164,-0.377162
0.75,0.28125,0.0,-0.370555,-0.370553
0.75,0.29166666666666663,0.0,-0.364176,-0.364174
0.75,0.3020833333333333,0.0,-0.358015,-0.358013
0.75,0.3125,0.0,-0.35206,-0.352057
0.75,0.32291666666666663,0.0,-0.3463,-0.346297
0.75,0.3333333333333333,0.0,-0.340726,-0.340723
0.75,0.34375,0.0,-0.335329,-0.335326
0.75,0.35416666666666663,0.0,-0.3301,-0.330096
0.75,0.3645833333333333,0.0,-0.325031,-0.325027
0.75,0.375,0.0,-0.320114,-0.32011
0.75,0.38541666666666663,0.0,-0.315343,-0.315338
0.75,0.3958333333333333,0.0,-0.310711,-0.310706
0.75,0.40625,0.0,-0.306211,-0.306205
0.75,0.41666666666666663,0.0,-0.301838,-0.301831
0.75,0.4270833333333333,0.0,-0.297586,-0.297578
0.75,0.4375,0.0,-0.293449,-0.293441
0.75,0.44791666666666663,0.0,-0.289424,-0.289414
0.75,0.4583333333333333,0.0,-0.285505,-0.285493
0.75,0.46875,0.0,-0.281687,-0.281674
0.75,0.47916666666666663,0.0,-0.277968,-0.277952
0.75,0.4895833333333333,0.0,-0.274342,-0.274324
0.75,0.5,0.0,-0.270806,-0.270785
0.7916666666666665,0.0,0.0,-0.608761,-0.608761
0.7916666666666665,0.010416666666666666,0.0,-0.587481,-0.58748
0.7916666666666665,0.020833333333333332,0.0,-0.567664,-0.567664
0.7916666666666665,0.03125,0.0,-0.549172,-0.549172
0.7916666666666665,0.041666666666666664,0.0,-0.53188,-0.531881
0.7916666666666665,0.05208333333333333,0.0,-0.515677,-0.515678
0.7916666666666665,0.0625,0.0,-0.500464,-0.500465
0.7916666666666665,0.07291666666666666,0.0,-0.486153,-0.486154
0.7916666666666665,0.08333333333333333,0.0,-0.472667,-0.472668
0.7916666666666665,0.09375,0.0,-0.459936,-0.459937
0.7916666666666665,0.10416666666666666,0.0,-0.447897,-0.447898
0.7916666666666665,0.11458333333333333,0.0,-0.436494,-0.436495
0.7916666666666665,0.125,0.0,-0.425679,-0.42568
0.7916666666666665,0.13541666666666666,0.0,-0.415405,-0.415406
0.7916666666666665,0.14583333333333331,0.0,-0.405633,-0.405634
0.7916666666666665,0.15625,0.0,-0.396326,-0.396326
0.7916666666666665,0.16666666666666666,0.0,-0.387451,-0.387451
0.7916666666666665,0.17708333333333331,0.0,-0.378977,-0.378977
0.7916666666666665,0.1875,0.0,-0.370878,-0.370878
0.7916666666666665,0.19791666666666666,0.0,-0.363128,-0.363128
0.7916666666666665,0.20833333333333331,0.0,-0.355706,-0.355705
0.7916666666666665,0.21875,0.0,-0.348589,-0.348589
0.7916666666666665,0.22916666666666666,0.0,-0.341759,-0.341759
0.7916666666666665,0.23958333333333331,0.0,-0.335199,-0.335199
0.7916666666666665,0.25,0.0,-0.328893,-0.328892
0.7916666666666665,0.26041666666666663,0.0,-0.322825,-0.322823
0.7916666666666665,0.2708333333333333,0.0,-0.316981,-0.31698
0.7916666666666665,0.28125,0.0,-0.31135,-0.311349
0.7916666666666665,0.29166666666666663,0.0,-0.30592,-0.305918
0.7916666666666665,0.3020833333333333,0.0,-0.300679,-0.300676
0.7916666666666665,0.3125,0.0,-0.295617,-0.295615
0.7916666666666665,0.32291666666666663,0.0,-0.290726,-0.290723
0.7916666666666665,0.3333333333333333,0.0,-0.285996,-0.285992
0.7916666666666665,0.34375,0.0,-0.281419,-0.281415
0.7916666666666665,0.35416666666666663,0.0,-0.276987,-0.276983
0.7916666666666665,0.3645833333333333,0.0,-0.272694,-0.272689
0.7916666666666665,0.375,0.0,-0.268533,-0.268527
0.7916666666666665,0.38541666666666663,0.0,-0.264497,-0.264491
0.7916666666666665,0.3958333333333333,0.0,-0.260581,-0.260574
0.7916666666666665,0.40625,0.0,-0.25678,-0.256771
0.7916666666666665,0.41666666666666663,0.0,-0.253087,-0.253077
0.7916666666666665,0.4270833333333333,0.0,-0.249498,-0.249487
0.7916666666666665,0.4375,0.0,-0.246009,-0.245996
0.7916666666666665,0.44791666666666663,0.0,-0.242616,-0.242601
0.7916666666666665,0.4583333333333333,0.0,-0.239313,-0.239296
0.7916666666666665,0.46875,0.0,-0.236098,-0.236078
0.7916666666666665,0.47916666666666663,0.0,-0.232967,-0.232944
0.7916666666666665,0.4895833333333333,0.0,-0.229916,-0.22989
0.7916666666666665,0.5,0.0,-0.226942,-0.226912
0.8333333333333333,0.0,0.0,-0.5,-0.5
0.8333333333333333,0.010416666666666666,0.0,-0.481455,-0.481455
0.8333333333333333,0.020833333333333332,0.0,-0.464323,-0.464324
0.8333333333333333,0.03125,0.0,-0.448446,-0.448446
0.8333333333333333,0.041666666666666664,0.0,-0.433686,-0.433686
0.8333333333333333,0.05208333333333333,0.0,-0.419926,-0.419927
0.8333333333333333,0.0625,0.0,-0.407066,-0.407067
0.8333333333333333,0.07291666666666666,0.0,-0.395017,-0.395018
0.8333333333333333,0.08333333333333333,0.0,-0.383702,-0.383703
0.8333333333333333,0.09375,0.0,-0.373054,-0.373055
0.8333333333333333,0.10416666666666666,0.0,-0.363014,-0.363015
0.8333333333333333,0.11458333333333333,0.0,-0.35353,-0.353531
0.8333333333333333,0.125,0.0,-0.344554,-0.344555
0.8333333333333333,0.13541666666666666,0.0,-0.336047,-0.336047
0.8333333333333333,0.14583333333333331,0.0,-0.32797,-0.32797
0.8333333333333333,0.15625,0.0,-0.32029,-0.320291
0.8333333333333333,0.16666666666666666,0.0,-0.312979,-0.31298
0.8333333333333333,0.17708333333333331,0.0,-0.30601,-0.30601
0.8333333333333333,0.1875,0.0,-0.299357,-0.299357
0.8333333333333333,0.19791666666666666,0.0,-0.293,-0.292999
0.8333333333333333,0.20833333333333331,0.0,-0.286918,-0.286917
0.8333333333333333,0.21875,0.0,-0.281093,-0.281092
0.8333333333333333,0.22916666666666666,0.0,-0.275508,-0.275508
0.8333333333333333,0.23958333333333331,0.0,-0.27015,-0.270149
0.8333333333333333,0.25,0.0,-0.265003,-0.265002
0.8333333333333333,0.26041666666666663,0.0,-0.260054,-0.260053
0.8333333333333333,0.2708333333333333,0.0,-0.255293,-0.255292
0.8333333333333333,0.28125,0.0,-0.250708,-0.250707
0.8333333333333333,0.29166666666666663,0.0,-0.24629,-0.246288
0.8333333333333333,0.3020833333333333,0.0,-0.242028,-0.242026
0.8333333333333333,0.3125,0.0,-0.237915,-0.237913
0.8333333333333333,0.32291666666666663,0.0,-0.233943,-0.23394
0.8333333333333333,0.3333333333333333,0.0,-0.230104,-0.230101
0.8333333333333333,0.34375,0.0,-0.226391,-0.226388
0.8333333333333333,0.35416666666666663,0.0,-0.222798,-0.222795
0.8333333333333333,0.3645833333333333,0.0,-0.219319,-0.219315
0.8333333333333333,0.375,0.0,-0.215949,-0.215944
0.8333333333333333,0.38541666666666663,0.0,-0.212681,-0.212676
0.8333333333333333,0.3958333333333333,0.0,-0.209512,-0.209506
0.8333333333333333,0.40625,0.0,-0.206437,-0.20643
0.8333333333333333,0.41666666666666663,0.0,-0.203451,-0.203443
0.8333333333333333,0.4270833333333333,0.0,-0.20055,-0.200542
0.8333333333333333,0.4375,0.0,-0.197731,-0.197721
0.8333333333333333,0.44791666666666663,0.0,-0.194989,-0.194979
0.8333333333333333,0.4583333333333333,0.0,-0.192323,-0.192311
0.8333333333333333,0.46875,0.0,-0.189727,-0.189714
0.8333333333333333,0.47916666666666663,0.0,-0.1872,-0.187185
0.8333333333333333,0.4895833333333333,0.0,-0.184738,-0.184722
0.8333333333333333,0.5,0.0,-0.182339,-0.182321
0.875,0.0,0.0,-0.382683,-0.382683
0.875,0.010416666666666666,0.0,-0.367844,-0.367844
0.875,0.020833333333333332,0.0,-0.354219,-0.35422
0.875,0.03125,0.0,-0.341658,-0.341658
0.875,0.041666666666666664,0.0,-0.330033,-0.330034
0.875,0.05208333333333333,0.0,-0.319239,-0.31924
0.875,0.0625,0.0,-0.309185,-0.309185
0.875,0.07291666666666666,0.0,-0.299793,-0.299794
0.875,0.08333333333333333,0.0,-0.290998,-0.290998
0.875,0.09375,0.0,-0.282741,-0.282741
0.875,0.10416666666666666,0.0,-0.274971,-0.274972
0.875,0.11458333333333333,0.0,-0.267646,-0.267646
0.875,0.125,0.0,-0.260726,-0.260726
0.875,0.13541666666666666,0.0,-0.254177,-0.254177
0.875,0.14583333333333331,0.0,-0.247968,-0.247969
0.875,0.15625,0.0,-0.242073,-0.242074
0.875,0.16666666666666666,0.0,-0.236468,-0.236468
0.875,0.17708333333333331,0.0,-0.23113,-0.23113
0.875,0.1875,0.0,-0.22604,-0.22604
0.875,0.19791666666666666,0.0,-0.221181,-0.221181
0.875,0.20833333333333331,0.0,-0.216536,-0.216536
0.875,0.21875,0.0,-0.212092,-0.212091
0.875,0.22916666666666666,0.0,-0.207834,-0.207834
0.875,0.23958333333333331,0.0,-0.203751,-0.20375
0.875,0.25,0.0,-0.199832,-0.199831
0.875,0.26041666666666663,0.0,-0.196067,-0.196066
0.875,0.2708333333333333,0.0,-0.192446,-0.192445
0.875,0.28125,0.0,-0.188961,-0.18896
0.875,0.29166666666666663,0.0,-0.185604,-0.185603
0.875,0.3020833333333333,0.0,-0.182369,-0.182368
0.875,0.3125,0.0,-0.179247,-0.179246
0.875,0.32291666666666663,0.0,-0.176234,-0.176232
0.875,0.3333333333333333,0.0,-0.173323,-0.173321
0.875,0.34375,0.0,-0.170508,-0.170507
0.875,0.35416666666666663,0.0,-0.167786,-0.167784
0.875,0.3645833333333333,0.0,-0.165151,-0.165149
0.875,0.375,0.0,-0.162598,-0.162597
0.875,0.38541666666666663,0.0,-0.160125,-0.160124
0.875,0.3958333333333333,0.0,-0.157727,-0.157725
0.875,0.40625,0.0,-0.1554,-0.155399
0.875,0.41666666666666663,0.0,-0.153141,-0.15314
0.875,0.4270833333333333,0.0,-0.150948,-0.150947
0.875,0.4375,0.0,-0.148816,-0.148816
0.875,0.44791666666666663,0.0,-0.146744,-0.146744
0.875,0.4583333333333333,0.0,-0.144728,-0.144729
0.875,0.46875,0.0,-0.142766,-0.142768
0.875,0.47916666666666663,0.0,-0.140856,-0.140859
0.875,0.4895833333333333,0.0,-0.138996,-0.139
0.875,0.5,0.0,-0.137183,-0.137189
0.9166666666666665,0.0,0.0,-0.258819,-0.258819
0.9166666666666665,0.010416666666666666,0.0,-0.248467,-0.248467
0.9166666666666665,0.020833333333333332,0.0,-0.239003,-0.239004
0.9166666666666665,0.03125,0.0,-0.230311,-0.230311
0.9166666666666665,0.041666666666666664,0.0,-0.222292,-0.222292
0.9166666666666665,0.05208333333333333,0.0,-0.214866,-0.214866
0.9166666666666665,0.0625,0.0,-0.207966,-0.207967
0.9166666666666665,0.07291666666666666,0.0,-0.201535,-0.201535
0.9166666666666665,0.08333333333333333,0.0,-0.195523,-0.195523
0.9166666666666665,0.09375,0.0,-0.189888,-0.189888
0.9166666666666665,0.10416666666666666,0.0,-0.184594,-0.184595
0.9166666666666665,0.11458333333333333,0.0,-0.17961,-0.17961
0.9166666666666665,0.125,0.0,-0.174907,-0.174907
0.9166666666666665,0.13541666666666666,0.0,-0.170461,-0.170461
0.9166666666666665,0.14583333333333331,0.0,-0.16625,-0.16625
0.9166666666666665,0.15625,0.0,-0.162256,-0.162256
0.9166666666666665,0.16666666666666666,0.0,-0.158461,-0.158461
0.9166666666666665,0.17708333333333331,0.0,-0.15485,-0.15485
0.9166666666666665,0.1875,0.0,-0.151409,-0.151409
0.9166666666666665,0.19791666666666666,0.0,-0.148127,-0.148127
0.9166666666666665,0.20833333333333331,0.0,-0.144991,-0.144991
0.9166666666666665,0.21875,0.0,-0.141992,-0.141992
0.9166666666666665,0.22916666666666666,0.0,-0.139121,-0.13912
0.9166666666666665,0.23958333333333331,0.0,-0.136369,-0.136368
0.9166666666666665,0.25,0.0,-0.133728,-0.133728
0.9166666666666665,0.26041666666666663,0.0,-0.131192,-0.131192
0.9166666666666665,0.2708333333333333,0.0,-0.128755,-0.128754
0.9166666666666665,0.28125,0.0,-0.12641,-0.126409
0.9166666666666665,0.29166666666666663,0.0,-0.124152,-0.124152
0.9166666666666665,0.3020833333333333,0.0,-0.121976,-0.121976
0.9166666666666665,0.3125,0.0,-0.119878,-0.119877
0.9166666666666665,0.32291666666666663,0.0,-0.117852,-0.117852
0.9166666666666665,0.3333333333333333,0.0,-0.115897,-0.115896
0.9166666666666665,0.34375,0.0,-0.114006,-0.114006
0.9166666666666665,0.35416666666666663,0.0,-0.112178,-0.112178
0.9166666666666665,0.3645833333333333,0.0,-0.110409,-0.110409
0.9166666666666665,0.375,0.0,-0.108696,-0.108697
0.9166666666666665,0.38541666666666663,0.0,-0.107036,-0.107037
0.9166666666666665,0.3958333333333333,0.0,-0.105426,-0.105429
0.9166666666666665,0.40625,0.0,-0.103865,-0.103868
0.9166666666666665,0.41666666666666663,0.0,-0.10235,-0.102354
0.9166666666666665,0.4270833333333333,0.0,-0.100878,-0.100884
0.9166666666666665,0.4375,0.0,-0.0994481,-0.0994553
0.9166666666666665,0.44791666666666663,0.0,-0.098058,-0.098067
0.9166666666666665,0.4583333333333333,0.0,-0.0967059,-0.096717
0.9166666666666665,0.46875,0.0,-0.0953901,-0.0954036
0.9166666666666665,0.47916666666666663,0.0,-0.0941089,-0.0941253
0.9166666666666665,0.4895833333333333,0.0,-0.0928609,-0.0928806
0.9166666666666665,0.5,0.0,-0.0916446,-0.0916681
0.9583333333333333,0.0,0.0,-0.130526,-0.130526
0.9583333333333333,0.010416666666666666,0.0,-0.125209,-0.125209
0.9583333333333333,0.020833333333333332,0.0,-0.120361,-0.120361
0.9583333333333333,0.03125,0.0,-0.115918,-0.115918
0.9583333333333333,0.041666666666666664,0.0,-0.111826,-0.111827
0.9583333333333333,0.05208333333333333,0.0,-0.108044,-0.108044
0.9583333333333333,0.0625,0.0,-0.104535,-0.104535
0.9583333333333333,0.07291666666666666,0.0,-0.101267,-0.101268
0.9583333333333333,0.08333333333333333,0.0,-0.0982168,-0.0982169
0.9583333333333333,0.09375,0.0,-0.0953604,-0.0953605
0.9583333333333333,0.10416666666666666,0.0,-0.0926792,-0.0926793
0.9583333333333333,0.11458333333333333,0.0,-0.0901566,-0.0901567
0.9583333333333333,0.125,0.0,-0.0877781,-0.0877782
0.9583333333333333,0.13541666666666666,0.0,-0.0855312,-0.0855313
0.9583333333333333,0.14583333333333331,0.0,-0.0834045,-0.0834045
0.9583333333333333,0.15625,0.0,-0.0813881,-0.0813882
0.9583333333333333,0.16666666666666666,0.0,-0.0794733,-0.0794734
0.9583333333333333,0.17708333333333331,0.0,-0.0776522,-0.0776522
0.9583333333333333,0.1875,0.0,-0.0759177,-0.0759177
0.9583333333333333,0.19791666666666666,0.0,-0.0742635,-0.0742635
0.9583333333333333,0.20833333333333331,0.0,-0.0726839,-0.0726838
0.9583333333333333,0.21875,0.0,-0.0711737,-0.0711736
0.9583333333333333,0.22916666666666666,0.0,-0.0697282,-0.069728
0.9583333333333333,0.23958333333333331,0.0,-0.0683431,-0.068343
0.9583333333333333,0.25,0.0,-0.0670146,-0.0670144
0.9583333333333333,0.26041666666666663,0.0,-0.0657391,-0.0657389
0.9583333333333333,0.2708333333333333,0.0,-0.0645133,-0.0645132
0.9583333333333333,0.28125,0.0,-0.0633343,-0.0633342
0.9583333333333333,0.29166666666666663,0.0,-0.0621993,-0.0621992
0.9583333333333333,0.3020833333333333,0.0,-0.0611058,-0.0611058
0.9583333333333333,0.3125,0.0,-0.0600514,-0.0600514
0.9583333333333333,0.32291666666666663,0.0,-0.0590339,-0.0590341
0.9583333333333333,0.3333333333333333,0.0,-0.0580514,-0.0580517
0.9583333333333333,0.34375,0.0,-0.0571019,-0.0571025
0.9583333333333333,0.35416666666666663,0.0,-0.0561838,-0.0561847
0.9583333333333333,0.3645833333333333,0.0,-0.0552954,-0.0552966
0.9583333333333333,0.375,0.0,-0.0544352,-0.0544369
0.9583333333333333,0.38541666666666663,0.0,-0.0536018,-0.053604
0.9583333333333333,0.3958333333333333,0.0,-0.0527939,-0.0527967
0.9583333333333333,0.40625,0.0,-0.0520102,-0.0520138
0.9583333333333333,0.41666666666666663,0.0,-0.0512495,-0.0512541
0.9583333333333333,0.4270833333333333,0.0,-0.0505109,-0.0505165
0.9583333333333333,0.4375,0.0,-0.0497931,-0.0498001
0.9583333333333333,0.44791666666666663,0.0,-0.0490953,-0.0491039
0.9583333333333333,0.4583333333333333,0.0,-0.0484166,-0.0484269
0.9583333333333333,0.46875,0.0,-0.047756,-0.0477683
0.9583333333333333,0.47916666666666663,0.0,-0.0471128,-0.0471275
0.9583333333333333,0.4895833333333333,0.0,-0.0464862,-0.0465035
0.9583333333333333,0.5,0.0,-0.0458754,-0.0458957
1.0,0.0,0.0,-1.22465e-16,-1.22465e-16
1.0,0.010416666666666666,0.0,-1.10473e-16,0.0
1.0,0.020833333333333332,0.0,-1.01389e-16,0.0
1.0,0.03125,0.0,-1.06737e-16,0.0
1.0,0.041666666666666664,0.0,-1.09221e-16,0.0
1.0,0.05208333333333333,0.0,-1.01083e-16,0.0
1.0,0.0625,0.0,-1.05796e-16,0.0
1.0,0.07291666666666666,0.0,-1.11594e-16,0.0
1.0,0.08333333333333333,0.0,-8.90945e-17,0.0
1.0,0.09375,0.0,-8.01668e-17,0.0
1.0,0.10416666666666666,0.0,-8.12157e-17,0.0
1.0,0.11458333333333333,0.0,-9.57788e-17,0.0
1.0,0.125,0.0,-5.8084e-17,0.0
1.0,0.13541666666666666,0.0,-6.95682e-17,0.0
1.0,0.14583333333333331,0.0,-7.62055e-17,0.0
1.0,0.15625,0.0,-6.73591e-17,0.0
1.0,0.16666666666666666,0.0,-6.5179e-17,0.0
1.0,0.17708333333333331,0.0,-7.55728e-17,0.0
1.0,0.1875,0.0,-9.58383e-17,0.0
1.0,0.19791666666666666,0.0,-9.57396e-17,0.0
1.0,0.20833333333333331,0.0,-7.16341e-17,0.0
1.0,0.21875,0.0,-3.97812e-17,0.0
1.0,0.22916666666666666,0.0,-5.14345e-17,0.0
1.0,0.23958333333333331,0.0,-5.55519e-17,0.0
1.0,0.25,0.0,-4.4114e-17,0.0
1.0,0.26041666666666663,0.0,2.1724e-17,0.0
1.0,0.2708333333333333,0.0,-6.16159e-17,0.0
1.0,0.28125,0.0,-6.34337e-17,0.0
1.0,0.29166666666666663,0.0,-5.95074e-17,0.0
1.0,0.3020833333333333,0.0,-3.4321e-17,0.0
1.0,0.3125,0.0,-5.39954e-17,0.0
1.0,0.32291666666666663,0.0,-4.14056e-17,0.0
1.0,0.3333333333333333,0.0,-1.30664e-17,0.0
1.0,0.34375,0.0,-6.93726e-17,0.0
1.0,0.35416666666666663,0.0,-7.02048e-17,0.0
1.0,0.3645833333333333,0.0,-5.83986e-17,0.0
1.0,0.375,0.0,-3.72083e-17,0.0
1.0,0.38541666666666663,0.0,-6.17852e-17,0.0
1.0,0.3958333333333333,0.0,-6.18464e-17,0.0
1.0,0.40625,0.0,-6.26694e-17,0.0
1.0,0.41666666666666663,0.0,-4.86354e-17,0.0
1.0,0.4270833333333333,0.0,-7.75626e-17,0.0
1.0,0.4375,0.0,-5.78543e-17,0.0
1.0,0.44791666666666663,0.0,-6.29157e-17,0.0
1.0,0.4583333333333333,0.0,6.43456e-19,0.0
1.0,0.46875,0.0,-9.62367e-17,0.0
1.0,0.47916666666666663,0.0,-1.90778e-17,0.0
1.0,0.4895833333333333,0.0,-5.25425e-17,0.0
1.0,0.5,0.0,-4.68167e-17,0.0
