X,Y,Z,Value
-1.0,0.0,0.0,0.986614
-1.0,0.010416666666666666,0.0,0.98793
-1.0,0.020833333333333332,0.0,0.989118
-1.0,0.03125,0.0,0.990189
-1.0,0.041666666666666664,0.0,0.991155
-1.0,0.05208333333333333,0.0,0.992027
-1.0,0.0625,0.0,0.992813
-1.0,0.07291666666666666,0.0,0.993521
-1.0,0.08333333333333333,0.0,0.994161
-1.0,0.09375,0.0,0.994737
-1.0,0.10416666666666666,0.0,0.995256
-1.0,0.11458333333333333,0.0,0.995724
-1.0,0.125,0.0,0.996147
-1.0,0.13541666666666666,0.0,0.996527
-1.0,0.14583333333333331,0.0,0.99687
-1.0,0.15625,0.0,0.997179
-1.0,0.16666666666666666,0.0,0.997458
-1.0,0.17708333333333331,0.0,0.997709
-1.0,0.1875,0.0,0.997936
-1.0,0.19791666666666666,0.0,0.99814
-1.0,0.20833333333333331,0.0,0.998323
-1.0,0.21875,0.0,0.998489
-1.0,0.22916666666666666,0.0,0.998639
-1.0,0.23958333333333331,0.0,0.998773
-1.0,0.25,0.0,0.998894
-1.0,0.26041666666666663,0.0,0.999004
-1.0,0.2708333333333333,0.0,0.999102
-1.0,0.28125,0.0,0.999191
-1.0,0.29166666666666663,0.0,0.999271
-1.0,0.3020833333333333,0.0,0.999343
-1.0,0.3125,0.0,0.999408
-1.0,0.32291666666666663,0.0,0.999467
-1.0,0.3333333333333333,0.0,0.999519
-1.0,0.34375,0.0,0.999567
-1.0,0.35416666666666663,0.0,0.99961
-1.0,0.3645833333333333,0.0,0.999648
-1.0,0.375,0.0,0.999683
-1.0,0.38541666666666663,0.0,0.0
-1.0,0.3958333333333333,0.0,0.999743
-1.0,0.40625,0.0,0.0
-1.0,0.41666666666666663,0.0,0.999791
-1.0,0.4270833333333333,0.0,0.0
-1.0,0.4375,0.0,0.99983
-1.0,0.44791666666666663,0.0,0.0
-1.0,0.4583333333333333,0.0,0.999862
-1.0,0.46875,0.0,0.0
-1.0,0.47916666666666663,0.0,0.999888
-1.0,0.4895833333333333,0.0,0.0
-1.0,0.5,0.0,0.999909
-0.9583333333333334,0.0,0.0,0.979765
-0.9583333333333334,0.010416666666666666,0.0,1.25023
-0.9583333333333334,0.020833333333333332,0.0,1.05106
-0.9583333333333334,0.03125,0.0,1.00051
-0.9583333333333334,0.041666666666666664,0.0,1.00144
-0.9583333333333334,0.05208333333333333,0.0,1.0015
-0.9583333333333334,0.0625,0.0,0.999796
-0.9583333333333334,0.07291666666666666,0.0,0.998493
-0.9583333333333334,0.08333333333333333,0.0,0.997926
-0.9583333333333334,0.09375,0.0,0.997445
-0.9583333333333334,0.10416666666666666,0.0,0.997399
-0.9583333333333334,0.11458333333333333,0.0,0.997248
-0.9583333333333334,0.125,0.0,0.997416
-0.9583333333333334,0.13541666666666666,0.0,0.997396
-0.9583333333333334,0.14583333333333331,0.0,0.997639
-0.9583333333333334,0.15625,0.0,0.997695
-0.9583333333333334,0.16666666666666666,0.0,0.997939
-0.9583333333333334,0.17708333333333331,0.0,0.998027
-0.9583333333333334,0.1875,0.0,0.998344
-0.9583333333333334,0.19791666666666666,0.0,0.998347
-0.9583333333333334,0.20833333333333331,0.0,0.998657
-0.9583333333333334,0.21875,0.0,0.998632
-0.9583333333333334,0.22916666666666666,0.0,0.99894
-0.9583333333333334,0.23958333333333331,0.0,0.998831
-0.9583333333333334,0.25,0.0,0.999122
-0.9583333333333334,0.26041666666666663,0.0,0.999036
-0.9583333333333334,0.2708333333333333,0.0,0.999348
-0.9583333333333334,0.28125,0.0,0.99919
-0.9583333333333334,0.29166666666666663,0.0,0.99948
-0.9583333333333334,0.3020833333333333,0.0,0.999344
-0.9583333333333334,0.3125,0.0,0.999639
-0.9583333333333334,0.32291666666666663,0.0,0.999436
-0.9583333333333334,0.3333333333333333,0.0,0.99978
-0.9583333333333334,0.34375,0.0,0.999488
-0.9583333333333334,0.35416666666666663,0.0,0.999854
-0.9583333333333334,0.3645833333333333,0.0,0.999552
-0.9583333333333334,0.375,0.0,0.999924
-0.9583333333333334,0.38541666666666663,0.0,0.0
-0.9583333333333334,0.3958333333333333,0.0,0.999625
-0.9583333333333334,0.40625,0.0,0.0
-0.9583333333333334,0.41666666666666663,0.0,0.999966
-0.9583333333333334,0.4270833333333333,0.0,0.0
-0.9583333333333334,0.4375,0.0,0.0
-0.9583333333333334,0.44791666666666663,0.0,0.0
-0.9583333333333334,0.4583333333333333,0.0,0.0
-0.9583333333333334,0.46875,0.0,0.0
-0.9583333333333334,0.47916666666666663,0.0,0.0
-0.9583333333333334,0.4895833333333333,0.0,0.0
-0.9583333333333334,0.5,0.0,0.0
-0.9166666666666666,0.0,0.0,0.969466
-0.9166666666666666,0.010416666666666666,0.0,1.21493
-0.9166666666666666,0.020833333333333332,0.0,1.11891
-0.9166666666666666,0.03125,0.0,1.04372
-0.9166666666666666,0.041666666666666664,0.0,1.01997
-0.9166666666666666,0.05208333333333333,0.0,1.0121
-0.9166666666666666,0.0625,0.0,1.00753
-0.9166666666666666,0.07291666666666666,0.0,1.00403
-0.9166666666666666,0.08333333333333333,0.0,1.00214
-0.9166666666666666,0.09375,0.0,1.00041
-0.9166666666666666,0.10416666666666666,0.0,0.99976
-0.9166666666666666,0.11458333333333333,0.0,0.998895
-0.9166666666666666,0.125,0.0,0.998849
-0.9166666666666666,0.13541666666666666,0.0,0.99827
-0.9166666666666666,0.14583333333333331,0.0,0.998476
-0.9166666666666666,0.15625,0.0,0.998191
-0.9166666666666666,0.16666666666666666,0.0,0.998604
-0.9166666666666666,0.17708333333333331,0.0,0.998381
-0.9166666666666666,0.1875,0.0,0.998789
-0.9166666666666666,0.19791666666666666,0.0,0.998542
-0.9166666666666666,0.20833333333333331,0.0,0.999025
-0.9166666666666666,0.21875,0.0,0.998763
-0.9166666666666666,0.22916666666666666,0.0,0.999259
-0.9166666666666666,0.23958333333333331,0.0,0.9989
-0.9166666666666666,0.25,0.0,0.999401
-0.9166666666666666,0.26041666666666663,0.0,0.999057
-0.9166666666666666,0.2708333333333333,0.0,0.999628
-0.9166666666666666,0.28125,0.0,0.999178
-0.9166666666666666,0.29166666666666663,0.0,0.999752
-0.9166666666666666,0.3020833333333333,0.0,0.999337
-0.9166666666666666,0.3125,0.0,0.999935
-0.9166666666666666,0.32291666666666663,0.0,0.999403
-0.9166666666666666,0.3333333333333333,0.0,1.00006
-0.9166666666666666,0.34375,0.0,0.999363
-0.9166666666666666,0.35416666666666663,0.0,1.00018
-0.9166666666666666,0.3645833333333333,0.0,0.999416
-0.9166666666666666,0.375,0.0,1.00032
-0.9166666666666666,0.38541666666666663,0.0,0.999594
-0.9166666666666666,0.3958333333333333,0.0,0.999599
-0.9166666666666666,0.40625,0.0,0.999402
-0.9166666666666666,0.41666666666666663,0.0,0.99991
-0.9166666666666666,0.4270833333333333,0.0,0.0
-0.9166666666666666,0.4375,0.0,0.999575
-0.9166666666666666,0.44791666666666663,0.0,0.0
-0.9166666666666666,0.4583333333333333,0.0,0.999699
-0.9166666666666666,0.46875,0.0,0.0
-0.9166666666666666,0.47916666666666663,0.0,0.999733
-0.9166666666666666,0.4895833333333333,0.0,0.0
-0.9166666666666666,0.5,0.0,0.999809
-0.875,0.0,0.0,0.954045
-0.875,0.010416666666666666,0.0,1.10066
-0.875,0.020833333333333332,0.0,1.11328
-0.875,0.03125,0.0,1.06721
-0.875,0.041666666666666664,0.0,1.0355
-0.875,0.05208333333333333,0.0,1.02051
-0.875,0.0625,0.0,1.01336
-0.875,0.07291666666666666,0.0,1.00807
-0.875,0.08333333333333333,0.0,1.0052
-0.875,0.09375,0.0,1.00246
-0.875,0.10416666666666666,0.0,1.00138
-0.875,0.11458333333333333,0.0,0.999883
-0.875,0.125,0.0,0.999756
-0.875,0.13541666666666666,0.0,0.998655
-0.875,0.14583333333333331,0.0,0.998935
-0.875,0.15625,0.0,0.998309
-0.875,0.16666666666666666,0.0,0.998967
-0.875,0.17708333333333331,0.0,0.998455
-0.875,0.1875,0.0,0.999021
-0.875,0.19791666666666666,0.0,0.998512
-0.875,0.20833333333333331,0.0,0.999238
-0.875,0.21875,0.0,0.998721
-0.875,0.22916666666666666,0.0,0.999461
-0.875,0.23958333333333331,0.0,0.998848
-0.875,0.25,0.0,0.999625
-0.875,0.26041666666666663,0.0,0.998982
-0.875,0.2708333333333333,0.0,0.999878
-0.875,0.28125,0.0,0.999103
-0.875,0.29166666666666663,0.0,1.00004
-0.875,0.3020833333333333,0.0,0.999266
-0.875,0.3125,0.0,1.00024
-0.875,0.32291666666666663,0.0,0.999324
-0.875,0.3333333333333333,0.0,1.00035
-0.875,0.34375,0.0,0.999167
-0.875,0.35416666666666663,0.0,1.00059
-0.875,0.3645833333333333,0.0,0.999186
-0.875,0.375,0.0,1.00086
-0.875,0.38541666666666663,0.0,0.0
-0.875,0.3958333333333333,0.0,0.999443
-0.875,0.40625,0.0,0.0
-0.875,0.41666666666666663,0.0,0.999754
-0.875,0.4270833333333333,0.0,0.0
-0.875,0.4375,0.0,0.0
-0.875,0.44791666666666663,0.0,0.0
-0.875,0.4583333333333333,0.0,0.0
-0.875,0.46875,0.0,0.0
-0.875,0.47916666666666663,0.0,0.0
-0.875,0.4895833333333333,0.0,0.0
-0.875,0.5,0.0,0.0
-0.8333333333333334,0.0,0.0,0.93111
-0.8333333333333334,0.010416666666666666,0.0,0.991044
-0.8333333333333334,0.020833333333333332,0.0,1.05304
-0.8333333333333334,0.03125,0.0,1.05282
-0.8333333333333334,0.041666666666666664,0.0,1.03468
-0.8333333333333334,0.05208333333333333,0.0,1.02029
-0.8333333333333334,0.0625,0.0,1.01309
-0.8333333333333334,0.07291666666666666,0.0,1.00745
-0.8333333333333334,0.08333333333333333,0.0,1.00466
-0.8333333333333334,0.09375,0.0,1.00165
-0.8333333333333334,0.10416666666666666,0.0,1.00069
-0.8333333333333334,0.11458333333333333,0.0,0.998952
-0.8333333333333334,0.125,0.0,0.999025
-0.8333333333333334,0.13541666666666666,0.0,0.997744
-0.8333333333333334,0.14583333333333331,0.0,0.998271
-0.8333333333333334,0.15625,0.0,0.997455
-0.8333333333333334,0.16666666666666666,0.0,0.998392
-0.8333333333333334,0.17708333333333331,0.0,0.997736
-0.8333333333333334,0.1875,0.0,0.998611
-0.8333333333333334,0.19791666666666666,0.0,0.997905
-0.8333333333333334,0.20833333333333331,0.0,0.998966
-0.8333333333333334,0.21875,0.0,0.998218
-0.8333333333333334,0.22916666666666666,0.0,0.999301
-0.8333333333333334,0.23958333333333331,0.0,0.998453
-0.8333333333333334,0.25,0.0,0.999606
-0.8333333333333334,0.26041666666666663,0.0,0.998664
-0.8333333333333334,0.2708333333333333,0.0,0.999949
-0.8333333333333334,0.28125,0.0,0.998846
-0.8333333333333334,0.29166666666666663,0.0,1.00022
-0.8333333333333334,0.3020833333333333,0.0,0.999041
-0.8333333333333334,0.3125,0.0,1.00047
-0.8333333333333334,0.32291666666666663,0.0,0.999118
-0.8333333333333334,0.3333333333333333,0.0,1.00064
-0.8333333333333334,0.34375,0.0,0.998921
-0.8333333333333334,0.35416666666666663,0.0,1.00099
-0.8333333333333334,0.3645833333333333,0.0,0.998907
-0.8333333333333334,0.375,0.0,1.00137
-0.8333333333333334,0.38541666666666663,0.0,0.998558
-0.8333333333333334,0.3958333333333333,0.0,0.999339
-0.8333333333333334,0.40625,0.0,0.998722
-0.8333333333333334,0.41666666666666663,0.0,0.999604
-0.8333333333333334,0.4270833333333333,0.0,0.0
-0.8333333333333334,0.4375,0.0,0.99912
-0.8333333333333334,0.44791666666666663,0.0,0.0
-0.8333333333333334,0.4583333333333333,0.0,0.999294
-0.8333333333333334,0.46875,0.0,0.0
-0.8333333333333334,0.47916666666666663,0.0,0.999407
-0.8333333333333334,0.4895833333333333,0.0,0.0
-0.8333333333333334,0.5,0.0,0.999522
-0.7916666666666667,0.0,0.0,0.897328
-0.7916666666666667,0.010416666666666666,0.0,0.907943
-0.7916666666666667,0.020833333333333332,0.0,0.972435
-0.7916666666666667,0.03125,0.0,1.00445
-0.7916666666666667,0.041666666666666664,0.0,1.00953
-0.7916666666666667,0.05208333333333333,0.0,1.00451
-0.7916666666666667,0.0625,0.0,1.00163
-0.7916666666666667,0.07291666666666666,0.0,0.998204
-0.7916666666666667,0.08333333333333333,0.0,0.997261
-0.7916666666666667,0.09375,0.0,0.995264
-0.7916666666666667,0.10416666666666666,0.0,0.995405
-0.7916666666666667,0.11458333333333333,0.0,0.994199
-0.7916666666666667,0.125,0.0,0.995018
-0.7916666666666667,0.13541666666666666,0.0,0.994167
-0.7916666666666667,0.14583333333333331,0.0,0.995293
-0.7916666666666667,0.15625,0.0,0.994611
-0.7916666666666667,0.16666666666666666,0.0,0.996005
-0.7916666666666667,0.17708333333333331,0.0,0.995448
-0.7916666666666667,0.1875,0.0,0.996869
-0.7916666666666667,0.19791666666666666,0.0,0.996138
-0.7916666666666667,0.20833333333333331,0.0,0.997666
-0.7916666666666667,0.21875,0.0,0.996793
-0.7916666666666667,0.22916666666666666,0.0,0.998381
-0.7916666666666667,0.23958333333333331,0.0,0.997364
-0.7916666666666667,0.25,0.0,0.999024
-0.7916666666666667,0.26041666666666663,0.0,0.997843
-0.7916666666666667,0.2708333333333333,0.0,0.999602
-0.7916666666666667,0.28125,0.0,0.998208
-0.7916666666666667,0.29166666666666663,0.0,1.00009
-0.7916666666666667,0.3020833333333333,0.0,0.998498
-0.7916666666666667,0.3125,0.0,1.00049
-0.7916666666666667,0.32291666666666663,0.0,0.998669
-0.7916666666666667,0.3333333333333333,0.0,1.00085
-0.7916666666666667,0.34375,0.0,0.998608
-0.7916666666666667,0.35416666666666663,0.0,1.00127
-0.7916666666666667,0.3645833333333333,0.0,0.998606
-0.7916666666666667,0.375,0.0,1.0017
-0.7916666666666667,0.38541666666666663,0.0,0.0
-0.7916666666666667,0.3958333333333333,0.0,0.999465
-0.7916666666666667,0.40625,0.0,0.0
-0.7916666666666667,0.41666666666666663,0.0,0.999608
-0.7916666666666667,0.4270833333333333,0.0,0.0
-0.7916666666666667,0.4375,0.0,0.0
-0.7916666666666667,0.44791666666666663,0.0,0.0
-0.7916666666666667,0.4583333333333333,0.0,0.0
-0.7916666666666667,0.46875,0.0,0.0
-0.7916666666666667,0.47916666666666663,0.0,0.0
-0.7916666666666667,0.4895833333333333,0.0,0.0
-0.7916666666666667,0.5,0.0,0.0
-0.75,0.0,0.0,0.848284
-0.75,0.010416666666666666,0.0,0.842544
-0.75,0.020833333333333332,0.0,0.890261
-0.75,0.03125,0.0,0.93364
-0.75,0.041666666666666664,0.0,0.959
-0.75,0.05208333333333333,0.0,0.968067
-0.75,0.0625,0.0,0.973864
-0.75,0.07291666666666666,0.0,0.975744
-0.75,0.08333333333333333,0.0,0.978992
-0.75,0.09375,0.0,0.979768
-0.75,0.10416666666666666,0.0,0.982462
-0.75,0.11458333333333333,0.0,0.982932
-0.75,0.125,0.0,0.985434
-0.75,0.13541666666666666,0.0,0.985808
-0.75,0.14583333333333331,0.0,0.988202
-0.75,0.15625,0.0,0.988196
-0.75,0.16666666666666666,0.0,0.990514
-0.75,0.17708333333333331,0.0,0.990418
-0.75,0.1875,0.0,0.992742
-0.75,0.19791666666666666,0.0,0.99229
-0.75,0.20833333333333331,0.0,0.994513
-0.75,0.21875,0.0,0.993736
-0.75,0.22916666666666666,0.0,0.996066
-0.75,0.23958333333333331,0.0,0.995032
-0.75,0.25,0.0,0.997379
-0.75,0.26041666666666663,0.0,0.996089
-0.75,0.2708333333333333,0.0,0.998437
-0.75,0.28125,0.0,0.996861
-0.75,0.29166666666666663,0.0,0.9993
-0.75,0.3020833333333333,0.0,0.997383
-0.75,0.3125,0.0,1.00004
-0.75,0.32291666666666663,0.0,0.997801
-0.75,0.3333333333333333,0.0,1.00074
-0.75,0.34375,0.0,0.998097
-0.75,0.35416666666666663,0.0,1.00122
-0.75,0.3645833333333333,0.0,0.998241
-0.75,0.375,0.0,1.00161
-0.75,0.38541666666666663,0.0,0.998003
-0.75,0.3958333333333333,0.0,0.999952
-0.75,0.40625,0.0,0.997853
-0.75,0.41666666666666663,0.0,0.999913
-0.75,0.4270833333333333,0.0,0.99799
-0.75,0.4375,0.0,0.997711
-0.75,0.44791666666666663,0.0,0.998136
-0.75,0.4583333333333333,0.0,0.99849
-0.75,0.46875,0.0,0.998516
-0.75,0.47916666666666663,0.0,0.998655
-0.75,0.4895833333333333,0.0,0.99879
-0.75,0.5,0.0,0.998894
-0.7083333333333334,0.0,0.0,0.778545
-0.7083333333333334,0.010416666666666666,0.0,0.774877
-0.7083333333333334,0.020833333333333332,0.0,0.807091
-0.7083333333333334,0.03125,0.0,0.848224
-0.7083333333333334,0.041666666666666664,0.0,0.88542
-0.7083333333333334,0.05208333333333333,0.0,0.908117
-0.7083333333333334,0.0625,0.0,0.925217
-0.7083333333333334,0.07291666666666666,0.0,0.935169
-0.7083333333333334,0.08333333333333333,0.0,0.945148
-0.7083333333333334,0.09375,0.0,0.950754
-0.7083333333333334,0.10416666666666666,0.0,0.957885
-0.7083333333333334,0.11458333333333333,0.0,0.961524
-0.7083333333333334,0.125,0.0,0.967102
-0.7083333333333334,0.13541666666666666,0.0,0.969687
-0.7083333333333334,0.14583333333333331,0.0,0.974419
-0.7083333333333334,0.15625,0.0,0.975901
-0.7083333333333334,0.16666666666666666,0.0,0.979961
-0.7083333333333334,0.17708333333333331,0.0,0.980885
-0.7083333333333334,0.1875,0.0,0.984662
-0.7083333333333334,0.19791666666666666,0.0,0.984947
-0.7083333333333334,0.20833333333333331,0.0,0.988296
-0.7083333333333334,0.21875,0.0,0.987981
-0.7083333333333334,0.22916666666666666,0.0,0.991386
-0.7083333333333334,0.23958333333333331,0.0,0.990611
-0.7083333333333334,0.25,0.0,0.993892
-0.7083333333333334,0.26041666666666663,0.0,0.992718
-0.7083333333333334,0.2708333333333333,0.0,0.995837
-0.7083333333333334,0.28125,0.0,0.994277
-0.7083333333333334,0.29166666666666663,0.0,0.997361
-0.7083333333333334,0.3020833333333333,0.0,0.995314
-0.7083333333333334,0.3125,0.0,0.998707
-0.7083333333333334,0.32291666666666663,0.0,0.996243
-0.7083333333333334,0.3333333333333333,0.0,0.9999
-0.7083333333333334,0.34375,0.0,0.997085
-0.7083333333333334,0.35416666666666663,0.0,1.00063
-0.7083333333333334,0.3645833333333333,0.0,0.997539
-0.7083333333333334,0.375,0.0,1.00111
-0.7083333333333334,0.38541666666666663,0.0,0.997934
-0.7083333333333334,0.3958333333333333,0.0,1.00049
-0.7083333333333334,0.40625,0.0,0.997383
-0.7083333333333334,0.41666666666666663,0.0,1.00051
-0.7083333333333334,0.4270833333333333,0.0,0.0
-0.7083333333333334,0.4375,0.0,0.996452
-0.7083333333333334,0.44791666666666663,0.0,0.0
-0.7083333333333334,0.4583333333333333,0.0,0.997825
-0.7083333333333334,0.46875,0.0,0.0
-0.7083333333333334,0.47916666666666663,0.0,0.0
-0.7083333333333334,0.4895833333333333,0.0,0.0
-0.7083333333333334,0.5,0.0,0.0
-0.6666666666666667,0.0,0.0,0.682262
-0.6666666666666667,0.010416666666666666,0.0,0.686084
-0.6666666666666667,0.020833333333333332,0.0,0.712658
-0.6666666666666667,0.03125,0.0,0.748224
-0.6666666666666667,0.041666666666666664,0.0,0.790108
-0.6666666666666667,0.05208333333333333,0.0,0.822921
-0.6666666666666667,0.0625,0.0,0.851721
-0.6666666666666667,0.07291666666666666,0.0,0.871451
-0.6666666666666667,0.08333333333333333,0.0,0.890431
-0.6666666666666667,0.09375,0.0,0.902972
-0.6666666666666667,0.10416666666666666,0.0,0.916702
-0.6666666666666667,0.11458333333333333,0.0,0.92529
-0.6666666666666667,0.125,0.0,0.935769
-0.6666666666666667,0.13541666666666666,0.0,0.941865
-0.6666666666666667,0.14583333333333331,0.0,0.950388
-0.6666666666666667,0.15625,0.0,0.954491
-0.6666666666666667,0.16666666666666666,0.0,0.961476
-0.6666666666666667,0.17708333333333331,0.0,0.964254
-0.6666666666666667,0.1875,0.0,0.970328
-0.6666666666666667,0.19791666666666666,0.0,0.972019
-0.6666666666666667,0.20833333333333331,0.0,0.977231
-0.6666666666666667,0.21875,0.0,0.977927
-0.6666666666666667,0.22916666666666666,0.0,0.982871
-0.6666666666666667,0.23958333333333331,0.0,0.982809
-0.6666666666666667,0.25,0.0,0.987371
-0.6666666666666667,0.26041666666666663,0.0,0.98667
-0.6666666666666667,0.2708333333333333,0.0,0.99086
-0.6666666666666667,0.28125,0.0,0.98962
-0.6666666666666667,0.29166666666666663,0.0,0.993569
-0.6666666666666667,0.3020833333333333,0.0,0.99169
-0.6666666666666667,0.3125,0.0,0.995893
-0.6666666666666667,0.32291666666666663,0.0,0.993507
-0.6666666666666667,0.3333333333333333,0.0,0.997794
-0.6666666666666667,0.34375,0.0,0.995101
-0.6666666666666667,0.35416666666666663,0.0,0.99914
-0.6666666666666667,0.3645833333333333,0.0,0.996077
-0.6666666666666667,0.375,0.0,1.00006
-0.6666666666666667,0.38541666666666663,0.0,0.996817
-0.6666666666666667,0.3958333333333333,0.0,1.00051
-0.6666666666666667,0.40625,0.0,0.99641
-0.6666666666666667,0.41666666666666663,0.0,1.00098
-0.6666666666666667,0.4270833333333333,0.0,0.994968
-0.6666666666666667,0.4375,0.0,0.995164
-0.6666666666666667,0.44791666666666663,0.0,0.995404
-0.6666666666666667,0.4583333333333333,0.0,0.996831
-0.6666666666666667,0.46875,0.0,0.996427
-0.6666666666666667,0.47916666666666663,0.0,0.99669
-0.6666666666666667,0.4895833333333333,0.0,0.997065
-0.6666666666666667,0.5,0.0,0.997254
-0.625,0.0,0.0,0.5546
-0.625,0.010416666666666666,0.0,0.564151
-0.625,0.020833333333333332,0.0,0.594596
-0.625,0.03125,0.0,0.627908
-0.625,0.041666666666666664,0.0,0.671562
-0.625,0.05208333333333333,0.0,0.710701
-0.625,0.0625,0.0,0.749926
-0.625,0.07291666666666666,0.0,0.779772
-0.625,0.08333333333333333,0.0,0.80928
-0.625,0.09375,0.0,0.830572
-0.625,0.10416666666666666,0.0,0.853033
-0.625,0.11458333333333333,0.0,0.868506
-0.625,0.125,0.0,0.885973
-0.625,0.13541666666666666,0.0,0.89729
-0.625,0.14583333333333331,0.0,0.911376
-0.625,0.15625,0.0,0.919591
-0.625,0.16666666666666666,0.0,0.931042
-0.625,0.17708333333333331,0.0,0.936858
-0.625,0.1875,0.0,0.946438
-0.625,0.19791666666666666,0.0,0.950513
-0.625,0.20833333333333331,0.0,0.95865
-0.625,0.21875,0.0,0.961177
-0.625,0.22916666666666666,0.0,0.968333
-0.625,0.23958333333333331,0.0,0.969685
-0.625,0.25,0.0,0.976027
-0.625,0.26041666666666663,0.0,0.976362
-0.625,0.2708333333333333,0.0,0.982085
-0.625,0.28125,0.0,0.981614
-0.625,0.29166666666666663,0.0,0.98684
-0.625,0.3020833333333333,0.0,0.985546
-0.625,0.3125,0.0,0.990689
-0.625,0.32291666666666663,0.0,0.988798
-0.625,0.3333333333333333,0.0,0.993735
-0.625,0.34375,0.0,0.991479
-0.625,0.35416666666666663,0.0,0.996155
-0.625,0.3645833333333333,0.0,0.993326
-0.625,0.375,0.0,0.997936
-0.625,0.38541666666666663,0.0,0.994556
-0.625,0.3958333333333333,0.0,0.99933
-0.625,0.40625,0.0,0.994847
-0.625,0.41666666666666663,0.0,1.00055
-0.625,0.4270833333333333,0.0,0.0
-0.625,0.4375,0.0,0.993986
-0.625,0.44791666666666663,0.0,0.0
-0.625,0.4583333333333333,0.0,0.995597
-0.625,0.46875,0.0,0.0
-0.625,0.47916666666666663,0.0,0.0
-0.625,0.4895833333333333,0.0,0.0
-0.625,0.5,0.0,0.0
-0.5833333333333334,0.0,0.0,0.394119
-0.5833333333333334,0.010416666666666666,0.0,0.405828
-0.5833333333333334,0.020833333333333332,0.0,0.445164
-0.5833333333333334,0.03125,0.0,0.481022
-0.5833333333333334,0.041666666666666664,0.0,0.526916
-0.5833333333333334,0.05208333333333333,0.0,0.569876
-0.5833333333333334,0.0625,0.0,0.61744
-0.5833333333333334,0.07291666666666666,0.0,0.656409
-0.5833333333333334,0.08333333333333333,0.0,0.696791
-0.5833333333333334,0.09375,0.0,0.727915
-0.5833333333333334,0.10416666666666666,0.0,0.760705
-0.5833333333333334,0.11458333333333333,0.0,0.784852
-0.5833333333333334,0.125,0.0,0.811341
-0.5833333333333334,0.13541666666666666,0.0,0.829854
-0.5833333333333334,0.14583333333333331,0.0,0.851461
-0.5833333333333334,0.15625,0.0,0.865601
-0.5833333333333334,0.16666666666666666,0.0,0.883332
-0.5833333333333334,0.17708333333333331,0.0,0.893792
-0.5833333333333334,0.1875,0.0,0.908442
-0.5833333333333334,0.19791666666666666,0.0,0.916287
-0.5833333333333334,0.20833333333333331,0.0,0.928669
-0.5833333333333334,0.21875,0.0,0.934231
-0.5833333333333334,0.22916666666666666,0.0,0.944594
-0.5833333333333334,0.23958333333333331,0.0,0.948374
-0.5833333333333334,0.25,0.0,0.957253
-0.5833333333333334,0.26041666666666663,0.0,0.959469
-0.5833333333333334,0.2708333333333333,0.0,0.967387
-0.5833333333333334,0.28125,0.0,0.968368
-0.5833333333333334,0.29166666666666663,0.0,0.975441
-0.5833333333333334,0.3020833333333333,0.0,0.975343
-0.5833333333333334,0.3125,0.0,0.981721
-0.5833333333333334,0.32291666666666663,0.0,0.980855
-0.5833333333333334,0.3333333333333333,0.0,0.986679
-0.5833333333333334,0.34375,0.0,0.98525
-0.5833333333333334,0.35416666666666663,0.0,0.990728
-0.5833333333333334,0.3645833333333333,0.0,0.988561
-0.5833333333333334,0.375,0.0,0.99385
-0.5833333333333334,0.38541666666666663,0.0,0.990887
-0.5833333333333334,0.3958333333333333,0.0,0.99624
-0.5833333333333334,0.40625,0.0,0.992506
-0.5833333333333334,0.41666666666666663,0.0,0.998025
-0.5833333333333334,0.4270833333333333,0.0,0.992364
-0.5833333333333334,0.4375,0.0,0.993087
-0.5833333333333334,0.44791666666666663,0.0,0.992412
-0.5833333333333334,0.4583333333333333,0.0,0.994119
-0.5833333333333334,0.46875,0.0,0.993898
-0.5833333333333334,0.47916666666666663,0.0,0.994236
-0.5833333333333334,0.4895833333333333,0.0,0.994759
-0.5833333333333334,0.5,0.0,0.995122
-0.5416666666666667,0.0,0.0,0.205371
-0.5416666666666667,0.010416666666666666,0.0,0.216935
-0.5416666666666667,0.020833333333333332,0.0,0.265161
-0.5416666666666667,0.03125,0.0,0.306173
-0.5416666666666667,0.041666666666666664,0.0,0.355544
-0.5416666666666667,0.05208333333333333,0.0,0.40102
-0.5416666666666667,0.0625,0.0,0.454467
-0.5416666666666667,0.07291666666666666,0.0,0.500443
-0.5416666666666667,0.08333333333333333,0.0,0.55049
-0.5416666666666667,0.09375,0.0,0.591245
-0.5416666666666667,0.10416666666666666,0.0,0.634765
-0.5416666666666667,0.11458333333333333,0.0,0.668677
-0.5416666666666667,0.125,0.0,0.705592
-0.5416666666666667,0.13541666666666666,0.0,0.733094
-0.5416666666666667,0.14583333333333331,0.0,0.764007
-0.5416666666666667,0.15625,0.0,0.786018
-0.5416666666666667,0.16666666666666666,0.0,0.811882
-0.5416666666666667,0.17708333333333331,0.0,0.828978
-0.5416666666666667,0.1875,0.0,0.850477
-0.5416666666666667,0.19791666666666666,0.0,0.863897
-0.5416666666666667,0.20833333333333331,0.0,0.882026
-0.5416666666666667,0.21875,0.0,0.89226
-0.5416666666666667,0.22916666666666666,0.0,0.907219
-0.5416666666666667,0.23958333333333331,0.0,0.914796
-0.5416666666666667,0.25,0.0,0.927359
-0.5416666666666667,0.26041666666666663,0.0,0.932653
-0.5416666666666667,0.2708333333333333,0.0,0.943663
-0.5416666666666667,0.28125,0.0,0.947118
-0.5416666666666667,0.29166666666666663,0.0,0.956731
-0.5416666666666667,0.3020833333333333,0.0,0.958741
-0.5416666666666667,0.3125,0.0,0.966907
-0.5416666666666667,0.32291666666666663,0.0,0.967792
-0.5416666666666667,0.3333333333333333,0.0,0.97497
-0.5416666666666667,0.34375,0.0,0.974942
-0.5416666666666667,0.35416666666666663,0.0,0.98145
-0.5416666666666667,0.3645833333333333,0.0,0.980634
-0.5416666666666667,0.375,0.0,0.986591
-0.5416666666666667,0.38541666666666663,0.0,0.984984
-0.5416666666666667,0.3958333333333333,0.0,0.990458
-0.5416666666666667,0.40625,0.0,0.988495
-0.5416666666666667,0.41666666666666663,0.0,0.99309
-0.5416666666666667,0.4270833333333333,0.0,0.991291
-0.5416666666666667,0.4375,0.0,0.991372
-0.5416666666666667,0.44791666666666663,0.0,0.99097
-0.5416666666666667,0.4583333333333333,0.0,0.99205
-0.5416666666666667,0.46875,0.0,0.992589
-0.5416666666666667,0.47916666666666663,0.0,0.992992
-0.5416666666666667,0.4895833333333333,0.0,0.993529
-0.5416666666666667,0.5,0.0,0.994048
-0.5,0.0,0.0,0.0
-0.5,0.010416666666666666,0.0,0.011136
-0.5,0.020833333333333332,0.0,0.0645642
-0.5,0.03125,0.0,0.109929
-0.5,0.041666666666666664,0.0,0.162455
-0.5,0.05208333333333333,0.0,0.209356
-0.5,0.0625,0.0,0.265796
-0.5,0.07291666666666666,0.0,0.315843
-0.5,0.08333333333333333,0.0,0.372613
-0.5,0.09375,0.0,0.421103
-0.5,0.10416666666666666,0.0,0.473905
-0.5,0.11458333333333333,0.0,0.517269
-0.5,0.125,0.0,0.564591
-0.5,0.13541666666666666,0.0,0.601972
-0.5,0.14583333333333331,0.0,0.643132
-0.5,0.15625,0.0,0.674591
-0.5,0.16666666666666666,0.0,0.709998
-0.5,0.17708333333333331,0.0,0.735781
-0.5,0.1875,0.0,0.765801
-0.5,0.19791666666666666,0.0,0.786809
-0.5,0.20833333333333331,0.0,0.812284
-0.5,0.21875,0.0,0.829144
-0.5,0.22916666666666666,0.0,0.850395
-0.5,0.23958333333333331,0.0,0.863511
-0.5,0.25,0.0,0.881325
-0.5,0.26041666666666663,0.0,0.891278
-0.5,0.2708333333333333,0.0,0.906553
-0.5,0.28125,0.0,0.913927
-0.5,0.29166666666666663,0.0,0.926969
-0.5,0.3020833333333333,0.0,0.932354
-0.5,0.3125,0.0,0.943184
-0.5,0.32291666666666663,0.0,0.946839
-0.5,0.3333333333333333,0.0,0.956082
-0.5,0.34375,0.0,0.958329
-0.5,0.35416666666666663,0.0,0.966294
-0.5,0.3645833333333333,0.0,0.96772
-0.5,0.375,0.0,0.974526
-0.5,0.38541666666666663,0.0,0.975235
-0.5,0.3958333333333333,0.0,0.980864
-0.5,0.40625,0.0,0.98127
-0.5,0.41666666666666663,0.0,0.985316
-0.5,0.4270833333333333,0.0,0.986308
-0.5,0.4375,0.0,0.987218
-0.5,0.44791666666666663,0.0,0.987596
-0.5,0.4583333333333333,0.0,0.988581
-0.5,0.46875,0.0,0.98968
-0.5,0.47916666666666663,0.0,0.990482
-0.5,0.4895833333333333,0.0,0.991224
-0.5,0.5,0.0,0.992061
-0.45833333333333337,0.0,0.0,-0.205371
-0.45833333333333337,0.010416666666666666,0.0,-0.193592
-0.45833333333333337,0.020833333333333332,0.0,-0.1403
-0.45833333333333337,0.03125,0.0,-0.0939172
-0.45833333333333337,0.041666666666666664,0.0,-0.040879
-0.45833333333333337,0.05208333333333333,0.0,0.0057479
-0.45833333333333337,0.0625,0.0,0.0617519
-0.45833333333333337,0.07291666666666666,0.0,0.11253
-0.45833333333333337,0.08333333333333333,0.0,0.171646
-0.45833333333333337,0.09375,0.0,0.224321
-0.45833333333333337,0.10416666666666666,0.0,0.282914
-0.45833333333333337,0.11458333333333333,0.0,0.333501
-0.45833333333333337,0.125,0.0,0.389092
-0.45833333333333337,0.13541666666666666,0.0,0.435573
-0.45833333333333337,0.14583333333333331,0.0,0.48624
-0.45833333333333337,0.15625,0.0,0.527578
-0.45833333333333337,0.16666666666666666,0.0,0.572777
-0.45833333333333337,0.17708333333333331,0.0,0.6086
-0.45833333333333337,0.1875,0.0,0.648148
-0.45833333333333337,0.19791666666666666,0.0,0.678482
-0.45833333333333337,0.20833333333333331,0.0,0.712687
-0.45833333333333337,0.21875,0.0,0.738098
-0.45833333333333337,0.22916666666666666,0.0,0.76732
-0.45833333333333337,0.23958333333333331,0.0,0.787966
-0.45833333333333337,0.25,0.0,0.812785
-0.45833333333333337,0.26041666666666663,0.0,0.829335
-0.45833333333333337,0.2708333333333333,0.0,0.850334
-0.45833333333333337,0.28125,0.0,0.863467
-0.45833333333333337,0.29166666666666663,0.0,0.881165
-0.45833333333333337,0.3020833333333333,0.0,0.891536
-0.45833333333333337,0.3125,0.0,0.906233
-0.45833333333333337,0.32291666666666663,0.0,0.914064
-0.45833333333333337,0.3333333333333333,0.0,0.926365
-0.45833333333333337,0.34375,0.0,0.932155
-0.45833333333333337,0.35416666666666663,0.0,0.942345
-0.45833333333333337,0.3645833333333333,0.0,0.947046
-0.45833333333333337,0.375,0.0,0.955323
-0.45833333333333337,0.38541666666666663,0.0,0.959154
-0.45833333333333337,0.3958333333333333,0.0,0.965618
-0.45833333333333337,0.40625,0.0,0.968768
-0.45833333333333337,0.41666666666666663,0.0,0.97332
-0.45833333333333337,0.4270833333333333,0.0,0.976428
-0.45833333333333337,0.4375,0.0,0.978997
-0.45833333333333337,0.44791666666666663,0.0,0.980769
-0.45833333333333337,0.4583333333333333,0.0,0.982427
-0.45833333333333337,0.46875,0.0,0.984197
-0.45833333333333337,0.47916666666666663,0.0,0.985691
-0.45833333333333337,0.4895833333333333,0.0,0.986986
-0.45833333333333337,0.5,0.0,0.988319
-0.41666666666666674,0.0,0.0,-0.394119
-0.41666666666666674,0.010416666666666666,0.0,-0.380106
-0.41666666666666674,0.020833333333333332,0.0,-0.331992
-0.41666666666666674,0.03125,0.0,-0.288577
-0.41666666666666674,0.041666666666666664,0.0,-0.239109
-0.41666666666666674,0.05208333333333333,0.0,-0.195103
-0.41666666666666674,0.0625,0.0,-0.143211
-0.41666666666666674,0.07291666666666666,0.0,-0.0949385
-0.41666666666666674,0.08333333333333333,0.0,-0.0383964
-0.41666666666666674,0.09375,0.0,0.0140755
-0.41666666666666674,0.10416666666666666,0.0,0.0734426
-0.41666666666666674,0.11458333333333333,0.0,0.127322
-0.41666666666666674,0.125,0.0,0.186857
-0.41666666666666674,0.13541666666666666,0.0,0.239633
-0.41666666666666674,0.14583333333333331,0.0,0.296848
-0.41666666666666674,0.15625,0.0,0.346614
-0.41666666666666674,0.16666666666666666,0.0,0.399973
-0.41666666666666674,0.17708333333333331,0.0,0.445563
-0.41666666666666674,0.1875,0.0,0.494222
-0.41666666666666674,0.19791666666666666,0.0,0.534588
-0.41666666666666674,0.20833333333333331,0.0,0.57802
-0.41666666666666674,0.21875,0.0,0.613285
-0.41666666666666674,0.22916666666666666,0.0,0.651533
-0.41666666666666674,0.23958333333333331,0.0,0.681564
-0.41666666666666674,0.25,0.0,0.714768
-0.41666666666666674,0.26041666666666663,0.0,0.740018
-0.41666666666666674,0.2708333333333333,0.0,0.768297
-0.41666666666666674,0.28125,0.0,0.789241
-0.41666666666666674,0.29166666666666663,0.0,0.813111
-0.41666666666666674,0.3020833333333333,0.0,0.830343
-0.41666666666666674,0.3125,0.0,0.850375
-0.41666666666666674,0.32291666666666663,0.0,0.86418
-0.41666666666666674,0.3333333333333333,0.0,0.880848
-0.41666666666666674,0.34375,0.0,0.891857
-0.41666666666666674,0.35416666666666663,0.0,0.905477
-0.41666666666666674,0.3645833333333333,0.0,0.91465
-0.41666666666666674,0.375,0.0,0.925569
-0.41666666666666674,0.38541666666666663,0.0,0.933306
-0.41666666666666674,0.3958333333333333,0.0,0.94183
-0.41666666666666674,0.40625,0.0,0.948244
-0.41666666666666674,0.41666666666666663,0.0,0.954578
-0.41666666666666674,0.4270833333333333,0.0,0.960022
-0.41666666666666674,0.4375,0.0,0.964786
-0.41666666666666674,0.44791666666666663,0.0,0.968551
-0.41666666666666674,0.4583333333333333,0.0,0.971725
-0.41666666666666674,0.46875,0.0,0.974615
-0.41666666666666674,0.47916666666666663,0.0,0.977214
-0.41666666666666674,0.4895833333333333,0.0,0.979522
-0.41666666666666674,0.5,0.0,0.981678
-0.375,0.0,0.0,-0.5546
-0.375,0.010416666666666666,0.0,-0.536649
-0.375,0.020833333333333332,0.0,-0.497148
-0.375,0.03125,0.0,-0.459723
-0.375,0.041666666666666664,0.0,-0.417688
-0.375,0.05208333333333333,0.0,-0.378636
-0.375,0.0625,0.0,-0.33407
-0.375,0.07291666666666666,0.0,-0.290931
-0.375,0.08333333333333333,0.0,-0.241252
-0.375,0.09375,0.0,-0.192973
-0.375,0.10416666666666666,0.0,-0.138152
-0.375,0.11458333333333333,0.0,-0.0855732
-0.375,0.125,0.0,-0.0276622
-0.375,0.13541666666666666,0.0,0.0270636
-0.375,0.14583333333333331,0.0,0.0859447
-0.375,0.15625,0.0,0.140671
-0.375,0.16666666666666666,0.0,0.198438
-0.375,0.17708333333333331,0.0,0.251367
-0.375,0.1875,0.0,0.306662
-0.375,0.19791666666666666,0.0,0.355982
-0.375,0.20833333333333331,0.0,0.407437
-0.375,0.21875,0.0,0.452457
-0.375,0.22916666666666666,0.0,0.499453
-0.375,0.23958333333333331,0.0,0.539763
-0.375,0.25,0.0,0.581751
-0.375,0.26041666666666663,0.0,0.617424
-0.375,0.2708333333333333,0.0,0.654039
-0.375,0.28125,0.0,0.684604
-0.375,0.29166666666666663,0.0,0.716057
-0.375,0.3020833333333333,0.0,0.742057
-0.375,0.3125,0.0,0.768926
-0.375,0.32291666666666663,0.0,0.790735
-0.375,0.3333333333333333,0.0,0.813314
-0.375,0.34375,0.0,0.83148
-0.375,0.35416666666666663,0.0,0.850142
-0.375,0.3645833333333333,0.0,0.865241
-0.375,0.375,0.0,0.880457
-0.375,0.38541666666666663,0.0,0.893135
-0.375,0.3958333333333333,0.0,0.905339
-0.375,0.40625,0.0,0.915905
-0.375,0.41666666666666663,0.0,0.925413
-0.375,0.4270833333333333,0.0,0.934116
-0.375,0.4375,0.0,0.94181
-0.375,0.44791666666666663,0.0,0.948263
-0.375,0.4583333333333333,0.0,0.953859
-0.375,0.46875,0.0,0.958619
-0.375,0.47916666666666663,0.0,0.962992
-0.375,0.4895833333333333,0.0,0.966942
-0.375,0.5,0.0,0.970463
-0.33333333333333337,0.0,0.0,-0.682262
-0.33333333333333337,0.010416666666666666,0.0,-0.658836
-0.33333333333333337,0.020833333333333332,0.0,-0.62935
-0.33333333333333337,0.03125,0.0,-0.59928
-0.33333333333333337,0.041666666666666664,0.0,-0.567006
-0.33333333333333337,0.05208333333333333,0.0,-0.534434
-0.33333333333333337,0.0625,0.0,-0.499216
-0.33333333333333337,0.07291666666666666,0.0,-0.462825
-0.33333333333333337,0.08333333333333333,0.0,-0.422765
-0.33333333333333337,0.09375,0.0,-0.381252
-0.33333333333333337,0.10416666666666666,0.0,-0.335216
-0.33333333333333337,0.11458333333333333,0.0,-0.287824
-0.33333333333333337,0.125,0.0,-0.236746
-0.33333333333333337,0.13541666666666666,0.0,-0.184712
-0.33333333333333337,0.14583333333333331,0.0,-0.129732
-0.33333333333333337,0.15625,0.0,-0.0747286
-0.33333333333333337,0.16666666666666666,0.0,-0.017771
-0.33333333333333337,0.17708333333333331,0.0,0.0382945
-0.33333333333333337,0.1875,0.0,0.0957544
-0.33333333333333337,0.19791666666666666,0.0,0.150907
-0.33333333333333337,0.20833333333333331,0.0,0.207076
-0.33333333333333337,0.21875,0.0,0.259777
-0.33333333333333337,0.22916666666666666,0.0,0.313388
-0.33333333333333337,0.23958333333333331,0.0,0.362917
-0.33333333333333337,0.25,0.0,0.412893
-0.33333333333333337,0.26041666666666663,0.0,0.459282
-0.33333333333333337,0.2708333333333333,0.0,0.503822
-0.33333333333333337,0.28125,0.0,0.54491
-0.33333333333333337,0.29166666666666663,0.0,0.584489
-0.33333333333333337,0.3020833333333333,0.0,0.620727
-0.33333333333333337,0.3125,0.0,0.655442
-0.33333333333333337,0.32291666666666663,0.0,0.687118
-0.33333333333333337,0.3333333333333333,0.0,0.717012
-0.33333333333333337,0.34375,0.0,0.744232
-0.33333333333333337,0.35416666666666663,0.0,0.769647
-0.33333333333333337,0.3645833333333333,0.0,0.792423
-0.33333333333333337,0.375,0.0,0.813794
-0.33333333333333337,0.38541666666666663,0.0,0.832872
-0.33333333333333337,0.3958333333333333,0.0,0.850633
-0.33333333333333337,0.40625,0.0,0.866603
-0.33333333333333337,0.41666666666666663,0.0,0.880942
-0.33333333333333337,0.4270833333333333,0.0,0.894244
-0.33333333333333337,0.4375,0.0,0.905969
-0.33333333333333337,0.44791666666666663,0.0,0.916083
-0.33333333333333337,0.4583333333333333,0.0,0.925156
-0.33333333333333337,0.46875,0.0,0.932895
-0.33333333333333337,0.47916666666666663,0.0,0.940026
-0.33333333333333337,0.4895833333333333,0.0,0.946496
-0.33333333333333337,0.5,0.0,0.952212
-0.29166666666666674,0.0,0.0,-0.778545
-0.29166666666666674,0.010416666666666666,0.0,-0.748758
-0.29166666666666674,0.020833333333333332,0.0,-0.728965
-0.29166666666666674,0.03125,0.0,-0.706165
-0.29166666666666674,0.041666666666666664,0.0,-0.684023
-0.29166666666666674,0.05208333333333333,0.0,-0.658267
-0.29166666666666674,0.0625,0.0,-0.632912
-0.29166666666666674,0.07291666666666666,0.0,-0.603671
-0.29166666666666674,0.08333333333333333,0.0,-0.574162
-0.29166666666666674,0.09375,0.0,-0.540275
-0.29166666666666674,0.10416666666666666,0.0,-0.505232
-0.29166666666666674,0.11458333333333333,0.0,-0.465276
-0.29166666666666674,0.125,0.0,-0.424472
-0.29166666666666674,0.13541666666666666,0.0,-0.37869
-0.29166666666666674,0.14583333333333331,0.0,-0.332253
-0.29166666666666674,0.15625,0.0,-0.281444
-0.29166666666666674,0.16666666666666666,0.0,-0.230538
-0.29166666666666674,0.17708333333333331,0.0,-0.176109
-0.29166666666666674,0.1875,0.0,-0.121894
-0.29166666666666674,0.19791666666666666,0.0,-0.0654384
-0.29166666666666674,0.20833333333333331,0.0,-0.00950264
-0.29166666666666674,0.21875,0.0,0.0470301
-0.29166666666666674,0.22916666666666666,0.0,0.103245
-0.29166666666666674,0.23958333333333331,0.0,0.158663
-0.29166666666666674,0.25,0.0,0.214718
-0.29166666666666674,0.26041666666666663,0.0,0.269493
-0.29166666666666674,0.2708333333333333,0.0,0.31944
-0.29166666666666674,0.28125,0.0,0.370387
-0.29166666666666674,0.29166666666666663,0.0,0.416947
-0.29166666666666674,0.3020833333333333,0.0,0.463777
-0.29166666666666674,0.3125,0.0,0.506096
-0.29166666666666674,0.32291666666666663,0.0,0.54866
-0.29166666666666674,0.3333333333333333,0.0,0.586407
-0.29166666666666674,0.34375,0.0,0.62411
-0.29166666666666674,0.35416666666666663,0.0,0.657389
-0.29166666666666674,0.3645833333333333,0.0,0.689696
-0.29166666666666674,0.375,0.0,0.71869
-0.29166666666666674,0.38541666666666663,0.0,0.746009
-0.29166666666666674,0.3958333333333333,0.0,0.771107
-0.29166666666666674,0.40625,0.0,0.793991
-0.29166666666666674,0.41666666666666663,0.0,0.815175
-0.29166666666666674,0.4270833333333333,0.0,0.834515
-0.29166666666666674,0.4375,0.0,0.851572
-0.29166666666666674,0.44791666666666663,0.0,0.866725
-0.29166666666666674,0.4583333333333333,0.0,0.880627
-0.29166666666666674,0.46875,0.0,0.892885
-0.29166666666666674,0.47916666666666663,0.0,0.904107
-0.29166666666666674,0.4895833333333333,0.0,0.914294
-0.29166666666666674,0.5,0.0,0.923375
-0.25,0.0,0.0,-0.848284
-0.25,0.010416666666666666,0.0,-0.812345
-0.25,0.020833333333333332,0.0,-0.800877
-0.25,0.03125,0.0,-0.784392
-0.25,0.041666666666666664,0.0,-0.771209
-0.25,0.05208333333333333,0.0,-0.751592
-0.25,0.0625,0.0,-0.735305
-0.25,0.07291666666666666,0.0,-0.712571
-0.25,0.08333333333333333,0.0,-0.692986
-0.25,0.09375,0.0,-0.666234
-0.25,0.10416666666666666,0.0,-0.642245
-0.25,0.11458333333333333,0.0,-0.610181
-0.25,0.125,0.0,-0.580788
-0.25,0.13541666666666666,0.0,-0.542947
-0.25,0.14583333333333331,0.0,-0.507628
-0.25,0.15625,0.0,-0.463977
-0.25,0.16666666666666666,0.0,-0.422905
-0.25,0.17708333333333331,0.0,-0.374014
-0.25,0.1875,0.0,-0.327813
-0.25,0.19791666666666666,0.0,-0.274608
-0.25,0.20833333333333331,0.0,-0.224203
-0.25,0.21875,0.0,-0.168353
-0.25,0.22916666666666666,0.0,-0.114821
-0.25,0.23958333333333331,0.0,-0.0579034
-0.25,0.25,0.0,0.0
-0.25,0.26041666666666663,0.0,0.0588375
-0.25,0.2708333333333333,0.0,0.110104
-0.25,0.28125,0.0,0.168407
-0.25,0.29166666666666663,0.0,0.218756
-0.25,0.3020833333333333,0.0,0.274791
-0.25,0.3125,0.0,0.322576
-0.25,0.32291666666666663,0.0,0.375484
-0.25,0.3333333333333333,0.0,0.419939
-0.25,0.34375,0.0,0.468506
-0.25,0.35416666666666663,0.0,0.509251
-0.25,0.3645833333333333,0.0,0.552497
-0.25,0.375,0.0,0.589317
-0.25,0.38541666666666663,0.0,0.626833
-0.25,0.3958333333333333,0.0,0.660078
-0.25,0.40625,0.0,0.691663
-0.25,0.41666666666666663,0.0,0.721567
-0.25,0.4270833333333333,0.0,0.747884
-0.25,0.4375,0.0,0.771603
-0.25,0.44791666666666663,0.0,0.793589
-0.25,0.4583333333333333,0.0,0.814033
-0.25,0.46875,0.0,0.832685
-0.25,0.47916666666666663,0.0,0.849669
-0.25,0.4895833333333333,0.0,0.865124
-0.25,0.5,0.0,0.879079
-0.20833333333333337,0.0,0.0,-0.897328
-0.20833333333333337,0.010416666666666666,0.0,-0.856609
-0.20833333333333337,0.020833333333333332,0.0,-0.851727
-0.20833333333333337,0.03125,0.0,-0.840261
-0.20833333333333337,0.041666666666666664,0.0,-0.834087
-0.20833333333333337,0.05208333333333333,0.0,-0.819393
-0.20833333333333337,0.0625,0.0,-0.810591
-0.20833333333333337,0.07291666666666666,0.0,-0.793112
-0.20833333333333337,0.08333333333333333,0.0,-0.781843
-0.20833333333333337,0.09375,0.0,-0.76101
-0.20833333333333337,0.10416666666666666,0.0,-0.746599
-0.20833333333333337,0.11458333333333333,0.0,-0.721574
-0.20833333333333337,0.125,0.0,-0.702785
-0.20833333333333337,0.13541666666666666,0.0,-0.672774
-0.20833333333333337,0.14583333333333331,0.0,-0.648863
-0.20833333333333337,0.15625,0.0,-0.613324
-0.20833333333333337,0.16666666666666666,0.0,-0.583624
-0.20833333333333337,0.17708333333333331,0.0,-0.54237
-0.20833333333333337,0.1875,0.0,-0.507052
-0.20833333333333337,0.19791666666666666,0.0,-0.460305
-0.20833333333333337,0.20833333333333331,0.0,-0.419563
-0.20833333333333337,0.21875,0.0,-0.368178
-0.20833333333333337,0.22916666666666666,0.0,-0.322565
-0.20833333333333337,0.23958333333333331,0.0,-0.267776
-0.20833333333333337,0.25,0.0,-0.217414
-0.20833333333333337,0.26041666666666663,0.0,-0.15653
-0.20833333333333337,0.2708333333333333,0.0,-0.108326
-0.20833333333333337,0.28125,0.0,-0.0466962
-0.20833333333333337,0.29166666666666663,0.0,0.00277867
-0.20833333333333337,0.3020833333333333,0.0,0.0647096
-0.20833333333333337,0.3125,0.0,0.113996
-0.20833333333333337,0.32291666666666663,0.0,0.174732
-0.20833333333333337,0.3333333333333333,0.0,0.22273
-0.20833333333333337,0.34375,0.0,0.280874
-0.20833333333333337,0.35416666666666663,0.0,0.326634
-0.20833333333333337,0.3645833333333333,0.0,0.380931
-0.20833333333333337,0.375,0.0,0.42376
-0.20833333333333337,0.38541666666666663,0.0,0.472924
-0.20833333333333337,0.3958333333333333,0.0,0.512954
-0.20833333333333337,0.40625,0.0,0.55552
-0.20833333333333337,0.41666666666666663,0.0,0.593947
-0.20833333333333337,0.4270833333333333,0.0,0.627207
-0.20833333333333337,0.4375,0.0,0.659075
-0.20833333333333337,0.44791666666666663,0.0,0.689871
-0.20833333333333337,0.4583333333333333,0.0,0.718662
-0.20833333333333337,0.46875,0.0,0.745552
-0.20833333333333337,0.47916666666666663,0.0,0.77014
-0.20833333333333337,0.4895833333333333,0.0,0.792643
-0.20833333333333337,0.5,0.0,0.813227
-0.16666666666666674,0.0,0.0,-0.93111
-0.16666666666666674,0.010416666666666666,0.0,-0.887837
-0.16666666666666674,0.020833333333333332,0.0,-0.887855
-0.16666666666666674,0.03125,0.0,-0.880057
-0.16666666666666674,0.041666666666666664,0.0,-0.878897
-0.16666666666666674,0.05208333333333333,0.0,-0.867766
-0.16666666666666674,0.0625,0.0,-0.864609
-0.16666666666666674,0.07291666666666666,0.0,-0.851009
-0.16666666666666674,0.08333333333333333,0.0,-0.846086
-0.16666666666666674,0.09375,0.0,-0.829789
-0.16666666666666674,0.10416666666666666,0.0,-0.822817
-0.16666666666666674,0.11458333333333333,0.0,-0.803364
-0.16666666666666674,0.125,0.0,-0.793248
-0.16666666666666674,0.13541666666666666,0.0,-0.769818
-0.16666666666666674,0.14583333333333331,0.0,-0.755879
-0.16666666666666674,0.15625,0.0,-0.72778
-0.16666666666666674,0.16666666666666666,0.0,-0.708922
-0.16666666666666674,0.17708333333333331,0.0,-0.675526
-0.16666666666666674,0.1875,0.0,-0.651677
-0.16666666666666674,0.19791666666666666,0.0,-0.612662
-0.16666666666666674,0.20833333333333331,0.0,-0.583525
-0.16666666666666674,0.21875,0.0,-0.538854
-0.16666666666666674,0.22916666666666666,0.0,-0.504539
-0.16666666666666674,0.23958333333333331,0.0,-0.454642
-0.16666666666666674,0.25,0.0,-0.416118
-0.16666666666666674,0.26041666666666663,0.0,-0.358344
-0.16666666666666674,0.2708333333333333,0.0,-0.317321
-0.16666666666666674,0.28125,0.0,-0.25696
-0.16666666666666674,0.29166666666666663,0.0,-0.213088
-0.16666666666666674,0.3020833333333333,0.0,-0.149943
-0.16666666666666674,0.3125,0.0,-0.103908
-0.16666666666666674,0.32291666666666663,0.0,-0.0395722
-0.16666666666666674,0.3333333333333333,0.0,0.00743597
-0.16666666666666674,0.34375,0.0,0.0718727
-0.16666666666666674,0.35416666666666663,0.0,0.118527
-0.16666666666666674,0.3645833333333333,0.0,0.181844
-0.16666666666666674,0.375,0.0,0.22695
-0.16666666666666674,0.38541666666666663,0.0,0.287589
-0.16666666666666674,0.3958333333333333,0.0,0.330492
-0.16666666666666674,0.40625,0.0,0.386433
-0.16666666666666674,0.41666666666666663,0.0,0.427897
-0.16666666666666674,0.4270833333333333,0.0,0.468203
-0.16666666666666674,0.4375,0.0,0.509919
-0.16666666666666674,0.44791666666666663,0.0,0.550886
-0.16666666666666674,0.4583333333333333,0.0,0.589182
-0.16666666666666674,0.46875,0.0,0.625519
-0.16666666666666674,0.47916666666666663,0.0,0.659189
-0.16666666666666674,0.4895833333333333,0.0,0.690332
-0.16666666666666674,0.5,0.0,0.71934
-0.125,0.0,0.0,-0.954045
-0.125,0.010416666666666666,0.0,-0.910921
-0.125,0.020833333333333332,0.0,-0.914266
-0.125,0.03125,0.0,-0.908902
-0.125,0.041666666666666664,0.0,-0.911104
-0.125,0.05208333333333333,0.0,-0.902287
-0.125,0.0625,0.0,-0.903055
-0.125,0.07291666666666666,0.0,-0.892129
-0.125,0.08333333333333333,0.0,-0.891696
-0.125,0.09375,0.0,-0.878716
-0.125,0.10416666666666666,0.0,-0.877048
-0.125,0.11458333333333333,0.0,-0.861665
-0.125,0.125,0.0,-0.857953
-0.125,0.13541666666666666,0.0,-0.839487
-0.125,0.14583333333333331,0.0,-0.833213
-0.125,0.15625,0.0,-0.811071
-0.125,0.16666666666666666,0.0,-0.801231
-0.125,0.17708333333333331,0.0,-0.774672
-0.125,0.1875,0.0,-0.761043
-0.125,0.19791666666666666,0.0,-0.729432
-0.125,0.20833333333333331,0.0,-0.711537
-0.125,0.21875,0.0,-0.674289
-0.125,0.22916666666666666,0.0,-0.651925
-0.125,0.23958333333333331,0.0,-0.608764
-0.125,0.25,0.0,-0.582589
-0.125,0.26041666666666663,0.0,-0.53211
-0.125,0.2708333333333333,0.0,-0.500946
-0.125,0.28125,0.0,-0.445923
-0.125,0.29166666666666663,0.0,-0.41095
-0.125,0.3020833333333333,0.0,-0.351448
-0.125,0.3125,0.0,-0.312673
-0.125,0.32291666666666663,0.0,-0.249741
-0.125,0.3333333333333333,0.0,-0.208144
-0.125,0.34375,0.0,-0.142324
-0.125,0.35416666666666663,0.0,-0.0992131
-0.125,0.3645833333333333,0.0,-0.0313242
-0.125,0.375,0.0,0.0117453
-0.125,0.38541666666666663,0.0,0.0806861
-0.125,0.3958333333333333,0.0,0.121769
-0.125,0.40625,0.0,0.190998
-0.125,0.41666666666666663,0.0,0.224414
-0.125,0.4270833333333333,0.0,0.274463
-0.125,0.4375,0.0,0.326499
-0.125,0.44791666666666663,0.0,0.377047
-0.125,0.4583333333333333,0.0,0.424344
-0.125,0.46875,0.0,0.470048
-0.125,0.47916666666666663,0.0,0.513042
-0.125,0.4895833333333333,0.0,0.553567
-0.125,0.5,0.0,0.592049
-0.08333333333333337,0.0,0.0,-0.969466
-0.08333333333333337,0.010416666666666666,0.0,-0.929383
-0.08333333333333337,0.020833333333333332,0.0,-0.934437
-0.08333333333333337,0.03125,0.0,-0.930564
-0.08333333333333337,0.041666666666666664,0.0,-0.934787
-0.08333333333333337,0.05208333333333333,0.0,-0.927313
-0.08333333333333337,0.0625,0.0,-0.930589
-0.08333333333333337,0.07291666666666666,0.0,-0.921416
-0.08333333333333337,0.08333333333333333,0.0,-0.923993
-0.08333333333333337,0.09375,0.0,-0.913379
-0.08333333333333337,0.10416666666666666,0.0,-0.915198
-0.08333333333333337,0.11458333333333333,0.0,-0.902648
-0.08333333333333337,0.125,0.0,-0.903238
-0.08333333333333337,0.13541666666666666,0.0,-0.888274
-0.08333333333333337,0.14583333333333331,0.0,-0.887269
-0.08333333333333337,0.15625,0.0,-0.86953
-0.08333333333333337,0.16666666666666666,0.0,-0.866402
-0.08333333333333337,0.17708333333333331,0.0,-0.845223
-0.08333333333333337,0.1875,0.0,-0.839555
-0.08333333333333337,0.19791666666666666,0.0,-0.814227
-0.08333333333333337,0.20833333333333331,0.0,-0.805578
-0.08333333333333337,0.21875,0.0,-0.775393
-0.08333333333333337,0.22916666666666666,0.0,-0.763344
-0.08333333333333337,0.23958333333333331,0.0,-0.727694
-0.08333333333333337,0.25,0.0,-0.712167
-0.08333333333333337,0.26041666666666663,0.0,-0.670708
-0.08333333333333337,0.2708333333333333,0.0,-0.6499
-0.08333333333333337,0.28125,0.0,-0.602933
-0.08333333333333337,0.29166666666666663,0.0,-0.577948
-0.08333333333333337,0.3020833333333333,0.0,-0.525846
-0.08333333333333337,0.3125,0.0,-0.496407
-0.08333333333333337,0.32291666666666663,0.0,-0.43941
-0.08333333333333337,0.3333333333333333,0.0,-0.406061
-0.08333333333333337,0.34375,0.0,-0.344243
-0.08333333333333337,0.35416666666666663,0.0,-0.307867
-0.08333333333333337,0.3645833333333333,0.0,-0.241496
-0.08333333333333337,0.375,0.0,-0.203565
-0.08333333333333337,0.38541666666666663,0.0,-0.132882
-0.08333333333333337,0.3958333333333333,0.0,-0.0959499
-0.08333333333333337,0.40625,0.0,-0.0202382
-0.08333333333333337,0.41666666666666663,0.0,0.0
-0.08333333333333337,0.4270833333333333,0.0,0.060916
-0.08333333333333337,0.4375,0.0,0.11922
-0.08333333333333337,0.44791666666666663,0.0,0.175974
-0.08333333333333337,0.4583333333333333,0.0,0.229547
-0.08333333333333337,0.46875,0.0,0.282734
-0.08333333333333337,0.47916666666666663,0.0,0.333264
-0.08333333333333337,0.4895833333333333,0.0,0.382484
-0.08333333333333337,0.5,0.0,0.427999
-0.04166666666666674,0.0,0.0,-0.979765
-0.04166666666666674,0.010416666666666666,0.0,-0.945587
-0.04166666666666674,0.020833333333333332,0.0,-0.950594
-0.04166666666666674,0.03125,0.0,-0.947732
-0.04166666666666674,0.041666666666666664,0.0,-0.95263
-0.04166666666666674,0.05208333333333333,0.0,-0.945984
-0.04166666666666674,0.0625,0.0,-0.95066
-0.04166666666666674,0.07291666666666666,0.0,-0.942638
-0.04166666666666674,0.08333333333333333,0.0,-0.947182
-0.04166666666666674,0.09375,0.0,-0.938191
-0.04166666666666674,0.10416666666666666,0.0,-0.942049
-0.04166666666666674,0.11458333333333333,0.0,-0.931406
-0.04166666666666674,0.125,0.0,-0.934598
-0.04166666666666674,0.13541666666666666,0.0,-0.922039
-0.04166666666666674,0.14583333333333331,0.0,-0.924321
-0.04166666666666674,0.15625,0.0,-0.909737
-0.04166666666666674,0.16666666666666666,0.0,-0.911085
-0.04166666666666674,0.17708333333333331,0.0,-0.893974
-0.04166666666666674,0.1875,0.0,-0.893773
-0.04166666666666674,0.19791666666666666,0.0,-0.873505
-0.04166666666666674,0.20833333333333331,0.0,-0.871427
-0.04166666666666674,0.21875,0.0,-0.84743
-0.04166666666666674,0.22916666666666666,0.0,-0.842937
-0.04166666666666674,0.23958333333333331,0.0,-0.814586
-0.04166666666666674,0.25,0.0,-0.807088
-0.04166666666666674,0.26041666666666663,0.0,-0.774384
-0.04166666666666674,0.2708333333333333,0.0,-0.762518
-0.04166666666666674,0.28125,0.0,-0.72468
-0.04166666666666674,0.29166666666666663,0.0,-0.708767
-0.04166666666666674,0.3020833333333333,0.0,-0.666023
-0.04166666666666674,0.3125,0.0,-0.645803
-0.04166666666666674,0.32291666666666663,0.0,-0.597803
-0.04166666666666674,0.3333333333333333,0.0,-0.573318
-0.04166666666666674,0.34375,0.0,-0.519907
-0.04166666666666674,0.35416666666666663,0.0,-0.491407
-0.04166666666666674,0.3645833333333333,0.0,-0.432501
-0.04166666666666674,0.375,0.0,-0.400755
-0.04166666666666674,0.38541666666666663,0.0,-0.33633
-0.04166666666666674,0.3958333333333333,0.0,-0.302685
-0.04166666666666674,0.40625,0.0,-0.233266
-0.04166666666666674,0.41666666666666663,0.0,-0.20312
-0.04166666666666674,0.4270833333333333,0.0,-0.151259
-0.04166666666666674,0.4375,0.0,-0.0955468
-0.04166666666666674,0.44791666666666663,0.0,-0.0379322
-0.04166666666666674,0.4583333333333333,0.0,0.0174004
-0.04166666666666674,0.46875,0.0,0.0743197
-0.04166666666666674,0.47916666666666663,0.0,0.128627
-0.04166666666666674,0.4895833333333333,0.0,0.184089
-0.04166666666666674,0.5,0.0,0.22647
0.0,0.0,0.0,-0.986614
0.0,0.010416666666666666,0.0,-0.960805
0.0,0.020833333333333332,0.0,-0.964141
0.0,0.03125,0.0,-0.9623
0.0,0.041666666666666664,0.0,-0.966196
0.0,0.05208333333333333,0.0,-0.960586
0.0,0.0625,0.0,-0.965633
0.0,0.07291666666666666,0.0,-0.958599
0.0,0.08333333333333333,0.0,-0.964332
0.0,0.09375,0.0,-0.956304
0.0,0.10416666666666666,0.0,-0.961077
0.0,0.11458333333333333,0.0,-0.95167
0.0,0.125,0.0,-0.956214
0.0,0.13541666666666666,0.0,-0.945362
0.0,0.14583333333333331,0.0,-0.949512
0.0,0.15625,0.0,-0.937229
0.0,0.16666666666666666,0.0,-0.941174
0.0,0.17708333333333331,0.0,-0.92717
0.0,0.1875,0.0,-0.930223
0.0,0.19791666666666666,0.0,-0.914019
0.0,0.20833333333333331,0.0,-0.915948
0.0,0.21875,0.0,-0.897139
0.0,0.22916666666666666,0.0,-0.897397
0.0,0.23958333333333331,0.0,-0.875493
0.0,0.25,0.0,-0.873362
0.0,0.26041666666666663,0.0,-0.848239
0.0,0.2708333333333333,0.0,-0.842875
0.0,0.28125,0.0,-0.813854
0.0,0.29166666666666663,0.0,-0.804928
0.0,0.3020833333333333,0.0,-0.77179
0.0,0.3125,0.0,-0.759096
0.0,0.32291666666666663,0.0,-0.721311
0.0,0.3333333333333333,0.0,-0.704504
0.0,0.34375,0.0,-0.6619
0.0,0.35416666666666663,0.0,-0.64065
0.0,0.3645833333333333,0.0,-0.59312
0.0,0.375,0.0,-0.567156
0.0,0.38541666666666663,0.0,-0.514852
0.0,0.3958333333333333,0.0,-0.483739
0.0,0.40625,0.0,-0.428673
0.0,0.41666666666666663,0.0,-0.390425
0.0,0.4270833333333333,0.0,-0.347367
0.0,0.4375,0.0,-0.299877
0.0,0.44791666666666663,0.0,-0.24698
0.0,0.4583333333333333,0.0,-0.194812
0.0,0.46875,0.0,-0.139134
0.0,0.47916666666666663,0.0,-0.0855348
0.0,0.4895833333333333,0.0,-0.0283368
0.0,0.5,0.0,0.0
0.04166666666666652,0.0,0.0,-0.991155
0.04166666666666652,0.010416666666666666,0.0,-0.975105
0.04166666666666652,0.020833333333333332,0.0,-0.97607
0.04166666666666652,0.03125,0.0,-0.975354
0.04166666666666652,0.041666666666666664,0.0,-0.97628
0.04166666666666652,0.05208333333333333,0.0,-0.972957
0.04166666666666652,0.0625,0.0,-0.976986
0.04166666666666652,0.07291666666666666,0.0,-0.971498
0.04166666666666652,0.08333333333333333,0.0,-0.97747
0.04166666666666652,0.09375,0.0,-0.969767
0.04166666666666652,0.10416666666666666,0.0,-0.974621
0.04166666666666652,0.11458333333333333,0.0,-0.966016
0.04166666666666652,0.125,0.0,-0.971052
0.04166666666666652,0.13541666666666666,0.0,-0.961548
0.04166666666666652,0.14583333333333331,0.0,-0.966593
0.04166666666666652,0.15625,0.0,-0.956115
0.04166666666666652,0.16666666666666666,0.0,-0.961236
0.04166666666666652,0.17708333333333331,0.0,-0.949702
0.04166666666666652,0.1875,0.0,-0.954336
0.04166666666666652,0.19791666666666666,0.0,-0.941445
0.04166666666666652,0.20833333333333331,0.0,-0.945347
0.04166666666666652,0.21875,0.0,-0.930801
0.04166666666666652,0.22916666666666666,0.0,-0.933549
0.04166666666666652,0.23958333333333331,0.0,-0.917005
0.04166666666666652,0.25,0.0,-0.917972
0.04166666666666652,0.26041666666666663,0.0,-0.899135
0.04166666666666652,0.2708333333333333,0.0,-0.897746
0.04166666666666652,0.28125,0.0,-0.876376
0.04166666666666652,0.29166666666666663,0.0,-0.872088
0.04166666666666652,0.3020833333333333,0.0,-0.847655
0.04166666666666652,0.3125,0.0,-0.840208
0.04166666666666652,0.32291666666666663,0.0,-0.812259
0.04166666666666652,0.3333333333333333,0.0,-0.801135
0.04166666666666652,0.34375,0.0,-0.769565
0.04166666666666652,0.35416666666666663,0.0,-0.754088
0.04166666666666652,0.3645833333333333,0.0,-0.718937
0.04166666666666652,0.375,0.0,-0.697986
0.04166666666666652,0.38541666666666663,0.0,-0.659533
0.04166666666666652,0.3958333333333333,0.0,-0.63183
0.04166666666666652,0.40625,0.0,-0.591806
0.04166666666666652,0.41666666666666663,0.0,-0.554983
0.04166666666666652,0.4270833333333333,0.0,-0.51808
0.04166666666666652,0.4375,0.0,-0.479739
0.04166666666666652,0.44791666666666663,0.0,-0.435233
0.04166666666666652,0.4583333333333333,0.0,-0.390002
0.04166666666666652,0.46875,0.0,-0.340365
0.04166666666666652,0.47916666666666663,0.0,-0.291221
0.04166666666666652,0.4895833333333333,0.0,-0.238194
0.04166666666666652,0.5,0.0,-0.19744
0.08333333333333326,0.0,0.0,-0.994161
0.08333333333333326,0.010416666666666666,0.0,-0.98748
0.08333333333333326,0.020833333333333332,0.0,-0.98695
0.08333333333333326,0.03125,0.0,-0.986828
0.08333333333333326,0.041666666666666664,0.0,-0.983393
0.08333333333333326,0.05208333333333333,0.0,-0.984368
0.08333333333333326,0.0625,0.0,-0.985483
0.08333333333333326,0.07291666666666666,0.0,-0.982906
0.08333333333333326,0.08333333333333333,0.0,-0.987519
0.08333333333333326,0.09375,0.0,-0.979772
0.08333333333333326,0.10416666666666666,0.0,-0.98416
0.08333333333333326,0.11458333333333333,0.0,-0.976236
0.08333333333333326,0.125,0.0,-0.981158
0.08333333333333326,0.13541666666666666,0.0,-0.972904
0.08333333333333326,0.14583333333333331,0.0,-0.978117
0.08333333333333326,0.15625,0.0,-0.969226
0.08333333333333326,0.16666666666666666,0.0,-0.97455
0.08333333333333326,0.17708333333333331,0.0,-0.965068
0.08333333333333326,0.1875,0.0,-0.970181
0.08333333333333326,0.19791666666666666,0.0,-0.959996
0.08333333333333326,0.20833333333333331,0.0,-0.964484
0.08333333333333326,0.21875,0.0,-0.953413
0.08333333333333326,0.22916666666666666,0.0,-0.957086
0.08333333333333326,0.23958333333333331,0.0,-0.944848
0.08333333333333326,0.25,0.0,-0.947205
0.08333333333333326,0.26041666666666663,0.0,-0.933478
0.08333333333333326,0.2708333333333333,0.0,-0.934069
0.08333333333333326,0.28125,0.0,-0.918861
0.08333333333333326,0.29166666666666663,0.0,-0.917227
0.08333333333333326,0.3020833333333333,0.0,-0.90002
0.08333333333333326,0.3125,0.0,-0.895774
0.08333333333333326,0.32291666666666663,0.0,-0.87626
0.08333333333333326,0.3333333333333333,0.0,-0.868897
0.08333333333333326,0.34375,0.0,-0.847002
0.08333333333333326,0.35416666666666663,0.0,-0.835767
0.08333333333333326,0.3645833333333333,0.0,-0.811604
0.08333333333333326,0.375,0.0,-0.795107
0.08333333333333326,0.38541666666666663,0.0,-0.768796
0.08333333333333326,0.3958333333333333,0.0,-0.745996
0.08333333333333326,0.40625,0.0,-0.717912
0.08333333333333326,0.41666666666666663,0.0,-0.688397
0.08333333333333326,0.4270833333333333,0.0,-0.657804
0.08333333333333326,0.4375,0.0,-0.627515
0.08333333333333326,0.44791666666666663,0.0,-0.59251
0.08333333333333326,0.4583333333333333,0.0,-0.55601
0.08333333333333326,0.46875,0.0,-0.515355
0.08333333333333326,0.47916666666666663,0.0,-0.473474
0.08333333333333326,0.4895833333333333,0.0,-0.428451
0.08333333333333326,0.5,0.0,-0.384063
0.125,0.0,0.0,0.0
0.125,0.010416666666666666,0.0,0.0
0.125,0.020833333333333332,0.0,0.0
0.125,0.03125,0.0,0.0
0.125,0.041666666666666664,0.0,-0.988348
0.125,0.05208333333333333,0.0,0.0
0.125,0.0625,0.0,-0.991463
0.125,0.07291666666666666,0.0,0.0
0.125,0.08333333333333333,0.0,-0.994366
0.125,0.09375,0.0,-0.987001
0.125,0.10416666666666666,0.0,-0.99062
0.125,0.11458333333333333,0.0,-0.983602
0.125,0.125,0.0,-0.987931
0.125,0.13541666666666666,0.0,-0.981006
0.125,0.14583333333333331,0.0,-0.985788
0.125,0.15625,0.0,-0.978459
0.125,0.16666666666666666,0.0,-0.983345
0.125,0.17708333333333331,0.0,-0.975661
0.125,0.1875,0.0,-0.980586
0.125,0.19791666666666666,0.0,-0.972574
0.125,0.20833333333333331,0.0,-0.976878
0.125,0.21875,0.0,-0.968603
0.125,0.22916666666666666,0.0,-0.972252
0.125,0.23958333333333331,0.0,-0.963385
0.125,0.25,0.0,-0.966001
0.125,0.26041666666666663,0.0,-0.956305
0.125,0.2708333333333333,0.0,-0.957612
0.125,0.28125,0.0,-0.94711
0.125,0.29166666666666663,0.0,-0.946761
0.125,0.3020833333333333,0.0,-0.935152
0.125,0.3125,0.0,-0.932682
0.125,0.32291666666666663,0.0,-0.91977
0.125,0.3333333333333333,0.0,-0.914757
0.125,0.34375,0.0,-0.900424
0.125,0.35416666666666663,0.0,-0.892217
0.125,0.3645833333333333,0.0,-0.876494
0.125,0.375,0.0,-0.864049
0.125,0.38541666666666663,0.0,-0.84674
0.125,0.3958333333333333,0.0,-0.829578
0.125,0.40625,0.0,-0.81001
0.125,0.41666666666666663,0.0,-0.788725
0.125,0.4270833333333333,0.0,-0.765225
0.125,0.4375,0.0,-0.741822
0.125,0.44791666666666663,0.0,-0.715592
0.125,0.4583333333333333,0.0,-0.687782
0.125,0.46875,0.0,-0.656694
0.125,0.47916666666666663,0.0,-0.623472
0.125,0.4895833333333333,0.0,-0.587734
0.125,0.5,0.0,-0.549509
0.16666666666666652,0.0,0.0,-0.997458
0.16666666666666652,0.010416666666666666,0.0,-0.998253
0.16666666666666652,0.020833333333333332,0.0,-0.997328
0.16666666666666652,0.03125,0.0,-0.9976
0.16666666666666652,0.041666666666666664,0.0,-0.992146
0.16666666666666652,0.05208333333333333,0.0,-0.995922
0.16666666666666652,0.0625,0.0,-0.99522
0.16666666666666652,0.07291666666666666,0.0,-0.994859
0.16666666666666652,0.08333333333333333,0.0,-0.997795
0.16666666666666652,0.09375,0.0,-0.991955
0.16666666666666652,0.10416666666666666,0.0,-0.994644
0.16666666666666652,0.11458333333333333,0.0,-0.988984
0.16666666666666652,0.125,0.0,-0.992332
0.16666666666666652,0.13541666666666666,0.0,-0.986922
0.16666666666666652,0.14583333333333331,0.0,-0.990769
0.16666666666666652,0.15625,0.0,-0.985108
0.16666666666666652,0.16666666666666666,0.0,-0.989079
0.16666666666666652,0.17708333333333331,0.0,-0.983119
0.16666666666666652,0.1875,0.0,-0.987361
0.16666666666666652,0.19791666666666666,0.0,-0.981116
0.16666666666666652,0.20833333333333331,0.0,-0.984961
0.16666666666666652,0.21875,0.0,-0.97885
0.16666666666666652,0.22916666666666666,0.0,-0.982006
0.16666666666666652,0.23958333333333331,0.0,-0.975667
0.16666666666666652,0.25,0.0,-0.97792
0.16666666666666652,0.26041666666666663,0.0,-0.971278
0.16666666666666652,0.2708333333333333,0.0,-0.972655
0.16666666666666652,0.28125,0.0,-0.965605
0.16666666666666652,0.29166666666666663,0.0,-0.96577
0.16666666666666652,0.3020833333333333,0.0,-0.958218
0.16666666666666652,0.3125,0.0,-0.956737
0.16666666666666652,0.32291666666666663,0.0,-0.948584
0.16666666666666652,0.3333333333333333,0.0,-0.945062
0.16666666666666652,0.34375,0.0,-0.936114
0.16666666666666652,0.35416666666666663,0.0,-0.930098
0.16666666666666652,0.3645833333333333,0.0,-0.920213
0.16666666666666652,0.375,0.0,-0.911327
0.16666666666666652,0.38541666666666663,0.0,-0.90007
0.16666666666666652,0.3958333333333333,0.0,-0.888133
0.16666666666666652,0.40625,0.0,-0.874577
0.16666666666666652,0.41666666666666663,0.0,-0.859988
0.16666666666666652,0.4270833333333333,0.0,-0.843239
0.16666666666666652,0.4375,0.0,-0.825817
0.16666666666666652,0.44791666666666663,0.0,-0.806824
0.16666666666666652,0.4583333333333333,0.0,-0.786535
0.16666666666666652,0.46875,0.0,-0.76391
0.16666666666666652,0.47916666666666663,0.0,-0.739175
0.16666666666666652,0.4895833333333333,0.0,-0.712321
0.16666666666666652,0.5,0.0,-0.683037
0.20833333333333326,0.0,0.0,0.0
0.20833333333333326,0.010416666666666666,0.0,0.0
0.20833333333333326,0.020833333333333332,0.0,0.0
0.20833333333333326,0.03125,0.0,0.0
0.20833333333333326,0.041666666666666664,0.0,-0.994997
0.20833333333333326,0.05208333333333333,0.0,0.0
0.20833333333333326,0.0625,0.0,-0.997246
0.20833333333333326,0.07291666666666666,0.0,0.0
0.20833333333333326,0.08333333333333333,0.0,-0.998837
0.20833333333333326,0.09375,0.0,-0.995102
0.20833333333333326,0.10416666666666666,0.0,-0.996783
0.20833333333333326,0.11458333333333333,0.0,-0.992934
0.20833333333333326,0.125,0.0,-0.995031
0.20833333333333326,0.13541666666666666,0.0,-0.991367
0.20833333333333326,0.14583333333333331,0.0,-0.993875
0.20833333333333326,0.15625,0.0,-0.990061
0.20833333333333326,0.16666666666666666,0.0,-0.992684
0.20833333333333326,0.17708333333333331,0.0,-0.988575
0.20833333333333326,0.1875,0.0,-0.991567
0.20833333333333326,0.19791666666666666,0.0,-0.987016
0.20833333333333326,0.20833333333333331,0.0,-0.990373
0.20833333333333326,0.21875,0.0,-0.985771
0.20833333333333326,0.22916666666666666,0.0,-0.988313
0.20833333333333326,0.23958333333333331,0.0,-0.983696
0.20833333333333326,0.25,0.0,-0.985393
0.20833333333333326,0.26041666666666663,0.0,-0.98099
0.20833333333333326,0.2708333333333333,0.0,-0.982182
0.20833333333333326,0.28125,0.0,-0.977577
0.20833333333333326,0.29166666666666663,0.0,-0.9779
0.20833333333333326,0.3020833333333333,0.0,-0.973109
0.20833333333333326,0.3125,0.0,-0.972264
0.20833333333333326,0.32291666666666663,0.0,-0.967268
0.20833333333333326,0.3333333333333333,0.0,-0.964786
0.20833333333333326,0.34375,0.0,-0.959349
0.20833333333333326,0.35416666666666663,0.0,-0.955031
0.20833333333333326,0.3645833333333333,0.0,-0.948876
0.20833333333333326,0.375,0.0,-0.942868
0.20833333333333326,0.38541666666666663,0.0,-0.93554
0.20833333333333326,0.3958333333333333,0.0,-0.9277
0.20833333333333326,0.40625,0.0,-0.918477
0.20833333333333326,0.41666666666666663,0.0,-0.908683
0.20833333333333326,0.4270833333333333,0.0,-0.897333
0.20833333333333326,0.4375,0.0,-0.884975
0.20833333333333326,0.44791666666666663,0.0,-0.871577
0.20833333333333326,0.4583333333333333,0.0,-0.857245
0.20833333333333326,0.46875,0.0,-0.841296
0.20833333333333326,0.47916666666666663,0.0,-0.823789
0.20833333333333326,0.4895833333333333,0.0,-0.804506
0.20833333333333326,0.5,0.0,-0.783261
0.25,0.0,0.0,-0.998894
0.25,0.010416666666666666,0.0,-0.99864
0.25,0.020833333333333332,0.0,-0.998492
0.25,0.03125,0.0,-0.998397
0.25,0.041666666666666664,0.0,-0.997299
0.25,0.05208333333333333,0.0,-0.997959
0.25,0.0625,0.0,-0.998189
0.25,0.07291666666666666,0.0,-0.997556
0.25,0.08333333333333333,0.0,-0.998644
0.25,0.09375,0.0,-0.997002
0.25,0.10416666666666666,0.0,-0.997615
0.25,0.11458333333333333,0.0,-0.995806
0.25,0.125,0.0,-0.996554
0.25,0.13541666666666666,0.0,-0.994782
0.25,0.14583333333333331,0.0,-0.99571
0.25,0.15625,0.0,-0.993852
0.25,0.16666666666666666,0.0,-0.994807
0.25,0.17708333333333331,0.0,-0.992729
0.25,0.1875,0.0,-0.99389
0.25,0.19791666666666666,0.0,-0.99138
0.25,0.20833333333333331,0.0,-0.994093
0.25,0.21875,0.0,-0.9904
0.25,0.22916666666666666,0.0,-0.992417
0.25,0.23958333333333331,0.0,-0.988764
0.25,0.25,0.0,-0.990059
0.25,0.26041666666666663,0.0,-0.987269
0.25,0.2708333333333333,0.0,-0.988205
0.25,0.28125,0.0,-0.985277
0.25,0.29166666666666663,0.0,-0.985618
0.25,0.3020833333333333,0.0,-0.982605
0.25,0.3125,0.0,-0.982214
0.25,0.32291666666666663,0.0,-0.979144
0.25,0.3333333333333333,0.0,-0.977488
0.25,0.34375,0.0,-0.974141
0.25,0.35416666666666663,0.0,-0.971257
0.25,0.3645833333333333,0.0,-0.967316
0.25,0.375,0.0,-0.963435
0.25,0.38541666666666663,0.0,-0.958693
0.25,0.3958333333333333,0.0,-0.953689
0.25,0.40625,0.0,-0.947607
0.25,0.41666666666666663,0.0,-0.941106
0.25,0.4270833333333333,0.0,-0.933576
0.25,0.4375,0.0,-0.925219
0.25,0.44791666666666663,0.0,-0.915994
0.25,0.4583333333333333,0.0,-0.906122
0.25,0.46875,0.0,-0.895114
0.25,0.47916666666666663,0.0,-0.883158
0.25,0.4895833333333333,0.0,-0.869787
0.25,0.5,0.0,-0.854838
0.2916666666666665,0.0,0.0,0.0
0.2916666666666665,0.010416666666666666,0.0,0.0
0.2916666666666665,0.020833333333333332,0.0,0.0
0.2916666666666665,0.03125,0.0,0.0
0.2916666666666665,0.041666666666666664,0.0,0.0
0.2916666666666665,0.05208333333333333,0.0,0.0
0.2916666666666665,0.0625,0.0,0.0
0.2916666666666665,0.07291666666666666,0.0,0.0
0.2916666666666665,0.08333333333333333,0.0,0.0
0.2916666666666665,0.09375,0.0,0.0
0.2916666666666665,0.10416666666666666,0.0,0.0
0.2916666666666665,0.11458333333333333,0.0,0.0
0.2916666666666665,0.125,0.0,0.0
0.2916666666666665,0.13541666666666666,0.0,0.0
0.2916666666666665,0.14583333333333331,0.0,0.0
0.2916666666666665,0.15625,0.0,0.0
0.2916666666666665,0.16666666666666666,0.0,0.0
0.2916666666666665,0.17708333333333331,0.0,0.0
0.2916666666666665,0.1875,0.0,0.0
0.2916666666666665,0.19791666666666666,0.0,0.0
0.2916666666666665,0.20833333333333331,0.0,-0.996565
0.2916666666666665,0.21875,0.0,0.0
0.2916666666666665,0.22916666666666666,0.0,-0.995088
0.2916666666666665,0.23958333333333331,0.0,0.0
0.2916666666666665,0.25,0.0,-0.993077
0.2916666666666665,0.26041666666666663,0.0,-0.991364
0.2916666666666665,0.2708333333333333,0.0,-0.992049
0.2916666666666665,0.28125,0.0,-0.990227
0.2916666666666665,0.29166666666666663,0.0,-0.990522
0.2916666666666665,0.3020833333333333,0.0,-0.988624
0.2916666666666665,0.3125,0.0,-0.988489
0.2916666666666665,0.32291666666666663,0.0,-0.986535
0.2916666666666665,0.3333333333333333,0.0,-0.985576
0.2916666666666665,0.34375,0.0,-0.983356
0.2916666666666665,0.35416666666666663,0.0,-0.981711
0.2916666666666665,0.3645833333333333,0.0,-0.978964
0.2916666666666665,0.375,0.0,-0.976611
0.2916666666666665,0.38541666666666663,0.0,-0.973578
0.2916666666666665,0.3958333333333333,0.0,-0.970397
0.2916666666666665,0.40625,0.0,-0.966545
0.2916666666666665,0.41666666666666663,0.0,-0.962248
0.2916666666666665,0.4270833333333333,0.0,-0.957252
0.2916666666666665,0.4375,0.0,-0.951819
0.2916666666666665,0.44791666666666663,0.0,-0.945647
0.2916666666666665,0.4583333333333333,0.0,-0.938992
0.2916666666666665,0.46875,0.0,-0.931544
0.2916666666666665,0.47916666666666663,0.0,-0.92353
0.2916666666666665,0.4895833333333333,0.0,-0.914481
0.2916666666666665,0.5,0.0,-0.904247
0.33333333333333326,0.0,0.0,-0.999519
0.33333333333333326,0.010416666666666666,0.0,0.0
0.33333333333333326,0.020833333333333332,0.0,-0.999423
0.33333333333333326,0.03125,0.0,0.0
0.33333333333333326,0.041666666666666664,0.0,-0.99938
0.33333333333333326,0.05208333333333333,0.0,0.0
0.33333333333333326,0.0625,0.0,-0.999055
0.33333333333333326,0.07291666666666666,0.0,0.0
0.33333333333333326,0.08333333333333333,0.0,-0.998738
0.33333333333333326,0.09375,0.0,-0.998777
0.33333333333333326,0.10416666666666666,0.0,-0.998529
0.33333333333333326,0.11458333333333333,0.0,-0.998568
0.33333333333333326,0.125,0.0,-0.998262
0.33333333333333326,0.13541666666666666,0.0,-0.99824
0.33333333333333326,0.14583333333333331,0.0,-0.997871
0.33333333333333326,0.15625,0.0,-0.997829
0.33333333333333326,0.16666666666666666,0.0,-0.997374
0.33333333333333326,0.17708333333333331,0.0,-0.997253
0.33333333333333326,0.1875,0.0,-0.996767
0.33333333333333326,0.19791666666666666,0.0,-0.99637
0.33333333333333326,0.20833333333333331,0.0,-0.997971
0.33333333333333326,0.21875,0.0,-0.995713
0.33333333333333326,0.22916666666666666,0.0,-0.996795
0.33333333333333326,0.23958333333333331,0.0,-0.9947
0.33333333333333326,0.25,0.0,-0.995184
0.33333333333333326,0.26041666666666663,0.0,-0.994085
0.33333333333333326,0.2708333333333333,0.0,-0.994556
0.33333333333333326,0.28125,0.0,-0.993432
0.33333333333333326,0.29166666666666663,0.0,-0.993621
0.33333333333333326,0.3020833333333333,0.0,-0.992428
0.33333333333333326,0.3125,0.0,-0.992327
0.33333333333333326,0.32291666666666663,0.0,-0.991042
0.33333333333333326,0.3333333333333333,0.0,-0.990611
0.33333333333333326,0.34375,0.0,-0.988984
0.33333333333333326,0.35416666666666663,0.0,-0.988297
0.33333333333333326,0.3645833333333333,0.0,-0.986116
0.33333333333333326,0.375,0.0,-0.984993
0.33333333333333326,0.38541666666666663,0.0,-0.98296
0.33333333333333326,0.3958333333333333,0.0,-0.980968
0.33333333333333326,0.40625,0.0,-0.978582
0.33333333333333326,0.41666666666666663,0.0,-0.975694
0.33333333333333326,0.4270833333333333,0.0,-0.972408
0.33333333333333326,0.4375,0.0,-0.968994
0.33333333333333326,0.44791666666666663,0.0,-0.965011
0.33333333333333326,0.4583333333333333,0.0,-0.960616
0.33333333333333326,0.46875,0.0,-0.955712
0.33333333333333326,0.47916666666666663,0.0,-0.950341
0.33333333333333326,0.4895833333333333,0.0,-0.944319
0.33333333333333326,0.5,0.0,-0.937538
0.375,0.0,0.0,0.0
0.375,0.010416666666666666,0.0,0.0
0.375,0.020833333333333332,0.0,0.0
0.375,0.03125,0.0,0.0
0.375,0.041666666666666664,0.0,0.0
0.375,0.05208333333333333,0.0,0.0
0.375,0.0625,0.0,0.0
0.375,0.07291666666666666,0.0,0.0
0.375,0.08333333333333333,0.0,0.0
0.375,0.09375,0.0,0.0
0.375,0.10416666666666666,0.0,0.0
0.375,0.11458333333333333,0.0,0.0
0.375,0.125,0.0,0.0
0.375,0.13541666666666666,0.0,0.0
0.375,0.14583333333333331,0.0,0.0
0.375,0.15625,0.0,0.0
0.375,0.16666666666666666,0.0,0.0
0.375,0.17708333333333331,0.0,0.0
0.375,0.1875,0.0,0.0
0.375,0.19791666666666666,0.0,0.0
0.375,0.20833333333333331,0.0,-0.998627
0.375,0.21875,0.0,0.0
0.375,0.22916666666666666,0.0,-0.997824
0.375,0.23958333333333331,0.0,0.0
0.375,0.25,0.0,-0.996666
0.375,0.26041666666666663,0.0,-0.995944
0.375,0.2708333333333333,0.0,-0.996213
0.375,0.28125,0.0,-0.99551
0.375,0.29166666666666663,0.0,-0.995542
0.375,0.3020833333333333,0.0,-0.994805
0.375,0.3125,0.0,-0.994594
0.375,0.32291666666666663,0.0,-0.993757
0.375,0.3333333333333333,0.0,-0.993585
0.375,0.34375,0.0,-0.99236
0.375,0.35416666666666663,0.0,-0.992193
0.375,0.3645833333333333,0.0,-0.990345
0.375,0.375,0.0,-0.990404
0.375,0.38541666666666663,0.0,-0.988611
0.375,0.3958333333333333,0.0,-0.987592
0.375,0.40625,0.0,-0.985875
0.375,0.41666666666666663,0.0,-0.983952
0.375,0.4270833333333333,0.0,-0.98194
0.375,0.4375,0.0,-0.979895
0.375,0.44791666666666663,0.0,-0.977432
0.375,0.4583333333333333,0.0,-0.974597
0.375,0.46875,0.0,-0.971487
0.375,0.47916666666666663,0.0,-0.967861
0.375,0.4895833333333333,0.0,-0.9639
0.375,0.5,0.0,-0.959561
0.4166666666666665,0.0,0.0,-0.999791
0.4166666666666665,0.010416666666666666,0.0,0.0
0.4166666666666665,0.020833333333333332,0.0,-0.999728
0.4166666666666665,0.03125,0.0,0.0
0.4166666666666665,0.041666666666666664,0.0,-0.999662
0.4166666666666665,0.05208333333333333,0.0,0.0
0.4166666666666665,0.0625,0.0,-0.999617
0.4166666666666665,0.07291666666666666,0.0,0.0
0.4166666666666665,0.08333333333333333,0.0,-0.999553
0.4166666666666665,0.09375,0.0,-0.999464
0.4166666666666665,0.10416666666666666,0.0,-0.999424
0.4166666666666665,0.11458333333333333,0.0,-0.999336
0.4166666666666665,0.125,0.0,-0.999279
0.4166666666666665,0.13541666666666666,0.0,-0.999169
0.4166666666666665,0.14583333333333331,0.0,-0.999104
0.4166666666666665,0.15625,0.0,-0.99902
0.4166666666666665,0.16666666666666666,0.0,-0.998907
0.4166666666666665,0.17708333333333331,0.0,-0.998752
0.4166666666666665,0.1875,0.0,-0.998623
0.4166666666666665,0.19791666666666666,0.0,-0.998443
0.4166666666666665,0.20833333333333331,0.0,-0.99882
0.4166666666666665,0.21875,0.0,-0.998139
0.4166666666666665,0.22916666666666666,0.0,-0.998362
0.4166666666666665,0.23958333333333331,0.0,-0.997736
0.4166666666666665,0.25,0.0,-0.997655
0.4166666666666665,0.26041666666666663,0.0,-0.997233
0.4166666666666665,0.2708333333333333,0.0,-0.997258
0.4166666666666665,0.28125,0.0,-0.996826
0.4166666666666665,0.29166666666666663,0.0,-0.996684
0.4166666666666665,0.3020833333333333,0.0,-0.996233
0.4166666666666665,0.3125,0.0,-0.99592
0.4166666666666665,0.32291666666666663,0.0,-0.995389
0.4166666666666665,0.3333333333333333,0.0,-0.995168
0.4166666666666665,0.34375,0.0,-0.994357
0.4166666666666665,0.35416666666666663,0.0,-0.994171
0.4166666666666665,0.3645833333333333,0.0,-0.992862
0.4166666666666665,0.375,0.0,-0.99399
0.4166666666666665,0.38541666666666663,0.0,-0.991693
0.4166666666666665,0.3958333333333333,0.0,-0.991736
0.4166666666666665,0.40625,0.0,-0.989817
0.4166666666666665,0.41666666666666663,0.0,-0.98888
0.4166666666666665,0.4270833333333333,0.0,-0.987892
0.4166666666666665,0.4375,0.0,-0.98676
0.4166666666666665,0.44791666666666663,0.0,-0.985301
0.4166666666666665,0.4583333333333333,0.0,-0.983533
0.4166666666666665,0.46875,0.0,-0.981631
0.4166666666666665,0.47916666666666663,0.0,-0.979215
0.4166666666666665,0.4895833333333333,0.0,-0.976629
0.4166666666666665,0.5,0.0,-0.973899
0.45833333333333326,0.0,0.0,0.0
0.45833333333333326,0.010416666666666666,0.0,0.0
0.45833333333333326,0.020833333333333332,0.0,0.0
0.45833333333333326,0.03125,0.0,0.0
0.45833333333333326,0.041666666666666664,0.0,0.0
0.45833333333333326,0.05208333333333333,0.0,0.0
0.45833333333333326,0.0625,0.0,0.0
0.45833333333333326,0.07291666666666666,0.0,0.0
0.45833333333333326,0.08333333333333333,0.0,0.0
0.45833333333333326,0.09375,0.0,0.0
0.45833333333333326,0.10416666666666666,0.0,0.0
0.45833333333333326,0.11458333333333333,0.0,0.0
0.45833333333333326,0.125,0.0,0.0
0.45833333333333326,0.13541666666666666,0.0,0.0
0.45833333333333326,0.14583333333333331,0.0,0.0
0.45833333333333326,0.15625,0.0,0.0
0.45833333333333326,0.16666666666666666,0.0,0.0
0.45833333333333326,0.17708333333333331,0.0,0.0
0.45833333333333326,0.1875,0.0,0.0
0.45833333333333326,0.19791666666666666,0.0,0.0
0.45833333333333326,0.20833333333333331,0.0,0.0
0.45833333333333326,0.21875,0.0,0.0
0.45833333333333326,0.22916666666666666,0.0,0.0
0.45833333333333326,0.23958333333333331,0.0,0.0
0.45833333333333326,0.25,0.0,0.0
0.45833333333333326,0.26041666666666663,0.0,0.0
0.45833333333333326,0.2708333333333333,0.0,0.0
0.45833333333333326,0.28125,0.0,0.0
0.45833333333333326,0.29166666666666663,0.0,0.0
0.45833333333333326,0.3020833333333333,0.0,0.0
0.45833333333333326,0.3125,0.0,0.0
0.45833333333333326,0.32291666666666663,0.0,0.0
0.45833333333333326,0.3333333333333333,0.0,0.0
0.45833333333333326,0.34375,0.0,0.0
0.45833333333333326,0.35416666666666663,0.0,0.0
0.45833333333333326,0.3645833333333333,0.0,0.0
0.45833333333333326,0.375,0.0,-0.996329
0.45833333333333326,0.38541666666666663,0.0,0.0
0.45833333333333326,0.3958333333333333,0.0,-0.99436
0.45833333333333326,0.40625,0.0,0.0
0.45833333333333326,0.41666666666666663,0.0,-0.991983
0.45833333333333326,0.4270833333333333,0.0,-0.991669
0.45833333333333326,0.4375,0.0,-0.991103
0.45833333333333326,0.44791666666666663,0.0,-0.990272
0.45833333333333326,0.4583333333333333,0.0,-0.989216
0.45833333333333326,0.46875,0.0,-0.988074
0.45833333333333326,0.47916666666666663,0.0,-0.986536
0.45833333333333326,0.4895833333333333,0.0,-0.984858
0.45833333333333326,0.5,0.0,-0.983102
0.5,0.0,0.0,-0.999909
0.5,0.010416666666666666,0.0,0.0
0.5,0.020833333333333332,0.0,-0.999898
0.5,0.03125,0.0,0.0
0.5,0.041666666666666664,0.0,-0.999862
0.5,0.05208333333333333,0.0,0.0
0.5,0.0625,0.0,-0.999828
0.5,0.07291666666666666,0.0,0.0
0.5,0.08333333333333333,0.0,-0.999816
0.5,0.09375,0.0,0.0
0.5,0.10416666666666666,0.0,-0.999736
0.5,0.11458333333333333,0.0,0.0
0.5,0.125,0.0,-0.99968
0.5,0.13541666666666666,0.0,0.0
0.5,0.14583333333333331,0.0,-0.999606
0.5,0.15625,0.0,0.0
0.5,0.16666666666666666,0.0,-0.999514
0.5,0.17708333333333331,0.0,0.0
0.5,0.1875,0.0,-0.999384
0.5,0.19791666666666666,0.0,0.0
0.5,0.20833333333333331,0.0,-0.999209
0.5,0.21875,0.0,0.0
0.5,0.22916666666666666,0.0,-0.999081
0.5,0.23958333333333331,0.0,0.0
0.5,0.25,0.0,-0.998869
0.5,0.26041666666666663,0.0,-0.998759
0.5,0.2708333333333333,0.0,-0.998631
0.5,0.28125,0.0,-0.998454
0.5,0.29166666666666663,0.0,-0.998257
0.5,0.3020833333333333,0.0,-0.998074
0.5,0.3125,0.0,-0.997827
0.5,0.32291666666666663,0.0,-0.99762
0.5,0.3333333333333333,0.0,-0.997333
0.5,0.34375,0.0,-0.997064
0.5,0.35416666666666663,0.0,-0.996758
0.5,0.3645833333333333,0.0,-0.996261
0.5,0.375,0.0,-0.997689
0.5,0.38541666666666663,0.0,-0.995612
0.5,0.3958333333333333,0.0,-0.99607
0.5,0.40625,0.0,-0.994606
0.5,0.41666666666666663,0.0,-0.994297
0.5,0.4270833333333333,0.0,-0.994177
0.5,0.4375,0.0,-0.993902
0.5,0.44791666666666663,0.0,-0.993449
0.5,0.4583333333333333,0.0,-0.992833
0.5,0.46875,0.0,-0.992121
0.5,0.47916666666666663,0.0,-0.991201
0.5,0.4895833333333333,0.0,-0.990116
0.5,0.5,0.0,-0.988927
0.5416666666666665,0.0,0.0,0.0
0.5416666666666665,0.010416666666666666,0.0,0.0
0.5416666666666665,0.020833333333333332,0.0,0.0
0.5416666666666665,0.03125,0.0,0.0
0.5416666666666665,0.041666666666666664,0.0,0.0
0.5416666666666665,0.05208333333333333,0.0,0.0
0.5416666666666665,0.0625,0.0,0.0
0.5416666666666665,0.07291666666666666,0.0,0.0
0.5416666666666665,0.08333333333333333,0.0,0.0
0.5416666666666665,0.09375,0.0,0.0
0.5416666666666665,0.10416666666666666,0.0,0.0
0.5416666666666665,0.11458333333333333,0.0,0.0
0.5416666666666665,0.125,0.0,0.0
0.5416666666666665,0.13541666666666666,0.0,0.0
0.5416666666666665,0.14583333333333331,0.0,0.0
0.5416666666666665,0.15625,0.0,0.0
0.5416666666666665,0.16666666666666666,0.0,0.0
0.5416666666666665,0.17708333333333331,0.0,0.0
0.5416666666666665,0.1875,0.0,0.0
0.5416666666666665,0.19791666666666666,0.0,0.0
0.5416666666666665,0.20833333333333331,0.0,0.0
0.5416666666666665,0.21875,0.0,0.0
0.5416666666666665,0.22916666666666666,0.0,0.0
0.5416666666666665,0.23958333333333331,0.0,0.0
0.5416666666666665,0.25,0.0,0.0
0.5416666666666665,0.26041666666666663,0.0,0.0
0.5416666666666665,0.2708333333333333,0.0,0.0
0.5416666666666665,0.28125,0.0,0.0
0.5416666666666665,0.29166666666666663,0.0,0.0
0.5416666666666665,0.3020833333333333,0.0,0.0
0.5416666666666665,0.3125,0.0,0.0
0.5416666666666665,0.32291666666666663,0.0,0.0
0.5416666666666665,0.3333333333333333,0.0,0.0
0.5416666666666665,0.34375,0.0,0.0
0.5416666666666665,0.35416666666666663,0.0,0.0
0.5416666666666665,0.3645833333333333,0.0,0.0
0.5416666666666665,0.375,0.0,-0.998397
0.5416666666666665,0.38541666666666663,0.0,0.0
0.5416666666666665,0.3958333333333333,0.0,-0.997221
0.5416666666666665,0.40625,0.0,0.0
0.5416666666666665,0.41666666666666663,0.0,-0.996096
0.5416666666666665,0.4270833333333333,0.0,-0.995948
0.5416666666666665,0.4375,0.0,-0.995763
0.5416666666666665,0.44791666666666663,0.0,-0.995515
0.5416666666666665,0.4583333333333333,0.0,-0.995119
0.5416666666666665,0.46875,0.0,-0.994635
0.5416666666666665,0.47916666666666663,0.0,-0.994086
0.5416666666666665,0.4895833333333333,0.0,-0.993378
0.5416666666666665,0.5,0.0,-0.992541
0.5833333333333333,0.0,0.0,-0.999961
0.5833333333333333,0.010416666666666666,0.0,0.0
0.5833333333333333,0.020833333333333332,0.0,-0.999983
0.5833333333333333,0.03125,0.0,0.0
0.5833333333333333,0.041666666666666664,0.0,-0.99994
0.5833333333333333,0.05208333333333333,0.0,0.0
0.5833333333333333,0.0625,0.0,-0.999927
0.5833333333333333,0.07291666666666666,0.0,0.0
0.5833333333333333,0.08333333333333333,0.0,-0.999946
0.5833333333333333,0.09375,0.0,0.0
0.5833333333333333,0.10416666666666666,0.0,-0.999888
0.5833333333333333,0.11458333333333333,0.0,0.0
0.5833333333333333,0.125,0.0,-0.999861
0.5833333333333333,0.13541666666666666,0.0,0.0
0.5833333333333333,0.14583333333333331,0.0,-0.99983
0.5833333333333333,0.15625,0.0,0.0
0.5833333333333333,0.16666666666666666,0.0,-0.999791
0.5833333333333333,0.17708333333333331,0.0,0.0
0.5833333333333333,0.1875,0.0,-0.999746
0.5833333333333333,0.19791666666666666,0.0,0.0
0.5833333333333333,0.20833333333333331,0.0,-0.999692
0.5833333333333333,0.21875,0.0,0.0
0.5833333333333333,0.22916666666666666,0.0,-0.999607
0.5833333333333333,0.23958333333333331,0.0,0.0
0.5833333333333333,0.25,0.0,-0.999521
0.5833333333333333,0.26041666666666663,0.0,-0.999463
0.5833333333333333,0.2708333333333333,0.0,-0.999431
0.5833333333333333,0.28125,0.0,-0.999347
0.5833333333333333,0.29166666666666663,0.0,-0.999278
0.5833333333333333,0.3020833333333333,0.0,-0.999194
0.5833333333333333,0.3125,0.0,-0.999113
0.5833333333333333,0.32291666666666663,0.0,-0.998999
0.5833333333333333,0.3333333333333333,0.0,-0.998909
0.5833333333333333,0.34375,0.0,-0.998784
0.5833333333333333,0.35416666666666663,0.0,-0.99866
0.5833333333333333,0.3645833333333333,0.0,-0.998525
0.5833333333333333,0.375,0.0,-0.998712
0.5833333333333333,0.38541666666666663,0.0,-0.998179
0.5833333333333333,0.3958333333333333,0.0,-0.998047
0.5833333333333333,0.40625,0.0,-0.997705
0.5833333333333333,0.41666666666666663,0.0,-0.997414
0.5833333333333333,0.4270833333333333,0.0,-0.997226
0.5833333333333333,0.4375,0.0,-0.997031
0.5833333333333333,0.44791666666666663,0.0,-0.996838
0.5833333333333333,0.4583333333333333,0.0,-0.996526
0.5833333333333333,0.46875,0.0,-0.996162
0.5833333333333333,0.47916666666666663,0.0,-0.995784
0.5833333333333333,0.4895833333333333,0.0,-0.9953
0.5833333333333333,0.5,0.0,-0.994721
0.625,0.0,0.0,0.0
0.625,0.010416666666666666,0.0,0.0
0.625,0.020833333333333332,0.0,0.0
0.625,0.03125,0.0,0.0
0.625,0.041666666666666664,0.0,0.0
0.625,0.05208333333333333,0.0,0.0
0.625,0.0625,0.0,0.0
0.625,0.07291666666666666,0.0,0.0
0.625,0.08333333333333333,0.0,0.0
0.625,0.09375,0.0,0.0
0.625,0.10416666666666666,0.0,0.0
0.625,0.11458333333333333,0.0,0.0
0.625,0.125,0.0,0.0
0.625,0.13541666666666666,0.0,0.0
0.625,0.14583333333333331,0.0,0.0
0.625,0.15625,0.0,0.0
0.625,0.16666666666666666,0.0,0.0
0.625,0.17708333333333331,0.0,0.0
0.625,0.1875,0.0,0.0
0.625,0.19791666666666666,0.0,0.0
0.625,0.20833333333333331,0.0,0.0
0.625,0.21875,0.0,0.0
0.625,0.22916666666666666,0.0,0.0
0.625,0.23958333333333331,0.0,0.0
0.625,0.25,0.0,0.0
0.625,0.26041666666666663,0.0,0.0
0.625,0.2708333333333333,0.0,0.0
0.625,0.28125,0.0,0.0
0.625,0.29166666666666663,0.0,0.0
0.625,0.3020833333333333,0.0,0.0
0.625,0.3125,0.0,0.0
0.625,0.32291666666666663,0.0,0.0
0.625,0.3333333333333333,0.0,0.0
0.625,0.34375,0.0,0.0
0.625,0.35416666666666663,0.0,0.0
0.625,0.3645833333333333,0.0,0.0
0.625,0.375,0.0,0.0
0.625,0.38541666666666663,0.0,0.0
0.625,0.3958333333333333,0.0,0.0
0.625,0.40625,0.0,0.0
0.625,0.41666666666666663,0.0,0.0
0.625,0.4270833333333333,0.0,0.0
0.625,0.4375,0.0,0.0
0.625,0.44791666666666663,0.0,0.0
0.625,0.4583333333333333,0.0,0.0
0.625,0.46875,0.0,0.0
0.625,0.47916666666666663,0.0,0.0
0.625,0.4895833333333333,0.0,0.0
0.625,0.5,0.0,0.0
0.6666666666666665,0.0,0.0,-0.999983
0.6666666666666665,0.010416666666666666,0.0,0.0
0.6666666666666665,0.020833333333333332,0.0,-1.00002
0.6666666666666665,0.03125,0.0,0.0
0.6666666666666665,0.041666666666666664,0.0,-0.999969
0.6666666666666665,0.05208333333333333,0.0,0.0
0.6666666666666665,0.0625,0.0,-0.999968
0.6666666666666665,0.07291666666666666,0.0,0.0
0.6666666666666665,0.08333333333333333,0.0,-0.999971
0.6666666666666665,0.09375,0.0,0.0
0.6666666666666665,0.10416666666666666,0.0,-0.99995
0.6666666666666665,0.11458333333333333,0.0,0.0
0.6666666666666665,0.125,0.0,-0.999938
0.6666666666666665,0.13541666666666666,0.0,0.0
0.6666666666666665,0.14583333333333331,0.0,-0.999926
0.6666666666666665,0.15625,0.0,0.0
0.6666666666666665,0.16666666666666666,0.0,-0.999909
0.6666666666666665,0.17708333333333331,0.0,0.0
0.6666666666666665,0.1875,0.0,-0.999898
0.6666666666666665,0.19791666666666666,0.0,0.0
0.6666666666666665,0.20833333333333331,0.0,-0.999859
0.6666666666666665,0.21875,0.0,0.0
0.6666666666666665,0.22916666666666666,0.0,-0.999792
0.6666666666666665,0.23958333333333331,0.0,0.0
0.6666666666666665,0.25,0.0,-0.99979
0.6666666666666665,0.26041666666666663,0.0,0.0
0.6666666666666665,0.2708333333333333,0.0,-0.999723
0.6666666666666665,0.28125,0.0,0.0
0.6666666666666665,0.29166666666666663,0.0,-0.99968
0.6666666666666665,0.3020833333333333,0.0,0.0
0.6666666666666665,0.3125,0.0,-0.999615
0.6666666666666665,0.32291666666666663,0.0,0.0
0.6666666666666665,0.3333333333333333,0.0,-0.999512
0.6666666666666665,0.34375,0.0,0.0
0.6666666666666665,0.35416666666666663,0.0,-0.9994
0.6666666666666665,0.3645833333333333,0.0,0.0
0.6666666666666665,0.375,0.0,-0.999223
0.6666666666666665,0.38541666666666663,0.0,0.0
0.6666666666666665,0.3958333333333333,0.0,-0.999088
0.6666666666666665,0.40625,0.0,0.0
0.6666666666666665,0.41666666666666663,0.0,-0.998895
0.6666666666666665,0.4270833333333333,0.0,-0.998767
0.6666666666666665,0.4375,0.0,-0.998614
0.6666666666666665,0.44791666666666663,0.0,-0.998488
0.6666666666666665,0.4583333333333333,0.0,-0.998278
0.6666666666666665,0.46875,0.0,-0.998081
0.6666666666666665,0.47916666666666663,0.0,-0.997873
0.6666666666666665,0.4895833333333333,0.0,-0.997632
0.6666666666666665,0.5,0.0,-0.997377
0.7083333333333333,0.0,0.0,0.0
0.7083333333333333,0.010416666666666666,0.0,0.0
0.7083333333333333,0.020833333333333332,0.0,0.0
0.7083333333333333,0.03125,0.0,0.0
0.7083333333333333,0.041666666666666664,0.0,0.0
0.7083333333333333,0.05208333333333333,0.0,0.0
0.7083333333333333,0.0625,0.0,0.0
0.7083333333333333,0.07291666666666666,0.0,0.0
0.7083333333333333,0.08333333333333333,0.0,0.0
0.7083333333333333,0.09375,0.0,0.0
0.7083333333333333,0.10416666666666666,0.0,0.0
0.7083333333333333,0.11458333333333333,0.0,0.0
0.7083333333333333,0.125,0.0,0.0
0.7083333333333333,0.13541666666666666,0.0,0.0
0.7083333333333333,0.14583333333333331,0.0,0.0
0.7083333333333333,0.15625,0.0,0.0
0.7083333333333333,0.16666666666666666,0.0,0.0
0.7083333333333333,0.17708333333333331,0.0,0.0
0.7083333333333333,0.1875,0.0,0.0
0.7083333333333333,0.19791666666666666,0.0,0.0
0.7083333333333333,0.20833333333333331,0.0,0.0
0.7083333333333333,0.21875,0.0,0.0
0.7083333333333333,0.22916666666666666,0.0,0.0
0.7083333333333333,0.23958333333333331,0.0,0.0
0.7083333333333333,0.25,0.0,0.0
0.7083333333333333,0.26041666666666663,0.0,0.0
0.7083333333333333,0.2708333333333333,0.0,0.0
0.7083333333333333,0.28125,0.0,0.0
0.7083333333333333,0.29166666666666663,0.0,0.0
0.7083333333333333,0.3020833333333333,0.0,0.0
0.7083333333333333,0.3125,0.0,0.0
0.7083333333333333,0.32291666666666663,0.0,0.0
0.7083333333333333,0.3333333333333333,0.0,0.0
0.7083333333333333,0.34375,0.0,0.0
0.7083333333333333,0.35416666666666663,0.0,0.0
0.7083333333333333,0.3645833333333333,0.0,0.0
0.7083333333333333,0.375,0.0,0.0
0.7083333333333333,0.38541666666666663,0.0,0.0
0.7083333333333333,0.3958333333333333,0.0,0.0
0.7083333333333333,0.40625,0.0,0.0
0.7083333333333333,0.41666666666666663,0.0,0.0
0.7083333333333333,0.4270833333333333,0.0,0.0
0.7083333333333333,0.4375,0.0,0.0
0.7083333333333333,0.44791666666666663,0.0,0.0
0.7083333333333333,0.4583333333333333,0.0,0.0
0.7083333333333333,0.46875,0.0,0.0
0.7083333333333333,0.47916666666666663,0.0,0.0
0.7083333333333333,0.4895833333333333,0.0,0.0
0.7083333333333333,0.5,0.0,0.0
0.75,0.0,0.0,-0.999993
0.75,0.010416666666666666,0.0,0.0
0.75,0.020833333333333332,0.0,-0.999999
0.75,0.03125,0.0,0.0
0.75,0.041666666666666664,0.0,-0.99999
0.75,0.05208333333333333,0.0,0.0
0.75,0.0625,0.0,-0.999985
0.75,0.07291666666666666,0.0,0.0
0.75,0.08333333333333333,0.0,-0.999956
0.75,0.09375,0.0,0.0
0.75,0.10416666666666666,0.0,-0.999979
0.75,0.11458333333333333,0.0,0.0
0.75,0.125,0.0,-0.999968
0.75,0.13541666666666666,0.0,0.0
0.75,0.14583333333333331,0.0,-0.999968
0.75,0.15625,0.0,0.0
0.75,0.16666666666666666,0.0,-0.999957
0.75,0.17708333333333331,0.0,0.0
0.75,0.1875,0.0,-0.99996
0.75,0.19791666666666666,0.0,0.0
0.75,0.20833333333333331,0.0,-0.999939
0.75,0.21875,0.0,0.0
0.75,0.22916666666666666,0.0,-0.999895
0.75,0.23958333333333331,0.0,0.0
0.75,0.25,0.0,-0.999908
0.75,0.26041666666666663,0.0,0.0
0.75,0.2708333333333333,0.0,-0.99985
0.75,0.28125,0.0,0.0
0.75,0.29166666666666663,0.0,-0.999863
0.75,0.3020833333333333,0.0,0.0
0.75,0.3125,0.0,-0.99984
0.75,0.32291666666666663,0.0,0.0
0.75,0.3333333333333333,0.0,-0.999791
0.75,0.34375,0.0,0.0
0.75,0.35416666666666663,0.0,-0.999742
0.75,0.3645833333333333,0.0,0.0
0.75,0.375,0.0,-0.99969
0.75,0.38541666666666663,0.0,0.0
0.75,0.3958333333333333,0.0,-0.999608
0.75,0.40625,0.0,0.0
0.75,0.41666666666666663,0.0,-0.999516
0.75,0.4270833333333333,0.0,-0.999465
0.75,0.4375,0.0,-0.999405
0.75,0.44791666666666663,0.0,-0.99937
0.75,0.4583333333333333,0.0,-0.999278
0.75,0.46875,0.0,-0.999195
0.75,0.47916666666666663,0.0,-0.999111
0.75,0.4895833333333333,0.0,-0.999004
0.75,0.5,0.0,-0.998896
0.7916666666666665,0.0,0.0,0.0
0.7916666666666665,0.010416666666666666,0.0,0.0
0.7916666666666665,0.020833333333333332,0.0,0.0
0.7916666666666665,0.03125,0.0,0.0
0.7916666666666665,0.041666666666666664,0.0,0.0
0.7916666666666665,0.05208333333333333,0.0,0.0
0.7916666666666665,0.0625,0.0,0.0
0.7916666666666665,0.07291666666666666,0.0,0.0
0.7916666666666665,0.08333333333333333,0.0,0.0
0.7916666666666665,0.09375,0.0,0.0
0.7916666666666665,0.10416666666666666,0.0,0.0
0.7916666666666665,0.11458333333333333,0.0,0.0
0.7916666666666665,0.125,0.0,0.0
0.7916666666666665,0.13541666666666666,0.0,0.0
0.7916666666666665,0.14583333333333331,0.0,0.0
0.7916666666666665,0.15625,0.0,0.0
0.7916666666666665,0.16666666666666666,0.0,0.0
0.7916666666666665,0.17708333333333331,0.0,0.0
0.7916666666666665,0.1875,0.0,0.0
0.7916666666666665,0.19791666666666666,0.0,0.0
0.7916666666666665,0.20833333333333331,0.0,0.0
0.7916666666666665,0.21875,0.0,0.0
0.7916666666666665,0.22916666666666666,0.0,0.0
0.7916666666666665,0.23958333333333331,0.0,0.0
0.7916666666666665,0.25,0.0,0.0
0.7916666666666665,0.26041666666666663,0.0,0.0
0.7916666666666665,0.2708333333333333,0.0,0.0
0.7916666666666665,0.28125,0.0,0.0
0.7916666666666665,0.29166666666666663,0.0,0.0
0.7916666666666665,0.3020833333333333,0.0,0.0
0.7916666666666665,0.3125,0.0,0.0
0.7916666666666665,0.32291666666666663,0.0,0.0
0.7916666666666665,0.3333333333333333,0.0,0.0
0.7916666666666665,0.34375,0.0,0.0
0.7916666666666665,0.35416666666666663,0.0,0.0
0.7916666666666665,0.3645833333333333,0.0,0.0
0.7916666666666665,0.375,0.0,0.0
0.7916666666666665,0.38541666666666663,0.0,0.0
0.7916666666666665,0.3958333333333333,0.0,0.0
0.7916666666666665,0.40625,0.0,0.0
0.7916666666666665,0.41666666666666663,0.0,0.0
0.7916666666666665,0.4270833333333333,0.0,0.0
0.7916666666666665,0.4375,0.0,0.0
0.7916666666666665,0.44791666666666663,0.0,0.0
0.7916666666666665,0.4583333333333333,0.0,0.0
0.7916666666666665,0.46875,0.0,0.0
0.7916666666666665,0.47916666666666663,0.0,0.0
0.7916666666666665,0.4895833333333333,0.0,0.0
0.7916666666666665,0.5,0.0,0.0
0.8333333333333333,0.0,0.0,-0.999997
0.8333333333333333,0.010416666666666666,0.0,0.0
0.8333333333333333,0.020833333333333332,0.0,-0.999983
0.8333333333333333,0.03125,0.0,0.0
0.8333333333333333,0.041666666666666664,0.0,-0.999992
0.8333333333333333,0.05208333333333333,0.0,0.0
0.8333333333333333,0.0625,0.0,-0.999994
0.8333333333333333,0.07291666666666666,0.0,0.0
0.8333333333333333,0.08333333333333333,0.0,-0.999962
0.8333333333333333,0.09375,0.0,0.0
0.8333333333333333,0.10416666666666666,0.0,-0.999991
0.8333333333333333,0.11458333333333333,0.0,0.0
0.8333333333333333,0.125,0.0,-0.999983
0.8333333333333333,0.13541666666666666,0.0,0.0
0.8333333333333333,0.14583333333333331,0.0,-0.999987
0.8333333333333333,0.15625,0.0,0.0
0.8333333333333333,0.16666666666666666,0.0,-0.999984
0.8333333333333333,0.17708333333333331,0.0,0.0
0.8333333333333333,0.1875,0.0,-0.999983
0.8333333333333333,0.19791666666666666,0.0,0.0
0.8333333333333333,0.20833333333333331,0.0,-0.999974
0.8333333333333333,0.21875,0.0,0.0
0.8333333333333333,0.22916666666666666,0.0,-0.999956
0.8333333333333333,0.23958333333333331,0.0,0.0
0.8333333333333333,0.25,0.0,-0.999961
0.8333333333333333,0.26041666666666663,0.0,0.0
0.8333333333333333,0.2708333333333333,0.0,-0.999927
0.8333333333333333,0.28125,0.0,0.0
0.8333333333333333,0.29166666666666663,0.0,-0.999941
0.8333333333333333,0.3020833333333333,0.0,0.0
0.8333333333333333,0.3125,0.0,-0.999932
0.8333333333333333,0.32291666666666663,0.0,0.0
0.8333333333333333,0.3333333333333333,0.0,-0.999909
0.8333333333333333,0.34375,0.0,0.0
0.8333333333333333,0.35416666666666663,0.0,-0.999888
0.8333333333333333,0.3645833333333333,0.0,0.0
0.8333333333333333,0.375,0.0,-0.999862
0.8333333333333333,0.38541666666666663,0.0,0.0
0.8333333333333333,0.3958333333333333,0.0,-0.999832
0.8333333333333333,0.40625,0.0,0.0
0.8333333333333333,0.41666666666666663,0.0,-0.999792
0.8333333333333333,0.4270833333333333,0.0,0.0
0.8333333333333333,0.4375,0.0,-0.999741
0.8333333333333333,0.44791666666666663,0.0,0.0
0.8333333333333333,0.4583333333333333,0.0,-0.999683
0.8333333333333333,0.46875,0.0,0.0
0.8333333333333333,0.47916666666666663,0.0,-0.99961
0.8333333333333333,0.4895833333333333,0.0,0.0
0.8333333333333333,0.5,0.0,-0.999519
0.875,0.0,0.0,0.0
0.875,0.010416666666666666,0.0,0.0
0.875,0.020833333333333332,0.0,0.0
0.875,0.03125,0.0,0.0
0.875,0.041666666666666664,0.0,0.0
0.875,0.05208333333333333,0.0,0.0
0.875,0.0625,0.0,0.0
0.875,0.07291666666666666,0.0,0.0
0.875,0.08333333333333333,0.0,0.0
0.875,0.09375,0.0,0.0
0.875,0.10416666666666666,0.0,0.0
0.875,0.11458333333333333,0.0,0.0
0.875,0.125,0.0,0.0
0.875,0.13541666666666666,0.0,0.0
0.875,0.14583333333333331,0.0,0.0
0.875,0.15625,0.0,0.0
0.875,0.16666666666666666,0.0,0.0
0.875,0.17708333333333331,0.0,0.0
0.875,0.1875,0.0,0.0
0.875,0.19791666666666666,0.0,0.0
0.875,0.20833333333333331,0.0,0.0
0.875,0.21875,0.0,0.0
0.875,0.22916666666666666,0.0,0.0
0.875,0.23958333333333331,0.0,0.0
0.875,0.25,0.0,0.0
0.875,0.26041666666666663,0.0,0.0
0.875,0.2708333333333333,0.0,0.0
0.875,0.28125,0.0,0.0
0.875,0.29166666666666663,0.0,0.0
0.875,0.3020833333333333,0.0,0.0
0.875,0.3125,0.0,0.0
0.875,0.32291666666666663,0.0,0.0
0.875,0.3333333333333333,0.0,0.0
0.875,0.34375,0.0,0.0
0.875,0.35416666666666663,0.0,0.0
0.875,0.3645833333333333,0.0,0.0
0.875,0.375,0.0,0.0
0.875,0.38541666666666663,0.0,0.0
0.875,0.3958333333333333,0.0,0.0
0.875,0.40625,0.0,0.0
0.875,0.41666666666666663,0.0,0.0
0.875,0.4270833333333333,0.0,0.0
0.875,0.4375,0.0,0.0
0.875,0.44791666666666663,0.0,0.0
0.875,0.4583333333333333,0.0,0.0
0.875,0.46875,0.0,0.0
0.875,0.47916666666666663,0.0,0.0
0.875,0.4895833333333333,0.0,0.0
0.875,0.5,0.0,0.0
0.9166666666666665,0.0,0.0,-0.999999
0.9166666666666665,0.010416666666666666,0.0,0.0
0.9166666666666665,0.020833333333333332,0.0,-0.999882
0.9166666666666665,0.03125,0.0,0.0
0.9166666666666665,0.041666666666666664,0.0,-1.0
0.9166666666666665,0.05208333333333333,0.0,0.0
0.9166666666666665,0.0625,0.0,-0.999994
0.9166666666666665,0.07291666666666666,0.0,0.0
0.9166666666666665,0.08333333333333333,0.0,-0.999934
0.9166666666666665,0.09375,0.0,0.0
0.9166666666666665,0.10416666666666666,0.0,-0.999998
0.9166666666666665,0.11458333333333333,0.0,0.0
0.9166666666666665,0.125,0.0,-0.999966
0.9166666666666665,0.13541666666666666,0.0,0.0
0.9166666666666665,0.14583333333333331,0.0,-0.999993
0.9166666666666665,0.15625,0.0,0.0
0.9166666666666665,0.16666666666666666,0.0,-0.999993
0.9166666666666665,0.17708333333333331,0.0,0.0
0.9166666666666665,0.1875,0.0,-0.999998
0.9166666666666665,0.19791666666666666,0.0,0.0
0.9166666666666665,0.20833333333333331,0.0,-0.999989
0.9166666666666665,0.21875,0.0,0.0
0.9166666666666665,0.22916666666666666,0.0,-1.0
0.9166666666666665,0.23958333333333331,0.0,0.0
0.9166666666666665,0.25,0.0,-0.999981
0.9166666666666665,0.26041666666666663,0.0,0.0
0.9166666666666665,0.2708333333333333,0.0,-0.99996
0.9166666666666665,0.28125,0.0,0.0
0.9166666666666665,0.29166666666666663,0.0,-0.999975
0.9166666666666665,0.3020833333333333,0.0,0.0
0.9166666666666665,0.3125,0.0,-0.999977
0.9166666666666665,0.32291666666666663,0.0,0.0
0.9166666666666665,0.3333333333333333,0.0,-0.99996
0.9166666666666665,0.34375,0.0,0.0
0.9166666666666665,0.35416666666666663,0.0,-0.999949
0.9166666666666665,0.3645833333333333,0.0,0.0
0.9166666666666665,0.375,0.0,-0.999935
0.9166666666666665,0.38541666666666663,0.0,0.0
0.9166666666666665,0.3958333333333333,0.0,-0.99992
0.9166666666666665,0.40625,0.0,0.0
0.9166666666666665,0.41666666666666663,0.0,-0.999894
0.9166666666666665,0.4270833333333333,0.0,0.0
0.9166666666666665,0.4375,0.0,-0.999887
0.9166666666666665,0.44791666666666663,0.0,0.0
0.9166666666666665,0.4583333333333333,0.0,-0.999861
0.9166666666666665,0.46875,0.0,0.0
0.9166666666666665,0.47916666666666663,0.0,-0.999828
0.9166666666666665,0.4895833333333333,0.0,0.0
0.9166666666666665,0.5,0.0,-0.999792
0.9583333333333333,0.0,0.0,0.0
0.9583333333333333,0.010416666666666666,0.0,0.0
0.9583333333333333,0.020833333333333332,0.0,0.0
0.9583333333333333,0.03125,0.0,0.0
0.9583333333333333,0.041666666666666664,0.0,0.0
0.9583333333333333,0.05208333333333333,0.0,0.0
0.9583333333333333,0.0625,0.0,0.0
0.9583333333333333,0.07291666666666666,0.0,0.0
0.9583333333333333,0.08333333333333333,0.0,0.0
0.9583333333333333,0.09375,0.0,0.0
0.9583333333333333,0.10416666666666666,0.0,0.0
0.9583333333333333,0.11458333333333333,0.0,0.0
0.9583333333333333,0.125,0.0,0.0
0.9583333333333333,0.13541666666666666,0.0,0.0
0.9583333333333333,0.14583333333333331,0.0,0.0
0.9583333333333333,0.15625,0.0,0.0
0.9583333333333333,0.16666666666666666,0.0,0.0
0.9583333333333333,0.17708333333333331,0.0,0.0
0.9583333333333333,0.1875,0.0,0.0
0.9583333333333333,0.19791666666666666,0.0,0.0
0.9583333333333333,0.20833333333333331,0.0,0.0
0.9583333333333333,0.21875,0.0,0.0
0.9583333333333333,0.22916666666666666,0.0,0.0
0.9583333333333333,0.23958333333333331,0.0,0.0
0.9583333333333333,0.25,0.0,0.0
0.9583333333333333,0.26041666666666663,0.0,0.0
0.9583333333333333,0.2708333333333333,0.0,0.0
0.9583333333333333,0.28125,0.0,0.0
0.9583333333333333,0.29166666666666663,0.0,0.0
0.9583333333333333,0.3020833333333333,0.0,0.0
0.9583333333333333,0.3125,0.0,0.0
0.9583333333333333,0.32291666666666663,0.0,0.0
0.9583333333333333,0.3333333333333333,0.0,0.0
0.9583333333333333,0.34375,0.0,0.0
0.9583333333333333,0.35416666666666663,0.0,0.0
0.9583333333333333,0.3645833333333333,0.0,0.0
0.9583333333333333,0.375,0.0,0.0
0.9583333333333333,0.38541666666666663,0.0,0.0
0.9583333333333333,0.3958333333333333,0.0,0.0
0.9583333333333333,0.40625,0.0,0.0
0.9583333333333333,0.41666666666666663,0.0,0.0
0.9583333333333333,0.4270833333333333,0.0,0.0
0.9583333333333333,0.4375,0.0,0.0
0.9583333333333333,0.44791666666666663,0.0,0.0
0.9583333333333333,0.4583333333333333,0.0,0.0
0.9583333333333333,0.46875,0.0,0.0
0.9583333333333333,0.47916666666666663,0.0,0.0
0.9583333333333333,0.4895833333333333,0.0,0.0
0.9583333333333333,0.5,0.0,0.0
1.0,0.0,0.0,-0.999999
1.0,0.010416666666666666,0.0,0.0
1.0,0.020833333333333332,0.0,-0.999999
1.0,0.03125,0.0,0.0
1.0,0.041666666666666664,0.0,-0.999999
1.0,0.05208333333333333,0.0,0.0
1.0,0.0625,0.0,-0.999999
1.0,0.07291666666666666,0.0,0.0
1.0,0.08333333333333333,0.0,-0.999999
1.0,0.09375,0.0,0.0
1.0,0.10416666666666666,0.0,-0.999998
1.0,0.11458333333333333,0.0,0.0
1.0,0.125,0.0,-0.999998
1.0,0.13541666666666666,0.0,0.0
1.0,0.14583333333333331,0.0,-0.999997
1.0,0.15625,0.0,0.0
1.0,0.16666666666666666,0.0,-0.999997
1.0,0.17708333333333331,0.0,0.0
1.0,0.1875,0.0,-0.999996
1.0,0.19791666666666666,0.0,0.0
1.0,0.20833333333333331,0.0,-0.999995
1.0,0.21875,0.0,0.0
1.0,0.22916666666666666,0.0,-0.999994
1.0,0.23958333333333331,0.0,0.0
1.0,0.25,0.0,-0.999993
1.0,0.26041666666666663,0.0,0.0
1.0,0.2708333333333333,0.0,-0.999991
1.0,0.28125,0.0,0.0
1.0,0.29166666666666663,0.0,-0.999989
1.0,0.3020833333333333,0.0,0.0
1.0,0.3125,0.0,-0.999986
1.0,0.32291666666666663,0.0,0.0
1.0,0.3333333333333333,0.0,-0.999983
1.0,0.34375,0.0,0.0
1.0,0.35416666666666663,0.0,-0.999979
1.0,0.3645833333333333,0.0,0.0
1.0,0.375,0.0,-0.999974
1.0,0.38541666666666663,0.0,0.0
1.0,0.3958333333333333,0.0,-0.999968
1.0,0.40625,0.0,0.0
1.0,0.41666666666666663,0.0,-0.999961
1.0,0.4270833333333333,0.0,0.0
1.0,0.4375,0.0,-0.999951
1.0,0.44791666666666663,0.0,0.0
1.0,0.4583333333333333,0.0,-0.99994
1.0,0.46875,0.0,0.0
1.0,0.47916666666666663,0.0,-0.999926
1.0,0.4895833333333333,0.0,0.0
1.0,0.5,0.0,-0.999909
